measurement_time,segment,speed_kph,0_5,day_of_week,hour_of_day
2025-05-02 17:48:00+00:00,2462220,109,31,4,17
2025-05-02 17:49:00+00:00,2462220,106,23,4,17
2025-05-02 17:50:00+00:00,2462220,108,23,4,17
2025-05-02 17:51:00+00:00,2462220,106,23,4,17
2025-05-02 17:52:00+00:00,2462220,105,22,4,17
2025-05-02 17:53:00+00:00,2462220,107,25,4,17
2025-05-02 17:54:00+00:00,2462220,105,25,4,17
2025-05-02 17:55:00+00:00,2462220,108,27,4,17
2025-05-02 17:56:00+00:00,2462220,110,26,4,17
2025-05-02 17:57:00+00:00,2462220,109,29,4,17
2025-05-02 17:58:00+00:00,2462220,108,27,4,17
2025-05-02 17:59:00+00:00,2462220,108,28,4,17
2025-05-02 18:00:00+00:00,2462220,107,28,4,18
2025-05-02 18:01:00+00:00,2462220,107,22,4,18
2025-05-02 18:02:00+00:00,2462220,109,18,4,18
2025-05-02 18:03:00+00:00,2462220,114,24,4,18
2025-05-02 18:04:00+00:00,2462220,110,28,4,18
2025-05-02 18:05:00+00:00,2462220,110,27,4,18
2025-05-02 18:06:00+00:00,2462220,110,29,4,18
2025-05-02 18:07:00+00:00,2462220,105,31,4,18
2025-05-02 18:08:00+00:00,2462220,108,24,4,18
2025-05-02 18:09:00+00:00,2462220,106,17,4,18
2025-05-02 18:10:00+00:00,2462220,105,22,4,18
2025-05-02 18:11:00+00:00,2462220,105,24,4,18
2025-05-02 18:12:00+00:00,2462220,107,29,4,18
2025-05-02 18:13:00+00:00,2462220,101,36,4,18
2025-05-02 18:14:00+00:00,2462220,109,35,4,18
2025-05-02 18:15:00+00:00,2462220,110,35,4,18
2025-05-02 18:16:00+00:00,2462220,109,33,4,18
2025-05-02 18:17:00+00:00,2462220,109,33,4,18
2025-05-02 18:18:00+00:00,2462220,111,29,4,18
2025-05-02 18:19:00+00:00,2462220,115,27,4,18
2025-05-02 18:20:00+00:00,2462220,109,29,4,18
2025-05-02 18:21:00+00:00,2462220,112,27,4,18
2025-05-02 18:22:00+00:00,2462220,113,26,4,18
2025-05-02 18:23:00+00:00,2462220,103,27,4,18
2025-05-02 18:24:00+00:00,2462220,109,28,4,18
2025-05-02 18:25:00+00:00,2462220,116,28,4,18
2025-05-02 18:26:00+00:00,2462220,113,26,4,18
2025-05-02 18:27:00+00:00,2462220,111,23,4,18
2025-05-02 18:28:00+00:00,2462220,108,22,4,18
2025-05-02 18:29:00+00:00,2462220,109,22,4,18
2025-05-02 18:30:00+00:00,2462220,105,21,4,18
2025-05-02 18:31:00+00:00,2462220,111,26,4,18
2025-05-02 18:32:00+00:00,2462220,112,21,4,18
2025-05-02 18:33:00+00:00,2462220,114,19,4,18
2025-05-02 18:34:00+00:00,2462220,111,24,4,18
2025-05-02 18:35:00+00:00,2462220,110,26,4,18
2025-05-02 18:36:00+00:00,2462220,106,26,4,18
2025-05-02 18:37:00+00:00,2462220,108,31,4,18
2025-05-02 18:38:00+00:00,2462220,110,30,4,18
2025-05-02 18:39:00+00:00,2462220,104,26,4,18
2025-05-02 18:40:00+00:00,2462220,108,28,4,18
2025-05-02 18:41:00+00:00,2462220,105,25,4,18
2025-05-02 18:42:00+00:00,2462220,107,23,4,18
2025-05-02 18:43:00+00:00,2462220,112,26,4,18
2025-05-02 18:44:00+00:00,2462220,117,25,4,18
2025-05-02 18:45:00+00:00,2462220,116,22,4,18
2025-05-02 18:46:00+00:00,2462220,111,23,4,18
2025-05-02 18:47:00+00:00,2462220,110,23,4,18
2025-05-02 18:48:00+00:00,2462220,108,26,4,18
2025-05-02 18:49:00+00:00,2462220,108,29,4,18
2025-05-02 18:50:00+00:00,2462220,107,32,4,18
2025-05-02 18:51:00+00:00,2462220,109,32,4,18
2025-05-02 18:52:00+00:00,2462220,114,32,4,18
2025-05-02 18:53:00+00:00,2462220,106,34,4,18
2025-05-02 18:54:00+00:00,2462220,105,31,4,18
2025-05-02 18:55:00+00:00,2462220,103,31,4,18
2025-05-02 18:56:00+00:00,2462220,104,32,4,18
2025-05-02 18:57:00+00:00,2462220,105,31,4,18
2025-05-02 18:58:00+00:00,2462220,107,23,4,18
2025-05-02 18:59:00+00:00,2462220,107,29,4,18
2025-05-02 19:00:00+00:00,2462220,104,27,4,19
2025-05-02 19:01:00+00:00,2462220,98,27,4,19
2025-05-02 19:02:00+00:00,2462220,99,25,4,19
2025-05-02 19:03:00+00:00,2462220,106,23,4,19
2025-05-02 19:04:00+00:00,2462220,109,24,4,19
2025-05-02 19:05:00+00:00,2462220,110,21,4,19
2025-05-02 19:06:00+00:00,2462220,106,22,4,19
2025-05-02 19:07:00+00:00,2462220,106,32,4,19
2025-05-02 19:08:00+00:00,2462220,107,27,4,19
2025-05-02 19:09:00+00:00,2462220,105,32,4,19
2025-05-02 19:10:00+00:00,2462220,102,34,4,19
2025-05-02 19:11:00+00:00,2462220,104,33,4,19
2025-05-02 19:12:00+00:00,2462220,109,30,4,19
2025-05-02 19:13:00+00:00,2462220,111,38,4,19
2025-05-02 19:14:00+00:00,2462220,110,34,4,19
2025-05-02 19:15:00+00:00,2462220,116,35,4,19
2025-05-02 19:16:00+00:00,2462220,116,33,4,19
2025-05-02 19:17:00+00:00,2462220,118,29,4,19
2025-05-02 19:18:00+00:00,2462220,113,27,4,19
2025-05-02 19:19:00+00:00,2462220,110,18,4,19
2025-05-02 19:20:00+00:00,2462220,105,21,4,19
2025-05-02 19:21:00+00:00,2462220,104,20,4,19
2025-05-02 19:22:00+00:00,2462220,89,22,4,19
2025-05-02 19:23:00+00:00,2462220,100,26,4,19
2025-05-02 19:24:00+00:00,2462220,103,35,4,19
2025-05-02 19:25:00+00:00,2462220,105,31,4,19
2025-05-02 19:26:00+00:00,2462220,102,35,4,19
2025-05-02 19:27:00+00:00,2462220,103,35,4,19
2025-05-02 19:28:00+00:00,2462220,102,34,4,19
2025-05-02 19:29:00+00:00,2462220,103,29,4,19
2025-05-02 19:30:00+00:00,2462220,106,33,4,19
2025-05-02 19:31:00+00:00,2462220,105,32,4,19
2025-05-02 19:32:00+00:00,2462220,100,36,4,19
2025-05-02 19:33:00+00:00,2462220,97,39,4,19
2025-05-02 19:34:00+00:00,2462220,101,38,4,19
2025-05-02 19:35:00+00:00,2462220,101,33,4,19
2025-05-02 19:36:00+00:00,2462220,100,32,4,19
2025-05-02 19:37:00+00:00,2462220,101,28,4,19
2025-05-02 19:38:00+00:00,2462220,99,30,4,19
2025-05-02 19:39:00+00:00,2462220,100,34,4,19
2025-05-02 19:40:00+00:00,2462220,94,38,4,19
2025-05-02 19:41:00+00:00,2462220,101,38,4,19
2025-05-02 19:42:00+00:00,2462220,102,34,4,19
2025-05-02 19:43:00+00:00,2462220,106,35,4,19
2025-05-02 19:44:00+00:00,2462220,110,41,4,19
2025-05-02 19:45:00+00:00,2462220,112,36,4,19
2025-05-02 19:46:00+00:00,2462220,107,30,4,19
2025-05-02 19:47:00+00:00,2462220,102,35,4,19
2025-05-02 19:48:00+00:00,2462220,99,37,4,19
2025-05-02 19:49:00+00:00,2462220,102,27,4,19
2025-05-02 19:50:00+00:00,2462220,103,31,4,19
2025-05-02 19:51:00+00:00,2462220,102,38,4,19
2025-05-02 19:52:00+00:00,2462220,97,35,4,19
2025-05-02 19:53:00+00:00,2462220,93,31,4,19
2025-05-02 19:54:00+00:00,2462220,83,40,4,19
2025-05-02 19:55:00+00:00,2462220,87,39,4,19
2025-05-02 19:56:00+00:00,2462220,82,40,4,19
2025-05-02 19:57:00+00:00,2462220,90,41,4,19
2025-05-02 19:58:00+00:00,2462220,92,44,4,19
2025-05-02 19:59:00+00:00,2462220,89,37,4,19
2025-05-02 20:00:00+00:00,2462220,86,38,4,20
2025-05-02 20:01:00+00:00,2462220,83,36,4,20
2025-05-02 20:02:00+00:00,2462220,86,36,4,20
2025-05-02 20:03:00+00:00,2462220,97,36,4,20
2025-05-02 20:04:00+00:00,2462220,93,40,4,20
2025-05-02 20:05:00+00:00,2462220,88,37,4,20
2025-05-02 20:06:00+00:00,2462220,89,39,4,20
2025-05-02 20:07:00+00:00,2462220,91,42,4,20
2025-05-02 20:08:00+00:00,2462220,88,35,4,20
2025-05-02 20:09:00+00:00,2462220,85,32,4,20
2025-05-02 20:10:00+00:00,2462220,91,31,4,20
2025-05-02 20:11:00+00:00,2462220,95,27,4,20
2025-05-02 20:12:00+00:00,2462220,94,26,4,20
2025-05-02 20:13:00+00:00,2462220,85,33,4,20
2025-05-02 20:14:00+00:00,2462220,90,34,4,20
2025-05-02 20:15:00+00:00,2462220,92,33,4,20
2025-05-02 20:16:00+00:00,2462220,95,34,4,20
2025-05-02 20:17:00+00:00,2462220,99,34,4,20
2025-05-02 20:18:00+00:00,2462220,92,26,4,20
2025-05-02 20:19:00+00:00,2462220,89,27,4,20
2025-05-02 20:20:00+00:00,2462220,92,28,4,20
2025-05-02 20:21:00+00:00,2462220,93,26,4,20
2025-05-02 20:22:00+00:00,2462220,91,23,4,20
2025-05-02 20:23:00+00:00,2462220,90,21,4,20
2025-05-02 20:24:00+00:00,2462220,92,20,4,20
2025-05-02 20:25:00+00:00,2462220,103,27,4,20
2025-05-02 20:26:00+00:00,2462220,100,24,4,20
2025-05-02 20:27:00+00:00,2462220,95,30,4,20
2025-05-02 20:28:00+00:00,2462220,92,31,4,20
2025-05-02 20:29:00+00:00,2462220,90,31,4,20
2025-05-02 20:30:00+00:00,2462220,97,24,4,20
2025-05-02 20:31:00+00:00,2462220,98,24,4,20
2025-05-02 20:32:00+00:00,2462220,98,21,4,20
2025-05-02 20:33:00+00:00,2462220,100,25,4,20
2025-05-02 20:34:00+00:00,2462220,95,27,4,20
2025-05-02 20:35:00+00:00,2462220,89,28,4,20
2025-05-02 20:36:00+00:00,2462220,88,32,4,20
2025-05-02 20:37:00+00:00,2462220,90,31,4,20
2025-05-02 20:38:00+00:00,2462220,92,30,4,20
2025-05-02 20:39:00+00:00,2462220,97,29,4,20
2025-05-02 20:40:00+00:00,2462220,97,28,4,20
2025-05-02 20:41:00+00:00,2462220,102,27,4,20
2025-05-02 20:42:00+00:00,2462220,98,25,4,20
2025-05-02 20:43:00+00:00,2462220,96,23,4,20
2025-05-02 20:44:00+00:00,2462220,91,22,4,20
2025-05-02 20:45:00+00:00,2462220,91,23,4,20
2025-05-02 20:46:00+00:00,2462220,92,24,4,20
2025-05-02 20:47:00+00:00,2462220,87,29,4,20
2025-05-02 20:48:00+00:00,2462220,88,23,4,20
2025-05-02 20:49:00+00:00,2462220,88,18,4,20
2025-05-02 20:50:00+00:00,2462220,86,12,4,20
2025-05-02 20:51:00+00:00,2462220,75,18,4,20
2025-05-02 20:52:00+00:00,2462220,85,18,4,20
2025-05-02 20:53:00+00:00,2462220,91,28,4,20
2025-05-02 20:54:00+00:00,2462220,93,31,4,20
2025-05-02 20:55:00+00:00,2462220,95,33,4,20
2025-05-02 20:56:00+00:00,2462220,90,28,4,20
2025-05-02 20:57:00+00:00,2462220,93,25,4,20
2025-05-02 20:58:00+00:00,2462220,90,20,4,20
2025-05-02 20:59:00+00:00,2462220,85,19,4,20
2025-05-02 21:00:00+00:00,2462220,89,19,4,21
2025-05-02 21:01:00+00:00,2462220,82,20,4,21
2025-05-02 21:02:00+00:00,2462220,83,19,4,21
2025-05-02 21:03:00+00:00,2462220,85,20,4,21
2025-05-02 21:04:00+00:00,2462220,87,23,4,21
2025-05-02 21:05:00+00:00,2462220,85,24,4,21
2025-05-02 21:06:00+00:00,2462220,88,23,4,21
2025-05-02 21:07:00+00:00,2462220,90,24,4,21
2025-05-02 21:08:00+00:00,2462220,91,24,4,21
2025-05-02 21:09:00+00:00,2462220,87,24,4,21
2025-05-02 21:10:00+00:00,2462220,85,21,4,21
2025-05-02 21:11:00+00:00,2462220,90,20,4,21
2025-05-02 21:12:00+00:00,2462220,92,20,4,21
2025-05-02 21:13:00+00:00,2462220,94,20,4,21
2025-05-02 21:14:00+00:00,2462220,94,23,4,21
2025-05-02 21:15:00+00:00,2462220,94,22,4,21
2025-05-02 21:16:00+00:00,2462220,93,22,4,21
2025-05-02 21:17:00+00:00,2462220,95,24,4,21
2025-05-02 21:18:00+00:00,2462220,97,20,4,21
2025-05-02 21:19:00+00:00,2462220,98,18,4,21
2025-05-02 21:20:00+00:00,2462220,100,22,4,21
2025-05-02 21:21:00+00:00,2462220,101,20,4,21
2025-05-02 21:22:00+00:00,2462220,97,19,4,21
2025-05-02 21:23:00+00:00,2462220,94,24,4,21
2025-05-02 21:24:00+00:00,2462220,95,26,4,21
2025-05-02 21:25:00+00:00,2462220,95,28,4,21
2025-05-02 21:26:00+00:00,2462220,98,31,4,21
2025-05-02 21:27:00+00:00,2462220,95,30,4,21
2025-05-02 21:28:00+00:00,2462220,95,27,4,21
2025-05-02 21:29:00+00:00,2462220,90,23,4,21
2025-05-02 21:30:00+00:00,2462220,90,18,4,21
2025-05-02 21:31:00+00:00,2462220,86,19,4,21
2025-05-02 21:32:00+00:00,2462220,93,20,4,21
2025-05-02 21:33:00+00:00,2462220,88,21,4,21
2025-05-02 21:34:00+00:00,2462220,92,20,4,21
2025-05-02 21:35:00+00:00,2462220,92,24,4,21
2025-05-02 21:36:00+00:00,2462220,97,21,4,21
2025-05-02 21:37:00+00:00,2462220,96,21,4,21
2025-05-02 21:38:00+00:00,2462220,94,19,4,21
2025-05-02 21:39:00+00:00,2462220,95,21,4,21
2025-05-02 21:40:00+00:00,2462220,87,21,4,21
2025-05-02 21:41:00+00:00,2462220,86,19,4,21
2025-05-02 21:42:00+00:00,2462220,91,22,4,21
2025-05-02 21:43:00+00:00,2462220,88,24,4,21
2025-05-02 21:44:00+00:00,2462220,93,23,4,21
2025-05-02 21:45:00+00:00,2462220,85,23,4,21
2025-05-02 21:46:00+00:00,2462220,87,24,4,21
2025-05-02 21:47:00+00:00,2462220,92,22,4,21
2025-05-02 21:48:00+00:00,2462220,93,20,4,21
2025-05-02 21:49:00+00:00,2462220,90,26,4,21
2025-05-02 21:50:00+00:00,2462220,92,25,4,21
2025-05-02 21:51:00+00:00,2462220,92,21,4,21
2025-05-02 21:52:00+00:00,2462220,89,18,4,21
2025-05-02 21:53:00+00:00,2462220,84,16,4,21
2025-05-02 21:54:00+00:00,2462220,88,16,4,21
2025-05-02 21:55:00+00:00,2462220,95,17,4,21
2025-05-02 21:56:00+00:00,2462220,94,20,4,21
2025-05-02 21:57:00+00:00,2462220,92,19,4,21
2025-05-02 21:58:00+00:00,2462220,89,20,4,21
2025-05-02 21:59:00+00:00,2462220,95,18,4,21
2025-05-02 22:00:00+00:00,2462220,90,19,4,22
2025-05-02 22:01:00+00:00,2462220,90,15,4,22
2025-05-02 22:02:00+00:00,2462220,94,18,4,22
2025-05-02 22:03:00+00:00,2462220,95,15,4,22
2025-05-02 22:04:00+00:00,2462220,93,15,4,22
2025-05-02 22:05:00+00:00,2462220,91,12,4,22
2025-05-02 22:06:00+00:00,2462220,87,17,4,22
2025-05-02 22:07:00+00:00,2462220,94,21,4,22
2025-05-02 22:08:00+00:00,2462220,96,18,4,22
2025-05-02 22:09:00+00:00,2462220,95,17,4,22
2025-05-02 22:10:00+00:00,2462220,93,18,4,22
2025-05-02 22:11:00+00:00,2462220,95,14,4,22
2025-05-02 22:12:00+00:00,2462220,98,13,4,22
2025-05-02 22:13:00+00:00,2462220,99,14,4,22
2025-05-02 22:14:00+00:00,2462220,97,12,4,22
2025-05-02 22:15:00+00:00,2462220,97,9,4,22
2025-05-02 22:16:00+00:00,2462220,95,13,4,22
2025-05-02 22:17:00+00:00,2462220,97,8,4,22
2025-05-02 22:18:00+00:00,2462220,95,11,4,22
2025-05-02 22:19:00+00:00,2462220,94,12,4,22
2025-05-02 22:20:00+00:00,2462220,94,13,4,22
2025-05-02 22:21:00+00:00,2462220,92,10,4,22
2025-05-02 22:22:00+00:00,2462220,93,12,4,22
2025-05-02 22:23:00+00:00,2462220,95,8,4,22
2025-05-02 22:24:00+00:00,2462220,95,7,4,22
2025-05-02 22:25:00+00:00,2462220,90,11,4,22
2025-05-02 22:26:00+00:00,2462220,91,13,4,22
2025-05-02 22:27:00+00:00,2462220,92,11,4,22
2025-05-02 22:28:00+00:00,2462220,93,10,4,22
2025-05-02 22:29:00+00:00,2462220,90,16,4,22
2025-05-02 22:30:00+00:00,2462220,93,13,4,22
2025-05-02 22:31:00+00:00,2462220,95,17,4,22
2025-05-02 22:32:00+00:00,2462220,94,21,4,22
2025-05-02 22:33:00+00:00,2462220,94,21,4,22
2025-05-02 22:34:00+00:00,2462220,93,19,4,22
2025-05-02 22:35:00+00:00,2462220,90,19,4,22
2025-05-02 22:36:00+00:00,2462220,92,15,4,22
2025-05-02 22:37:00+00:00,2462220,93,13,4,22
2025-05-02 22:38:00+00:00,2462220,90,13,4,22
2025-05-02 22:39:00+00:00,2462220,90,10,4,22
2025-05-02 22:40:00+00:00,2462220,90,7,4,22
2025-05-02 22:41:00+00:00,2462220,94,7,4,22
2025-05-02 22:42:00+00:00,2462220,94,7,4,22
2025-05-02 22:43:00+00:00,2462220,94,4,4,22
2025-05-02 22:44:00+00:00,2462220,94,4,4,22
2025-05-02 22:45:00+00:00,2462220,93,5,4,22
2025-05-02 22:46:00+00:00,2462220,93,6,4,22
2025-05-02 22:47:00+00:00,2462220,94,9,4,22
2025-05-02 22:48:00+00:00,2462220,99,11,4,22
2025-05-02 22:49:00+00:00,2462220,96,13,4,22
2025-05-02 22:50:00+00:00,2462220,91,16,4,22
2025-05-02 22:51:00+00:00,2462220,90,14,4,22
2025-05-02 22:52:00+00:00,2462220,90,10,4,22
2025-05-02 22:53:00+00:00,2462220,89,11,4,22
2025-05-02 22:54:00+00:00,2462220,91,10,4,22
2025-05-02 22:55:00+00:00,2462220,90,7,4,22
2025-05-02 22:56:00+00:00,2462220,91,11,4,22
2025-05-02 22:57:00+00:00,2462220,92,10,4,22
2025-05-02 22:58:00+00:00,2462220,95,11,4,22
2025-05-02 22:59:00+00:00,2462220,95,10,4,22
2025-05-02 23:00:00+00:00,2462220,93,11,4,23
2025-05-02 23:01:00+00:00,2462220,93,6,4,23
2025-05-02 23:02:00+00:00,2462220,93,6,4,23
2025-05-02 23:03:00+00:00,2462220,93,3,4,23
2025-05-02 23:04:00+00:00,2462220,91,5,4,23
2025-05-02 23:05:00+00:00,2462220,88,6,4,23
2025-05-02 23:06:00+00:00,2462220,83,10,4,23
2025-05-02 23:07:00+00:00,2462220,86,11,4,23
2025-05-02 23:08:00+00:00,2462220,87,13,4,23
2025-05-02 23:09:00+00:00,2462220,86,12,4,23
2025-05-02 23:10:00+00:00,2462220,86,10,4,23
2025-05-02 23:11:00+00:00,2462220,87,7,4,23
2025-05-02 23:12:00+00:00,2462220,87,6,4,23
2025-05-02 23:13:00+00:00,2462220,86,4,4,23
2025-05-02 23:14:00+00:00,2462220,87,4,4,23
2025-05-02 23:15:00+00:00,2462220,90,5,4,23
2025-05-02 23:16:00+00:00,2462220,94,7,4,23
2025-05-02 23:17:00+00:00,2462220,96,12,4,23
2025-05-02 23:18:00+00:00,2462220,99,15,4,23
2025-05-02 23:19:00+00:00,2462220,99,15,4,23
2025-05-02 23:20:00+00:00,2462220,99,16,4,23
2025-05-02 23:21:00+00:00,2462220,99,14,4,23
2025-05-02 23:22:00+00:00,2462220,97,10,4,23
2025-05-02 23:23:00+00:00,2462220,96,6,4,23
2025-05-02 23:24:00+00:00,2462220,97,4,4,23
2025-05-02 23:25:00+00:00,2462220,92,6,4,23
2025-05-02 23:26:00+00:00,2462220,92,6,4,23
2025-05-02 23:27:00+00:00,2462220,95,7,4,23
2025-05-02 23:28:00+00:00,2462220,94,7,4,23
2025-05-02 23:29:00+00:00,2462220,90,10,4,23
2025-05-02 23:30:00+00:00,2462220,89,10,4,23
2025-05-02 23:31:00+00:00,2462220,91,9,4,23
2025-05-02 23:32:00+00:00,2462220,90,9,4,23
2025-05-02 23:33:00+00:00,2462220,95,13,4,23
2025-05-02 23:34:00+00:00,2462220,97,13,4,23
2025-05-02 23:35:00+00:00,2462220,97,10,4,23
2025-05-02 23:36:00+00:00,2462220,98,10,4,23
2025-05-02 23:37:00+00:00,2462220,98,6,4,23
2025-05-02 23:38:00+00:00,2462220,100,5,4,23
2025-05-02 23:39:00+00:00,2462220,101,3,4,23
2025-05-02 23:40:00+00:00,2462220,96,4,4,23
2025-05-02 23:41:00+00:00,2462220,96,3,4,23
2025-05-02 23:42:00+00:00,2462220,96,2,4,23
2025-05-02 23:43:00+00:00,2462220,96,2,4,23
2025-05-02 23:44:00+00:00,2462220,96,1,4,23
2025-05-02 23:45:00+00:00,2462220,95,1,4,23
2025-05-02 23:46:00+00:00,2462220,95,1,4,23
2025-05-02 23:47:00+00:00,2462220,92,3,4,23
2025-05-02 23:48:00+00:00,2462220,92,3,4,23
2025-05-02 23:49:00+00:00,2462220,91,5,4,23
2025-05-02 23:50:00+00:00,2462220,89,5,4,23
2025-05-02 23:51:00+00:00,2462220,90,6,4,23
2025-05-02 23:52:00+00:00,2462220,90,4,4,23
2025-05-02 23:53:00+00:00,2462220,91,4,4,23
2025-05-02 23:54:00+00:00,2462220,91,3,4,23
2025-05-02 23:55:00+00:00,2462220,94,3,4,23
2025-05-02 23:56:00+00:00,2462220,93,5,4,23
2025-05-02 23:57:00+00:00,2462220,93,7,4,23
2025-05-02 23:58:00+00:00,2462220,91,7,4,23
2025-05-02 23:59:00+00:00,2462220,91,7,4,23
2025-05-03 00:00:00+00:00,2462220,91,6,5,0
2025-05-03 00:01:00+00:00,2462220,96,5,5,0
2025-05-03 00:02:00+00:00,2462220,96,8,5,0
2025-05-03 00:03:00+00:00,2462220,99,8,5,0
2025-05-03 00:04:00+00:00,2462220,99,8,5,0
2025-05-03 00:05:00+00:00,2462220,99,8,5,0
2025-05-03 00:06:00+00:00,2462220,99,6,5,0
2025-05-03 00:07:00+00:00,2462220,99,2,5,0
2025-05-03 00:08:00+00:00,2462220,95,2,5,0
2025-05-03 00:09:00+00:00,2462220,97,4,5,0
2025-05-03 00:10:00+00:00,2462220,95,5,5,0
2025-05-03 00:11:00+00:00,2462220,96,6,5,0
2025-05-03 00:12:00+00:00,2462220,96,6,5,0
2025-05-03 00:13:00+00:00,2462220,96,4,5,0
2025-05-03 00:14:00+00:00,2462220,96,4,5,0
2025-05-03 00:15:00+00:00,2462220,98,5,5,0
2025-05-03 00:16:00+00:00,2462220,99,5,5,0
2025-05-03 00:17:00+00:00,2462220,99,5,5,0
2025-05-03 00:18:00+00:00,2462220,99,4,5,0
2025-05-03 00:19:00+00:00,2462220,99,3,5,0
2025-05-03 00:20:00+00:00,2462220,99,2,5,0
2025-05-03 00:21:00+00:00,2462220,92,4,5,0
2025-05-03 00:22:00+00:00,2462220,93,7,5,0
2025-05-03 00:23:00+00:00,2462220,93,7,5,0
2025-05-03 00:24:00+00:00,2462220,93,6,5,0
2025-05-03 00:25:00+00:00,2462220,95,7,5,0
2025-05-03 00:26:00+00:00,2462220,95,2,5,0
2025-05-03 00:27:00+00:00,2462220,93,2,5,0
2025-05-03 00:28:00+00:00,2462220,93,2,5,0
2025-05-03 00:29:00+00:00,2462220,93,2,5,0
2025-05-03 00:30:00+00:00,2462220,95,2,5,0
2025-05-03 00:31:00+00:00,2462220,95,1,5,0
2025-05-03 00:32:00+00:00,2462220,91,4,5,0
2025-05-03 00:33:00+00:00,2462220,93,6,5,0
2025-05-03 00:34:00+00:00,2462220,93,6,5,0
2025-05-03 00:35:00+00:00,2462220,89,8,5,0
2025-05-03 00:36:00+00:00,2462220,89,8,5,0
2025-05-03 00:37:00+00:00,2462220,83,7,5,0
2025-05-03 00:38:00+00:00,2462220,81,6,5,0
2025-05-03 00:39:00+00:00,2462220,79,7,5,0
2025-05-03 00:40:00+00:00,2462220,79,4,5,0
2025-05-03 00:41:00+00:00,2462220,79,3,5,0
2025-05-03 00:42:00+00:00,2462220,82,3,5,0
2025-05-03 00:43:00+00:00,2462220,87,5,5,0
2025-05-03 00:44:00+00:00,2462220,89,5,5,0
2025-05-03 00:45:00+00:00,2462220,89,5,5,0
2025-05-03 00:46:00+00:00,2462220,90,6,5,0
2025-05-03 00:47:00+00:00,2462220,90,5,5,0
2025-05-03 00:48:00+00:00,2462220,90,3,5,0
2025-05-03 00:49:00+00:00,2462220,92,3,5,0
2025-05-03 00:50:00+00:00,2462220,92,2,5,0
2025-05-03 00:51:00+00:00,2462220,94,2,5,0
2025-05-03 00:52:00+00:00,2462220,94,2,5,0
2025-05-03 00:53:00+00:00,2462220,94,3,5,0
2025-05-03 00:54:00+00:00,2462220,90,4,5,0
2025-05-03 00:55:00+00:00,2462220,96,8,5,0
2025-05-03 00:56:00+00:00,2462220,94,8,5,0
2025-05-03 00:57:00+00:00,2462220,93,8,5,0
2025-05-03 00:58:00+00:00,2462220,95,6,5,0
2025-05-03 00:59:00+00:00,2462220,95,5,5,0
2025-05-03 01:00:00+00:00,2462220,97,3,5,1
2025-05-03 01:01:00+00:00,2462220,96,3,5,1
2025-05-03 01:02:00+00:00,2462220,96,4,5,1
2025-05-03 01:03:00+00:00,2462220,97,4,5,1
2025-05-03 01:04:00+00:00,2462220,97,5,5,1
2025-05-03 01:05:00+00:00,2462220,93,5,5,1
2025-05-03 01:06:00+00:00,2462220,95,6,5,1
2025-05-03 01:07:00+00:00,2462220,95,6,5,1
2025-05-03 01:08:00+00:00,2462220,95,5,5,1
2025-05-03 01:09:00+00:00,2462220,95,4,5,1
2025-05-03 01:10:00+00:00,2462220,92,3,5,1
2025-05-03 01:11:00+00:00,2462220,90,3,5,1
2025-05-03 01:12:00+00:00,2462220,90,2,5,1
2025-05-03 01:13:00+00:00,2462220,90,4,5,1
2025-05-03 01:14:00+00:00,2462220,93,6,5,1
2025-05-03 01:15:00+00:00,2462220,91,6,5,1
2025-05-03 01:16:00+00:00,2462220,90,5,5,1
2025-05-03 01:17:00+00:00,2462220,93,7,5,1
2025-05-03 01:18:00+00:00,2462220,91,6,5,1
2025-05-03 01:19:00+00:00,2462220,91,4,5,1
2025-05-03 01:20:00+00:00,2462220,91,3,5,1
2025-05-03 01:21:00+00:00,2462220,92,4,5,1
2025-05-03 01:22:00+00:00,2462220,92,3,5,1
2025-05-03 01:23:00+00:00,2462220,92,1,5,1
2025-05-03 01:24:00+00:00,2462220,94,2,5,1
2025-05-03 01:25:00+00:00,2462220,95,3,5,1
2025-05-03 01:26:00+00:00,2462220,95,2,5,1
2025-05-03 01:27:00+00:00,2462220,95,2,5,1
2025-05-03 01:28:00+00:00,2462220,95,2,5,1
2025-05-03 01:29:00+00:00,2462220,94,2,5,1
2025-05-03 01:30:00+00:00,2462220,94,2,5,1
2025-05-03 01:31:00+00:00,2462220,98,3,5,1
2025-05-03 01:32:00+00:00,2462220,99,4,5,1
2025-05-03 01:33:00+00:00,2462220,98,5,5,1
2025-05-03 01:34:00+00:00,2462220,98,4,5,1
2025-05-03 01:35:00+00:00,2462220,98,3,5,1
2025-05-03 01:36:00+00:00,2462220,101,3,5,1
2025-05-03 01:37:00+00:00,2462220,104,5,5,1
2025-05-03 01:38:00+00:00,2462220,104,4,5,1
2025-05-03 01:39:00+00:00,2462220,104,4,5,1
2025-05-03 01:40:00+00:00,2462220,104,4,5,1
2025-05-03 01:41:00+00:00,2462220,104,2,5,1
2025-05-03 01:42:00+00:00,2462220,103,3,5,1
2025-05-03 01:43:00+00:00,2462220,101,4,5,1
2025-05-03 01:44:00+00:00,2462220,102,7,5,1
2025-05-03 01:45:00+00:00,2462220,97,8,5,1
2025-05-03 01:46:00+00:00,2462220,91,9,5,1
2025-05-03 01:47:00+00:00,2462220,91,7,5,1
2025-05-03 01:48:00+00:00,2462220,93,11,5,1
2025-05-03 01:49:00+00:00,2462220,93,9,5,1
2025-05-03 01:50:00+00:00,2462220,90,9,5,1
2025-05-03 01:51:00+00:00,2462220,90,8,5,1
2025-05-03 01:52:00+00:00,2462220,90,7,5,1
2025-05-03 01:53:00+00:00,2462220,90,3,5,1
2025-05-03 01:54:00+00:00,2462220,90,3,5,1
2025-05-03 01:55:00+00:00,2462220,90,2,5,1
2025-05-03 01:56:00+00:00,2462220,90,0,5,1
2025-05-03 01:57:00+00:00,2462220,90,0,5,1
2025-05-03 01:58:00+00:00,2462220,90,0,5,1
2025-05-03 01:59:00+00:00,2462220,90,0,5,1
2025-05-03 02:00:00+00:00,2462220,89,1,5,2
2025-05-03 02:01:00+00:00,2462220,89,1,5,2
2025-05-03 02:02:00+00:00,2462220,89,1,5,2
2025-05-03 02:03:00+00:00,2462220,89,1,5,2
2025-05-03 02:04:00+00:00,2462220,89,1,5,2
2025-05-03 02:05:00+00:00,2462220,89,0,5,2
2025-05-03 02:06:00+00:00,2462220,89,0,5,2
2025-05-03 02:07:00+00:00,2462220,86,1,5,2
2025-05-03 02:08:00+00:00,2462220,86,1,5,2
2025-05-03 02:09:00+00:00,2462220,86,1,5,2
2025-05-03 02:10:00+00:00,2462220,86,1,5,2
2025-05-03 02:11:00+00:00,2462220,91,3,5,2
2025-05-03 02:12:00+00:00,2462220,91,2,5,2
2025-05-03 02:13:00+00:00,2462220,91,2,5,2
2025-05-03 02:14:00+00:00,2462220,93,3,5,2
2025-05-03 02:15:00+00:00,2462220,95,4,5,2
2025-05-03 02:16:00+00:00,2462220,95,2,5,2
2025-05-03 02:17:00+00:00,2462220,94,3,5,2
2025-05-03 02:18:00+00:00,2462220,93,4,5,2
2025-05-03 02:19:00+00:00,2462220,93,3,5,2
2025-05-03 02:20:00+00:00,2462220,92,2,5,2
2025-05-03 02:21:00+00:00,2462220,89,3,5,2
2025-05-03 02:22:00+00:00,2462220,89,2,5,2
2025-05-03 02:23:00+00:00,2462220,89,2,5,2
2025-05-03 02:24:00+00:00,2462220,88,3,5,2
2025-05-03 02:25:00+00:00,2462220,90,4,5,2
2025-05-03 02:26:00+00:00,2462220,92,4,5,2
2025-05-03 02:27:00+00:00,2462220,92,5,5,2
2025-05-03 02:28:00+00:00,2462220,92,5,5,2
2025-05-03 02:29:00+00:00,2462220,92,4,5,2
2025-05-03 02:30:00+00:00,2462220,92,2,5,2
2025-05-03 02:31:00+00:00,2462220,92,1,5,2
2025-05-03 02:32:00+00:00,2462220,95,2,5,2
2025-05-03 02:33:00+00:00,2462220,94,3,5,2
2025-05-03 02:34:00+00:00,2462220,97,4,5,2
2025-05-03 02:35:00+00:00,2462220,96,6,5,2
2025-05-03 02:36:00+00:00,2462220,96,11,5,2
2025-05-03 02:37:00+00:00,2462220,96,9,5,2
2025-05-03 02:38:00+00:00,2462220,96,10,5,2
2025-05-03 02:39:00+00:00,2462220,95,8,5,2
2025-05-03 02:40:00+00:00,2462220,95,4,5,2
2025-05-03 02:41:00+00:00,2462220,95,1,5,2
2025-05-03 02:42:00+00:00,2462220,96,2,5,2
2025-05-03 02:43:00+00:00,2462220,95,2,5,2
2025-05-03 02:44:00+00:00,2462220,95,2,5,2
2025-05-03 02:45:00+00:00,2462220,95,2,5,2
2025-05-03 02:46:00+00:00,2462220,95,2,5,2
2025-05-03 02:47:00+00:00,2462220,95,3,5,2
2025-05-03 02:48:00+00:00,2462220,95,2,5,2
2025-05-03 02:49:00+00:00,2462220,94,6,5,2
2025-05-03 02:50:00+00:00,2462220,94,8,5,2
2025-05-03 02:51:00+00:00,2462220,95,7,5,2
2025-05-03 02:52:00+00:00,2462220,95,6,5,2
2025-05-03 02:53:00+00:00,2462220,95,6,5,2
2025-05-03 02:54:00+00:00,2462220,95,3,5,2
2025-05-03 02:55:00+00:00,2462220,95,2,5,2
2025-05-03 02:56:00+00:00,2462220,95,5,5,2
2025-05-03 02:57:00+00:00,2462220,96,6,5,2
2025-05-03 02:58:00+00:00,2462220,96,6,5,2
2025-05-03 02:59:00+00:00,2462220,96,4,5,2
2025-05-03 03:00:00+00:00,2462220,96,3,5,3
2025-05-03 03:01:00+00:00,2462220,96,0,5,3
2025-05-03 03:02:00+00:00,2462220,96,1,5,3
2025-05-03 03:03:00+00:00,2462220,94,5,5,3
2025-05-03 03:04:00+00:00,2462220,97,8,5,3
2025-05-03 03:05:00+00:00,2462220,96,10,5,3
2025-05-03 03:06:00+00:00,2462220,97,10,5,3
2025-05-03 03:07:00+00:00,2462220,100,10,5,3
2025-05-03 03:08:00+00:00,2462220,100,8,5,3
2025-05-03 03:09:00+00:00,2462220,100,5,5,3
2025-05-03 03:10:00+00:00,2462220,99,5,5,3
2025-05-03 03:11:00+00:00,2462220,98,6,5,3
2025-05-03 03:12:00+00:00,2462220,98,7,5,3
2025-05-03 03:13:00+00:00,2462220,98,6,5,3
2025-05-03 03:14:00+00:00,2462220,99,7,5,3
2025-05-03 03:15:00+00:00,2462220,99,4,5,3
2025-05-03 03:16:00+00:00,2462220,97,5,5,3
2025-05-03 03:17:00+00:00,2462220,96,4,5,3
2025-05-03 03:18:00+00:00,2462220,96,4,5,3
2025-05-03 03:19:00+00:00,2462220,96,5,5,3
2025-05-03 03:20:00+00:00,2462220,99,6,5,3
2025-05-03 03:21:00+00:00,2462220,99,5,5,3
2025-05-03 03:22:00+00:00,2462220,98,6,5,3
2025-05-03 03:23:00+00:00,2462220,98,6,5,3
2025-05-03 03:24:00+00:00,2462220,98,3,5,3
2025-05-03 03:25:00+00:00,2462220,103,4,5,3
2025-05-03 03:26:00+00:00,2462220,102,7,5,3
2025-05-03 03:27:00+00:00,2462220,97,8,5,3
2025-05-03 03:28:00+00:00,2462220,95,9,5,3
2025-05-03 03:29:00+00:00,2462220,95,9,5,3
2025-05-03 03:30:00+00:00,2462220,95,6,5,3
2025-05-03 03:31:00+00:00,2462220,92,3,5,3
2025-05-03 03:32:00+00:00,2462220,89,4,5,3
2025-05-03 03:33:00+00:00,2462220,88,4,5,3
2025-05-03 03:34:00+00:00,2462220,80,6,5,3
2025-05-03 03:35:00+00:00,2462220,81,7,5,3
2025-05-03 03:36:00+00:00,2462220,83,8,5,3
2025-05-03 03:37:00+00:00,2462220,86,7,5,3
2025-05-03 03:38:00+00:00,2462220,86,5,5,3
2025-05-03 03:39:00+00:00,2462220,86,6,5,3
2025-05-03 03:40:00+00:00,2462220,86,4,5,3
2025-05-03 03:41:00+00:00,2462220,86,3,5,3
2025-05-03 03:42:00+00:00,2462220,88,3,5,3
2025-05-03 03:43:00+00:00,2462220,90,4,5,3
2025-05-03 03:44:00+00:00,2462220,94,3,5,3
2025-05-03 03:45:00+00:00,2462220,90,4,5,3
2025-05-03 03:46:00+00:00,2462220,92,4,5,3
2025-05-03 03:47:00+00:00,2462220,97,7,5,3
2025-05-03 03:48:00+00:00,2462220,96,9,5,3
2025-05-03 03:49:00+00:00,2462220,96,9,5,3
2025-05-03 03:50:00+00:00,2462220,96,9,5,3
2025-05-03 03:51:00+00:00,2462220,96,10,5,3
2025-05-03 03:52:00+00:00,2462220,96,8,5,3
2025-05-03 03:53:00+00:00,2462220,93,9,5,3
2025-05-03 03:54:00+00:00,2462220,93,8,5,3
2025-05-03 03:55:00+00:00,2462220,94,8,5,3
2025-05-03 03:56:00+00:00,2462220,98,7,5,3
2025-05-03 03:57:00+00:00,2462220,98,6,5,3
2025-05-03 03:58:00+00:00,2462220,98,3,5,3
2025-05-03 03:59:00+00:00,2462220,100,7,5,3
2025-05-03 04:00:00+00:00,2462220,96,8,5,4
2025-05-03 04:01:00+00:00,2462220,98,9,5,4
2025-05-03 04:02:00+00:00,2462220,97,10,5,4
2025-05-03 04:03:00+00:00,2462220,97,11,5,4
2025-05-03 04:04:00+00:00,2462220,98,7,5,4
2025-05-03 04:05:00+00:00,2462220,98,5,5,4
2025-05-03 04:06:00+00:00,2462220,98,2,5,4
2025-05-03 04:07:00+00:00,2462220,96,4,5,4
2025-05-03 04:08:00+00:00,2462220,99,7,5,4
2025-05-03 04:09:00+00:00,2462220,96,9,5,4
2025-05-03 04:10:00+00:00,2462220,98,11,5,4
2025-05-03 04:11:00+00:00,2462220,99,13,5,4
2025-05-03 04:12:00+00:00,2462220,99,15,5,4
2025-05-03 04:13:00+00:00,2462220,99,9,5,4
2025-05-03 04:14:00+00:00,2462220,100,8,5,4
2025-05-03 04:15:00+00:00,2462220,98,9,5,4
2025-05-03 04:16:00+00:00,2462220,99,8,5,4
2025-05-03 04:17:00+00:00,2462220,99,3,5,4
2025-05-03 04:18:00+00:00,2462220,98,6,5,4
2025-05-03 04:19:00+00:00,2462220,102,6,5,4
2025-05-03 04:20:00+00:00,2462220,98,8,5,4
2025-05-03 04:21:00+00:00,2462220,96,10,5,4
2025-05-03 04:22:00+00:00,2462220,85,14,5,4
2025-05-03 04:23:00+00:00,2462220,88,14,5,4
2025-05-03 04:24:00+00:00,2462220,91,13,5,4
2025-05-03 04:25:00+00:00,2462220,90,13,5,4
2025-05-03 04:26:00+00:00,2462220,84,14,5,4
2025-05-03 04:27:00+00:00,2462220,84,10,5,4
2025-05-03 04:28:00+00:00,2462220,85,8,5,4
2025-05-03 04:29:00+00:00,2462220,87,6,5,4
2025-05-03 04:30:00+00:00,2462220,93,7,5,4
2025-05-03 04:31:00+00:00,2462220,91,8,5,4
2025-05-03 04:32:00+00:00,2462220,92,11,5,4
2025-05-03 04:33:00+00:00,2462220,94,10,5,4
2025-05-03 04:34:00+00:00,2462220,95,10,5,4
2025-05-03 04:35:00+00:00,2462220,95,10,5,4
2025-05-03 04:36:00+00:00,2462220,93,12,5,4
2025-05-03 04:37:00+00:00,2462220,92,11,5,4
2025-05-03 04:38:00+00:00,2462220,92,10,5,4
2025-05-03 04:39:00+00:00,2462220,90,11,5,4
2025-05-03 04:40:00+00:00,2462220,91,9,5,4
2025-05-03 04:41:00+00:00,2462220,84,11,5,4
2025-05-03 04:42:00+00:00,2462220,84,12,5,4
2025-05-03 04:43:00+00:00,2462220,86,13,5,4
2025-05-03 04:44:00+00:00,2462220,91,15,5,4
2025-05-03 04:45:00+00:00,2462220,103,17,5,4
2025-05-03 04:46:00+00:00,2462220,104,14,5,4
2025-05-03 04:47:00+00:00,2462220,104,11,5,4
2025-05-03 04:48:00+00:00,2462220,99,12,5,4
2025-05-03 04:49:00+00:00,2462220,99,11,5,4
2025-05-03 04:50:00+00:00,2462220,101,9,5,4
2025-05-03 04:51:00+00:00,2462220,91,11,5,4
2025-05-03 04:52:00+00:00,2462220,90,14,5,4
2025-05-03 04:53:00+00:00,2462220,93,13,5,4
2025-05-03 04:54:00+00:00,2462220,96,13,5,4
2025-05-03 04:55:00+00:00,2462220,94,14,5,4
2025-05-03 04:56:00+00:00,2462220,99,13,5,4
2025-05-03 04:57:00+00:00,2462220,102,13,5,4
2025-05-03 04:58:00+00:00,2462220,102,10,5,4
2025-05-03 04:59:00+00:00,2462220,99,10,5,4
2025-05-03 05:00:00+00:00,2462220,100,8,5,5
2025-05-03 05:01:00+00:00,2462220,100,4,5,5
2025-05-03 05:02:00+00:00,2462220,100,2,5,5
2025-05-03 05:03:00+00:00,2462220,100,5,5,5
2025-05-03 05:04:00+00:00,2462220,94,7,5,5
2025-05-03 05:05:00+00:00,2462220,91,9,5,5
2025-05-03 05:06:00+00:00,2462220,91,12,5,5
2025-05-03 05:07:00+00:00,2462220,88,15,5,5
2025-05-03 05:08:00+00:00,2462220,94,16,5,5
2025-05-03 05:09:00+00:00,2462220,99,19,5,5
2025-05-03 05:10:00+00:00,2462220,98,20,5,5
2025-05-03 05:11:00+00:00,2462220,103,20,5,5
2025-05-03 05:12:00+00:00,2462220,99,23,5,5
2025-05-03 05:13:00+00:00,2462220,98,22,5,5
2025-05-03 05:14:00+00:00,2462220,99,16,5,5
2025-05-03 05:15:00+00:00,2462220,99,20,5,5
2025-05-03 05:16:00+00:00,2462220,100,16,5,5
2025-05-03 05:17:00+00:00,2462220,100,11,5,5
2025-05-03 05:18:00+00:00,2462220,97,11,5,5
2025-05-03 05:19:00+00:00,2462220,101,16,5,5
2025-05-03 05:20:00+00:00,2462220,101,11,5,5
2025-05-03 05:21:00+00:00,2462220,101,10,5,5
2025-05-03 05:22:00+00:00,2462220,101,15,5,5
2025-05-03 05:23:00+00:00,2462220,102,17,5,5
2025-05-03 05:24:00+00:00,2462220,103,12,5,5
2025-05-03 05:25:00+00:00,2462220,100,14,5,5
2025-05-03 05:26:00+00:00,2462220,103,16,5,5
2025-05-03 05:27:00+00:00,2462220,103,10,5,5
2025-05-03 05:28:00+00:00,2462220,98,10,5,5
2025-05-03 05:29:00+00:00,2462220,93,13,5,5
2025-05-03 05:30:00+00:00,2462220,93,15,5,5
2025-05-03 05:31:00+00:00,2462220,96,19,5,5
2025-05-03 05:32:00+00:00,2462220,99,21,5,5
2025-05-03 05:33:00+00:00,2462220,102,20,5,5
2025-05-03 05:34:00+00:00,2462220,103,19,5,5
2025-05-03 05:35:00+00:00,2462220,93,18,5,5
2025-05-03 05:36:00+00:00,2462220,96,15,5,5
2025-05-03 05:37:00+00:00,2462220,96,12,5,5
2025-05-03 05:38:00+00:00,2462220,94,12,5,5
2025-05-03 05:39:00+00:00,2462220,94,6,5,5
2025-05-03 05:40:00+00:00,2462220,93,6,5,5
2025-05-03 05:41:00+00:00,2462220,96,7,5,5
2025-05-03 05:42:00+00:00,2462220,96,10,5,5
2025-05-03 05:43:00+00:00,2462220,95,10,5,5
2025-05-03 05:44:00+00:00,2462220,97,10,5,5
2025-05-03 05:45:00+00:00,2462220,100,13,5,5
2025-05-03 05:46:00+00:00,2462220,100,14,5,5
2025-05-03 05:47:00+00:00,2462220,99,14,5,5
2025-05-03 05:48:00+00:00,2462220,99,15,5,5
2025-05-03 05:49:00+00:00,2462220,96,16,5,5
2025-05-03 05:50:00+00:00,2462220,97,18,5,5
2025-05-03 05:51:00+00:00,2462220,97,16,5,5
2025-05-03 05:52:00+00:00,2462220,97,12,5,5
2025-05-03 05:53:00+00:00,2462220,93,17,5,5
2025-05-03 05:54:00+00:00,2462220,94,18,5,5
2025-05-03 05:55:00+00:00,2462220,92,18,5,5
2025-05-03 05:56:00+00:00,2462220,94,18,5,5
2025-05-03 05:57:00+00:00,2462220,96,19,5,5
2025-05-03 05:58:00+00:00,2462220,88,18,5,5
2025-05-03 05:59:00+00:00,2462220,89,17,5,5
2025-05-03 06:00:00+00:00,2462220,88,15,5,6
2025-05-03 06:01:00+00:00,2462220,90,14,5,6
2025-05-03 06:02:00+00:00,2462220,94,12,5,6
2025-05-03 06:03:00+00:00,2462220,95,11,5,6
2025-05-03 06:04:00+00:00,2462220,88,11,5,6
2025-05-03 06:05:00+00:00,2462220,89,11,5,6
2025-05-03 06:06:00+00:00,2462220,89,15,5,6
2025-05-03 06:07:00+00:00,2462220,90,21,5,6
2025-05-03 06:08:00+00:00,2462220,92,22,5,6
2025-05-03 06:09:00+00:00,2462220,92,20,5,6
2025-05-03 06:10:00+00:00,2462220,93,21,5,6
2025-05-03 06:11:00+00:00,2462220,92,21,5,6
2025-05-03 06:12:00+00:00,2462220,93,19,5,6
2025-05-03 06:13:00+00:00,2462220,94,18,5,6
2025-05-03 06:14:00+00:00,2462220,94,18,5,6
2025-05-03 06:15:00+00:00,2462220,95,18,5,6
2025-05-03 06:16:00+00:00,2462220,97,16,5,6
2025-05-03 06:17:00+00:00,2462220,98,13,5,6
2025-05-03 06:18:00+00:00,2462220,102,13,5,6
2025-05-03 06:19:00+00:00,2462220,100,18,5,6
2025-05-03 06:20:00+00:00,2462220,99,17,5,6
2025-05-03 06:21:00+00:00,2462220,90,23,5,6
2025-05-03 06:22:00+00:00,2462220,90,22,5,6
2025-05-03 06:23:00+00:00,2462220,91,24,5,6
2025-05-03 06:24:00+00:00,2462220,94,24,5,6
2025-05-03 06:25:00+00:00,2462220,97,21,5,6
2025-05-03 06:26:00+00:00,2462220,95,18,5,6
2025-05-03 06:27:00+00:00,2462220,93,22,5,6
2025-05-03 06:28:00+00:00,2462220,93,17,5,6
2025-05-03 06:29:00+00:00,2462220,90,14,5,6
2025-05-03 06:30:00+00:00,2462220,89,16,5,6
2025-05-03 06:31:00+00:00,2462220,89,14,5,6
2025-05-03 06:32:00+00:00,2462220,92,14,5,6
2025-05-03 06:33:00+00:00,2462220,93,16,5,6
2025-05-03 06:34:00+00:00,2462220,91,17,5,6
2025-05-03 06:35:00+00:00,2462220,93,17,5,6
2025-05-03 06:36:00+00:00,2462220,91,17,5,6
2025-05-03 06:37:00+00:00,2462220,93,18,5,6
2025-05-03 06:38:00+00:00,2462220,94,18,5,6
2025-05-03 06:39:00+00:00,2462220,94,21,5,6
2025-05-03 06:40:00+00:00,2462220,93,21,5,6
2025-05-03 06:41:00+00:00,2462220,93,25,5,6
2025-05-03 06:42:00+00:00,2462220,90,22,5,6
2025-05-03 06:43:00+00:00,2462220,89,22,5,6
2025-05-03 06:44:00+00:00,2462220,91,21,5,6
2025-05-03 06:45:00+00:00,2462220,92,23,5,6
2025-05-03 06:46:00+00:00,2462220,95,27,5,6
2025-05-03 06:47:00+00:00,2462220,99,26,5,6
2025-05-03 06:48:00+00:00,2462220,88,31,5,6
2025-05-03 06:49:00+00:00,2462220,88,27,5,6
2025-05-03 06:50:00+00:00,2462220,93,23,5,6
2025-05-03 06:51:00+00:00,2462220,93,25,5,6
2025-05-03 06:52:00+00:00,2462220,94,22,5,6
2025-05-03 06:53:00+00:00,2462220,84,18,5,6
2025-05-03 06:54:00+00:00,2462220,85,22,5,6
2025-05-03 06:55:00+00:00,2462220,86,22,5,6
2025-05-03 06:56:00+00:00,2462220,87,20,5,6
2025-05-03 06:57:00+00:00,2462220,88,19,5,6
2025-05-03 06:58:00+00:00,2462220,93,20,5,6
2025-05-03 06:59:00+00:00,2462220,88,18,5,6
2025-05-03 07:00:00+00:00,2462220,90,17,5,7
2025-05-03 07:01:00+00:00,2462220,90,15,5,7
2025-05-03 07:02:00+00:00,2462220,89,19,5,7
2025-05-03 07:03:00+00:00,2462220,94,19,5,7
2025-05-03 07:04:00+00:00,2462220,95,19,5,7
2025-05-03 07:05:00+00:00,2462220,95,20,5,7
2025-05-03 07:06:00+00:00,2462220,96,23,5,7
2025-05-03 07:07:00+00:00,2462220,92,27,5,7
2025-05-03 07:08:00+00:00,2462220,94,28,5,7
2025-05-03 07:09:00+00:00,2462220,96,28,5,7
2025-05-03 07:10:00+00:00,2462220,92,32,5,7
2025-05-03 07:11:00+00:00,2462220,90,29,5,7
2025-05-03 07:12:00+00:00,2462220,89,30,5,7
2025-05-03 07:13:00+00:00,2462220,90,29,5,7
2025-05-03 07:14:00+00:00,2462220,94,27,5,7
2025-05-03 07:15:00+00:00,2462220,89,29,5,7
2025-05-03 07:16:00+00:00,2462220,92,30,5,7
2025-05-03 07:17:00+00:00,2462220,90,24,5,7
2025-05-03 07:18:00+00:00,2462220,92,27,5,7
2025-05-03 07:19:00+00:00,2462220,95,29,5,7
2025-05-03 07:20:00+00:00,2462220,100,24,5,7
2025-05-03 07:21:00+00:00,2462220,95,23,5,7
2025-05-03 07:22:00+00:00,2462220,87,24,5,7
2025-05-03 07:23:00+00:00,2462220,84,22,5,7
2025-05-03 07:24:00+00:00,2462220,87,24,5,7
2025-05-03 07:25:00+00:00,2462220,90,23,5,7
2025-05-03 07:26:00+00:00,2462220,90,22,5,7
2025-05-03 07:27:00+00:00,2462220,89,21,5,7
2025-05-03 07:28:00+00:00,2462220,91,22,5,7
2025-05-03 07:29:00+00:00,2462220,98,24,5,7
2025-05-03 07:30:00+00:00,2462220,97,24,5,7
2025-05-03 07:31:00+00:00,2462220,92,29,5,7
2025-05-03 07:32:00+00:00,2462220,89,33,5,7
2025-05-03 07:33:00+00:00,2462220,87,37,5,7
2025-05-03 07:34:00+00:00,2462220,85,35,5,7
2025-05-03 07:35:00+00:00,2462220,91,39,5,7
2025-05-03 07:36:00+00:00,2462220,89,33,5,7
2025-05-03 07:37:00+00:00,2462220,99,31,5,7
2025-05-03 07:38:00+00:00,2462220,95,33,5,7
2025-05-03 07:39:00+00:00,2462220,90,27,5,7
2025-05-03 07:40:00+00:00,2462220,85,27,5,7
2025-05-03 07:41:00+00:00,2462220,89,29,5,7
2025-05-03 07:42:00+00:00,2462220,89,30,5,7
2025-05-03 07:43:00+00:00,2462220,90,33,5,7
2025-05-03 07:44:00+00:00,2462220,93,33,5,7
2025-05-03 07:45:00+00:00,2462220,96,35,5,7
2025-05-03 07:46:00+00:00,2462220,85,40,5,7
2025-05-03 07:47:00+00:00,2462220,84,42,5,7
2025-05-03 07:48:00+00:00,2462220,85,38,5,7
2025-05-03 07:49:00+00:00,2462220,88,37,5,7
2025-05-03 07:50:00+00:00,2462220,87,38,5,7
2025-05-03 07:51:00+00:00,2462220,82,36,5,7
2025-05-03 07:52:00+00:00,2462220,96,39,5,7
2025-05-03 07:53:00+00:00,2462220,91,45,5,7
2025-05-03 07:54:00+00:00,2462220,84,47,5,7
2025-05-03 07:55:00+00:00,2462220,87,43,5,7
2025-05-03 07:56:00+00:00,2462220,93,37,5,7
2025-05-03 07:57:00+00:00,2462220,93,28,5,7
2025-05-03 07:58:00+00:00,2462220,93,20,5,7
2025-05-03 07:59:00+00:00,2462220,93,9,5,7
2025-05-03 08:00:00+00:00,2462220,93,5,5,8
2025-05-03 08:01:00+00:00,2462220,63,18,5,8
2025-05-03 08:02:00+00:00,2462220,34,26,5,8
2025-05-03 08:03:00+00:00,2462220,33,31,5,8
2025-05-03 08:04:00+00:00,2462220,42,39,5,8
2025-05-03 08:05:00+00:00,2462220,53,46,5,8
2025-05-03 08:06:00+00:00,2462220,56,37,5,8
2025-05-03 08:07:00+00:00,2462220,42,36,5,8
2025-05-03 08:08:00+00:00,2462220,53,33,5,8
2025-05-03 08:09:00+00:00,2462220,61,28,5,8
2025-05-03 08:10:00+00:00,2462220,75,25,5,8
2025-05-03 08:11:00+00:00,2462220,53,26,5,8
2025-05-03 08:12:00+00:00,2462220,59,24,5,8
2025-05-03 08:13:00+00:00,2462220,67,24,5,8
2025-05-03 08:14:00+00:00,2462220,74,31,5,8
2025-05-03 08:15:00+00:00,2462220,81,33,5,8
2025-05-03 08:16:00+00:00,2462220,83,36,5,8
2025-05-03 08:17:00+00:00,2462220,89,39,5,8
2025-05-03 08:18:00+00:00,2462220,85,36,5,8
2025-05-03 08:19:00+00:00,2462220,88,34,5,8
2025-05-03 08:20:00+00:00,2462220,93,32,5,8
2025-05-03 08:21:00+00:00,2462220,94,27,5,8
2025-05-03 08:22:00+00:00,2462220,97,22,5,8
2025-05-03 08:23:00+00:00,2462220,93,27,5,8
2025-05-03 08:24:00+00:00,2462220,91,25,5,8
2025-05-03 08:25:00+00:00,2462220,92,24,5,8
2025-05-03 08:26:00+00:00,2462220,92,25,5,8
2025-05-03 08:27:00+00:00,2462220,91,31,5,8
2025-05-03 08:28:00+00:00,2462220,91,25,5,8
2025-05-03 08:29:00+00:00,2462220,88,24,5,8
2025-05-03 08:30:00+00:00,2462220,87,29,5,8
2025-05-03 08:31:00+00:00,2462220,89,27,5,8
2025-05-03 08:32:00+00:00,2462220,97,25,5,8
2025-05-03 08:33:00+00:00,2462220,94,24,5,8
2025-05-03 08:34:00+00:00,2462220,86,27,5,8
2025-05-03 08:35:00+00:00,2462220,88,26,5,8
2025-05-03 08:36:00+00:00,2462220,89,25,5,8
2025-05-03 08:37:00+00:00,2462220,88,27,5,8
2025-05-03 08:38:00+00:00,2462220,90,25,5,8
2025-05-03 08:39:00+00:00,2462220,87,24,5,8
2025-05-03 08:40:00+00:00,2462220,89,30,5,8
2025-05-03 08:41:00+00:00,2462220,93,33,5,8
2025-05-03 08:42:00+00:00,2462220,97,30,5,8
2025-05-03 08:43:00+00:00,2462220,91,36,5,8
2025-05-03 08:44:00+00:00,2462220,93,39,5,8
2025-05-03 08:45:00+00:00,2462220,100,41,5,8
2025-05-03 08:46:00+00:00,2462220,98,37,5,8
2025-05-03 08:47:00+00:00,2462220,92,35,5,8
2025-05-03 08:48:00+00:00,2462220,92,43,5,8
2025-05-03 08:49:00+00:00,2462220,93,37,5,8
2025-05-03 08:50:00+00:00,2462220,92,30,5,8
2025-05-03 08:51:00+00:00,2462220,93,28,5,8
2025-05-03 08:52:00+00:00,2462220,93,32,5,8
2025-05-03 08:53:00+00:00,2462220,92,27,5,8
2025-05-03 08:54:00+00:00,2462220,91,34,5,8
2025-05-03 08:55:00+00:00,2462220,90,38,5,8
2025-05-03 08:56:00+00:00,2462220,78,42,5,8
2025-05-03 08:57:00+00:00,2462220,84,34,5,8
2025-05-03 08:58:00+00:00,2462220,90,33,5,8
2025-05-03 08:59:00+00:00,2462220,92,30,5,8
2025-05-03 09:00:00+00:00,2462220,85,32,5,9
2025-05-03 09:01:00+00:00,2462220,84,32,5,9
2025-05-03 09:02:00+00:00,2462220,83,36,5,9
2025-05-03 09:03:00+00:00,2462220,84,31,5,9
2025-05-03 09:04:00+00:00,2462220,87,31,5,9
2025-05-03 09:05:00+00:00,2462220,88,27,5,9
2025-05-03 09:06:00+00:00,2462220,91,28,5,9
2025-05-03 09:07:00+00:00,2462220,91,26,5,9
2025-05-03 09:08:00+00:00,2462220,88,27,5,9
2025-05-03 09:09:00+00:00,2462220,84,31,5,9
2025-05-03 09:10:00+00:00,2462220,89,38,5,9
2025-05-03 09:11:00+00:00,2462220,90,38,5,9
2025-05-03 09:12:00+00:00,2462220,94,34,5,9
2025-05-03 09:13:00+00:00,2462220,91,39,5,9
2025-05-03 09:14:00+00:00,2462220,92,36,5,9
2025-05-03 09:15:00+00:00,2462220,86,32,5,9
2025-05-03 09:16:00+00:00,2462220,79,35,5,9
2025-05-03 09:17:00+00:00,2462220,84,36,5,9
2025-05-03 09:18:00+00:00,2462220,90,33,5,9
2025-05-03 09:19:00+00:00,2462220,92,31,5,9
2025-05-03 09:20:00+00:00,2462220,79,29,5,9
2025-05-03 09:21:00+00:00,2462220,83,26,5,9
2025-05-03 09:22:00+00:00,2462220,87,25,5,9
2025-05-03 09:23:00+00:00,2462220,88,22,5,9
2025-05-03 09:24:00+00:00,2462220,93,20,5,9
2025-05-03 09:25:00+00:00,2462220,92,17,5,9
2025-05-03 09:26:00+00:00,2462220,93,15,5,9
2025-05-03 09:27:00+00:00,2462220,88,17,5,9
2025-05-03 09:28:00+00:00,2462220,87,18,5,9
2025-05-03 09:29:00+00:00,2462220,87,21,5,9
2025-05-03 09:30:00+00:00,2462220,89,25,5,9
2025-05-03 09:31:00+00:00,2462220,88,29,5,9
2025-05-03 09:32:00+00:00,2462220,91,33,5,9
2025-05-03 09:33:00+00:00,2462220,92,34,5,9
2025-05-03 09:34:00+00:00,2462220,96,39,5,9
2025-05-03 09:35:00+00:00,2462220,94,37,5,9
2025-05-03 09:36:00+00:00,2462220,92,35,5,9
2025-05-03 09:37:00+00:00,2462220,95,36,5,9
2025-05-03 09:38:00+00:00,2462220,93,37,5,9
2025-05-03 09:39:00+00:00,2462220,93,35,5,9
2025-05-03 09:40:00+00:00,2462220,88,34,5,9
2025-05-03 09:41:00+00:00,2462220,94,36,5,9
2025-05-03 09:42:00+00:00,2462220,94,29,5,9
2025-05-03 09:43:00+00:00,2462220,89,27,5,9
2025-05-03 09:44:00+00:00,2462220,89,26,5,9
2025-05-03 09:45:00+00:00,2462220,91,29,5,9
2025-05-03 09:46:00+00:00,2462220,91,28,5,9
2025-05-03 09:47:00+00:00,2462220,91,29,5,9
2025-05-03 09:48:00+00:00,2462220,88,31,5,9
2025-05-03 09:49:00+00:00,2462220,93,28,5,9
2025-05-03 09:50:00+00:00,2462220,89,30,5,9
2025-05-03 09:51:00+00:00,2462220,91,26,5,9
2025-05-03 09:52:00+00:00,2462220,90,31,5,9
2025-05-03 09:53:00+00:00,2462220,92,32,5,9
2025-05-03 09:54:00+00:00,2462220,97,34,5,9
2025-05-03 09:55:00+00:00,2462220,97,28,5,9
2025-05-03 09:56:00+00:00,2462220,88,30,5,9
2025-05-03 09:57:00+00:00,2462220,88,22,5,9
2025-05-03 09:58:00+00:00,2462220,84,25,5,9
2025-05-03 09:59:00+00:00,2462220,86,25,5,9
2025-05-03 10:00:00+00:00,2462220,91,29,5,10
2025-05-03 10:01:00+00:00,2462220,93,31,5,10
2025-05-03 10:02:00+00:00,2462220,87,35,5,10
2025-05-03 10:03:00+00:00,2462220,92,34,5,10
2025-05-03 10:04:00+00:00,2462220,94,31,5,10
2025-05-03 10:05:00+00:00,2462220,93,27,5,10
2025-05-03 10:06:00+00:00,2462220,97,23,5,10
2025-05-03 10:07:00+00:00,2462220,97,19,5,10
2025-05-03 10:08:00+00:00,2462220,94,18,5,10
2025-05-03 10:09:00+00:00,2462220,92,22,5,10
2025-05-03 10:10:00+00:00,2462220,90,26,5,10
2025-05-03 10:11:00+00:00,2462220,89,29,5,10
2025-05-03 10:12:00+00:00,2462220,95,32,5,10
2025-05-03 10:13:00+00:00,2462220,90,33,5,10
2025-05-03 10:14:00+00:00,2462220,91,34,5,10
2025-05-03 10:15:00+00:00,2462220,94,32,5,10
2025-05-03 10:16:00+00:00,2462220,94,30,5,10
2025-05-03 10:17:00+00:00,2462220,87,30,5,10
2025-05-03 10:18:00+00:00,2462220,88,29,5,10
2025-05-03 10:19:00+00:00,2462220,88,24,5,10
2025-05-03 10:20:00+00:00,2462220,88,23,5,10
2025-05-03 10:21:00+00:00,2462220,89,24,5,10
2025-05-03 10:22:00+00:00,2462220,89,19,5,10
2025-05-03 10:23:00+00:00,2462220,86,18,5,10
2025-05-03 10:24:00+00:00,2462220,91,22,5,10
2025-05-03 10:25:00+00:00,2462220,88,25,5,10
2025-05-03 10:26:00+00:00,2462220,88,20,5,10
2025-05-03 10:27:00+00:00,2462220,88,24,5,10
2025-05-03 10:28:00+00:00,2462220,99,26,5,10
2025-05-03 10:29:00+00:00,2462220,102,27,5,10
2025-05-03 10:30:00+00:00,2462220,97,29,5,10
2025-05-03 10:31:00+00:00,2462220,92,32,5,10
2025-05-03 10:32:00+00:00,2462220,88,35,5,10
2025-05-03 10:33:00+00:00,2462220,87,38,5,10
2025-05-03 10:34:00+00:00,2462220,87,41,5,10
2025-05-03 10:35:00+00:00,2462220,84,43,5,10
2025-05-03 10:36:00+00:00,2462220,83,47,5,10
2025-05-03 10:37:00+00:00,2462220,87,45,5,10
2025-05-03 10:38:00+00:00,2462220,91,48,5,10
2025-05-03 10:39:00+00:00,2462220,87,45,5,10
2025-05-03 10:40:00+00:00,2462220,93,43,5,10
2025-05-03 10:41:00+00:00,2462220,94,38,5,10
2025-05-03 10:42:00+00:00,2462220,97,39,5,10
2025-05-03 10:43:00+00:00,2462220,95,27,5,10
2025-05-03 10:44:00+00:00,2462220,89,24,5,10
2025-05-03 10:45:00+00:00,2462220,81,29,5,10
2025-05-03 10:46:00+00:00,2462220,97,30,5,10
2025-05-03 10:47:00+00:00,2462220,107,32,5,10
2025-05-03 10:48:00+00:00,2462220,107,32,5,10
2025-05-03 10:49:00+00:00,2462220,97,24,5,10
2025-05-03 10:50:00+00:00,2462220,92,22,5,10
2025-05-03 10:51:00+00:00,2462220,89,18,5,10
2025-05-03 10:52:00+00:00,2462220,92,20,5,10
2025-05-03 10:53:00+00:00,2462220,97,18,5,10
2025-05-03 10:54:00+00:00,2462220,98,21,5,10
2025-05-03 10:55:00+00:00,2462220,94,20,5,10
2025-05-03 10:56:00+00:00,2462220,88,29,5,10
2025-05-03 10:57:00+00:00,2462220,90,29,5,10
2025-05-03 10:58:00+00:00,2462220,90,30,5,10
2025-05-03 10:59:00+00:00,2462220,92,31,5,10
2025-05-03 11:00:00+00:00,2462220,98,27,5,11
2025-05-03 11:01:00+00:00,2462220,94,25,5,11
2025-05-03 11:02:00+00:00,2462220,96,23,5,11
2025-05-03 11:03:00+00:00,2462220,93,21,5,11
2025-05-03 11:04:00+00:00,2462220,93,23,5,11
2025-05-03 11:05:00+00:00,2462220,91,25,5,11
2025-05-03 11:06:00+00:00,2462220,90,26,5,11
2025-05-03 11:07:00+00:00,2462220,90,31,5,11
2025-05-03 11:08:00+00:00,2462220,93,34,5,11
2025-05-03 11:09:00+00:00,2462220,97,31,5,11
2025-05-03 11:10:00+00:00,2462220,88,31,5,11
2025-05-03 11:11:00+00:00,2462220,89,31,5,11
2025-05-03 11:12:00+00:00,2462220,90,28,5,11
2025-05-03 11:13:00+00:00,2462220,92,27,5,11
2025-05-03 11:14:00+00:00,2462220,97,27,5,11
2025-05-03 11:15:00+00:00,2462220,88,28,5,11
2025-05-03 11:16:00+00:00,2462220,92,30,5,11
2025-05-03 11:17:00+00:00,2462220,90,34,5,11
2025-05-03 11:18:00+00:00,2462220,92,34,5,11
2025-05-03 11:19:00+00:00,2462220,93,37,5,11
2025-05-03 11:20:00+00:00,2462220,93,36,5,11
2025-05-03 11:21:00+00:00,2462220,97,35,5,11
2025-05-03 11:22:00+00:00,2462220,95,29,5,11
2025-05-03 11:23:00+00:00,2462220,93,29,5,11
2025-05-03 11:24:00+00:00,2462220,88,29,5,11
2025-05-03 11:25:00+00:00,2462220,90,25,5,11
2025-05-03 11:26:00+00:00,2462220,91,25,5,11
2025-05-03 11:27:00+00:00,2462220,84,32,5,11
2025-05-03 11:28:00+00:00,2462220,92,33,5,11
2025-05-03 11:29:00+00:00,2462220,93,29,5,11
2025-05-03 11:30:00+00:00,2462220,92,32,5,11
2025-05-03 11:31:00+00:00,2462220,89,33,5,11
2025-05-03 11:32:00+00:00,2462220,90,35,5,11
2025-05-03 11:33:00+00:00,2462220,92,33,5,11
2025-05-03 11:34:00+00:00,2462220,93,35,5,11
2025-05-03 11:35:00+00:00,2462220,94,30,5,11
2025-05-03 11:36:00+00:00,2462220,92,30,5,11
2025-05-03 11:37:00+00:00,2462220,92,26,5,11
2025-05-03 11:38:00+00:00,2462220,91,24,5,11
2025-05-03 11:39:00+00:00,2462220,96,32,5,11
2025-05-03 11:40:00+00:00,2462220,95,35,5,11
2025-05-03 11:41:00+00:00,2462220,96,38,5,11
2025-05-03 11:42:00+00:00,2462220,94,43,5,11
2025-05-03 11:43:00+00:00,2462220,89,44,5,11
2025-05-03 11:44:00+00:00,2462220,92,36,5,11
2025-05-03 11:45:00+00:00,2462220,98,41,5,11
2025-05-03 11:46:00+00:00,2462220,95,30,5,11
2025-05-03 11:47:00+00:00,2462220,90,27,5,11
2025-05-03 11:48:00+00:00,2462220,95,30,5,11
2025-05-03 11:49:00+00:00,2462220,95,31,5,11
2025-05-03 11:50:00+00:00,2462220,90,33,5,11
2025-05-03 11:51:00+00:00,2462220,86,33,5,11
2025-05-03 11:52:00+00:00,2462220,93,42,5,11
2025-05-03 11:53:00+00:00,2462220,91,41,5,11
2025-05-03 11:54:00+00:00,2462220,92,46,5,11
2025-05-03 11:55:00+00:00,2462220,93,39,5,11
2025-05-03 11:56:00+00:00,2462220,98,46,5,11
2025-05-03 11:57:00+00:00,2462220,94,39,5,11
2025-05-03 11:58:00+00:00,2462220,94,39,5,11
2025-05-03 11:59:00+00:00,2462220,96,36,5,11
2025-05-03 12:00:00+00:00,2462220,93,43,5,12
2025-05-03 12:01:00+00:00,2462220,93,43,5,12
2025-05-03 12:02:00+00:00,2462220,90,43,5,12
2025-05-03 12:03:00+00:00,2462220,91,39,5,12
2025-05-03 12:04:00+00:00,2462220,91,37,5,12
2025-05-03 12:05:00+00:00,2462220,92,31,5,12
2025-05-03 12:06:00+00:00,2462220,92,25,5,12
2025-05-03 12:07:00+00:00,2462220,83,25,5,12
2025-05-03 12:08:00+00:00,2462220,82,27,5,12
2025-05-03 12:09:00+00:00,2462220,75,26,5,12
2025-05-03 12:10:00+00:00,2462220,64,29,5,12
2025-05-03 12:11:00+00:00,2462220,45,29,5,12
2025-05-03 12:12:00+00:00,2462220,41,36,5,12
2025-05-03 12:13:00+00:00,2462220,44,35,5,12
2025-05-03 12:14:00+00:00,2462220,23,38,5,12
2025-05-03 12:15:00+00:00,2462220,22,39,5,12
2025-05-03 12:16:00+00:00,2462220,24,37,5,12
2025-05-03 12:17:00+00:00,2462220,24,35,5,12
2025-05-03 12:18:00+00:00,2462220,22,33,5,12
2025-05-03 12:19:00+00:00,2462220,19,31,5,12
2025-05-03 12:20:00+00:00,2462220,18,29,5,12
2025-05-03 12:21:00+00:00,2462220,19,29,5,12
2025-05-03 12:22:00+00:00,2462220,18,24,5,12
2025-05-03 12:23:00+00:00,2462220,13,25,5,12
2025-05-03 12:24:00+00:00,2462220,10,23,5,12
2025-05-03 12:25:00+00:00,2462220,11,22,5,12
2025-05-03 12:26:00+00:00,2462220,10,24,5,12
2025-05-03 12:27:00+00:00,2462220,12,25,5,12
2025-05-03 12:28:00+00:00,2462220,18,29,5,12
2025-05-03 12:29:00+00:00,2462220,16,33,5,12
2025-05-03 12:30:00+00:00,2462220,18,35,5,12
2025-05-03 12:31:00+00:00,2462220,17,34,5,12
2025-05-03 12:32:00+00:00,2462220,13,31,5,12
2025-05-03 12:33:00+00:00,2462220,13,30,5,12
2025-05-03 12:34:00+00:00,2462220,13,34,5,12
2025-05-03 12:35:00+00:00,2462220,12,27,5,12
2025-05-03 12:36:00+00:00,2462220,18,33,5,12
2025-05-03 12:37:00+00:00,2462220,25,38,5,12
2025-05-03 12:38:00+00:00,2462220,14,38,5,12
2025-05-03 12:39:00+00:00,2462220,13,35,5,12
2025-05-03 12:40:00+00:00,2462220,13,32,5,12
2025-05-03 12:41:00+00:00,2462220,16,26,5,12
2025-05-03 12:42:00+00:00,2462220,22,25,5,12
2025-05-03 12:43:00+00:00,2462220,19,28,5,12
2025-05-03 12:44:00+00:00,2462220,15,28,5,12
2025-05-03 12:45:00+00:00,2462220,15,33,5,12
2025-05-03 12:46:00+00:00,2462220,19,42,5,12
2025-05-03 12:47:00+00:00,2462220,15,40,5,12
2025-05-03 12:48:00+00:00,2462220,13,35,5,12
2025-05-03 12:49:00+00:00,2462220,12,32,5,12
2025-05-03 12:50:00+00:00,2462220,14,32,5,12
2025-05-03 12:51:00+00:00,2462220,22,29,5,12
2025-05-03 12:52:00+00:00,2462220,29,27,5,12
2025-05-03 12:53:00+00:00,2462220,33,28,5,12
2025-05-03 12:54:00+00:00,2462220,20,29,5,12
2025-05-03 12:55:00+00:00,2462220,15,28,5,12
2025-05-03 12:56:00+00:00,2462220,16,26,5,12
2025-05-03 12:57:00+00:00,2462220,21,29,5,12
2025-05-03 12:58:00+00:00,2462220,21,30,5,12
2025-05-03 12:59:00+00:00,2462220,11,31,5,12
2025-05-03 13:00:00+00:00,2462220,11,29,5,13
2025-05-03 13:01:00+00:00,2462220,13,31,5,13
2025-05-03 13:02:00+00:00,2462220,24,32,5,13
2025-05-03 13:03:00+00:00,2462220,32,26,5,13
2025-05-03 13:04:00+00:00,2462220,48,31,5,13
2025-05-03 13:05:00+00:00,2462220,47,29,5,13
2025-05-03 13:06:00+00:00,2462220,57,26,5,13
2025-05-03 13:07:00+00:00,2462220,66,25,5,13
2025-05-03 13:08:00+00:00,2462220,71,25,5,13
2025-05-03 13:09:00+00:00,2462220,76,24,5,13
2025-05-03 13:10:00+00:00,2462220,56,29,5,13
2025-05-03 13:11:00+00:00,2462220,33,33,5,13
2025-05-03 13:12:00+00:00,2462220,22,30,5,13
2025-05-03 13:13:00+00:00,2462220,16,28,5,13
2025-05-03 13:14:00+00:00,2462220,33,31,5,13
2025-05-03 13:15:00+00:00,2462220,83,30,5,13
2025-05-03 13:16:00+00:00,2462220,86,29,5,13
2025-05-03 13:17:00+00:00,2462220,85,28,5,13
2025-05-03 13:18:00+00:00,2462220,85,30,5,13
2025-05-03 13:19:00+00:00,2462220,92,28,5,13
2025-05-03 13:20:00+00:00,2462220,98,32,5,13
2025-05-03 13:21:00+00:00,2462220,89,35,5,13
2025-05-03 13:22:00+00:00,2462220,92,40,5,13
2025-05-03 13:23:00+00:00,2462220,95,43,5,13
2025-05-03 13:24:00+00:00,2462220,93,48,5,13
2025-05-03 13:25:00+00:00,2462220,90,48,5,13
2025-05-03 13:26:00+00:00,2462220,98,53,5,13
2025-05-03 13:27:00+00:00,2462220,93,49,5,13
2025-05-03 13:28:00+00:00,2462220,93,41,5,13
2025-05-03 13:29:00+00:00,2462220,101,36,5,13
2025-05-03 13:30:00+00:00,2462220,95,30,5,13
2025-05-03 13:31:00+00:00,2462220,84,25,5,13
2025-05-03 13:32:00+00:00,2462220,90,29,5,13
2025-05-03 13:33:00+00:00,2462220,98,33,5,13
2025-05-03 13:34:00+00:00,2462220,96,34,5,13
2025-05-03 13:35:00+00:00,2462220,90,41,5,13
2025-05-03 13:36:00+00:00,2462220,90,39,5,13
2025-05-03 13:37:00+00:00,2462220,94,38,5,13
2025-05-03 13:38:00+00:00,2462220,95,34,5,13
2025-05-03 13:39:00+00:00,2462220,94,31,5,13
2025-05-03 13:40:00+00:00,2462220,92,25,5,13
2025-05-03 13:41:00+00:00,2462220,93,27,5,13
2025-05-03 13:42:00+00:00,2462220,99,26,5,13
2025-05-03 13:43:00+00:00,2462220,91,35,5,13
2025-05-03 13:44:00+00:00,2462220,94,40,5,13
2025-05-03 13:45:00+00:00,2462220,97,38,5,13
2025-05-03 13:46:00+00:00,2462220,94,38,5,13
2025-05-03 13:47:00+00:00,2462220,88,41,5,13
2025-05-03 13:48:00+00:00,2462220,92,33,5,13
2025-05-03 13:49:00+00:00,2462220,91,36,5,13
2025-05-03 13:50:00+00:00,2462220,91,33,5,13
2025-05-03 13:51:00+00:00,2462220,101,31,5,13
2025-05-03 13:52:00+00:00,2462220,92,29,5,13
2025-05-03 13:53:00+00:00,2462220,95,31,5,13
2025-05-03 13:54:00+00:00,2462220,97,28,5,13
2025-05-03 13:55:00+00:00,2462220,96,30,5,13
2025-05-03 13:56:00+00:00,2462220,97,27,5,13
2025-05-03 13:57:00+00:00,2462220,91,34,5,13
2025-05-03 13:58:00+00:00,2462220,97,34,5,13
2025-05-03 13:59:00+00:00,2462220,90,39,5,13
2025-05-03 14:00:00+00:00,2462220,91,37,5,14
2025-05-03 14:01:00+00:00,2462220,98,44,5,14
2025-05-03 14:02:00+00:00,2462220,94,39,5,14
2025-05-03 14:03:00+00:00,2462220,91,35,5,14
2025-05-03 14:04:00+00:00,2462220,92,32,5,14
2025-05-03 14:05:00+00:00,2462220,89,29,5,14
2025-05-03 14:06:00+00:00,2462220,94,26,5,14
2025-05-03 14:07:00+00:00,2462220,96,26,5,14
2025-05-03 14:08:00+00:00,2462220,83,32,5,14
2025-05-03 14:09:00+00:00,2462220,81,30,5,14
2025-05-03 14:10:00+00:00,2462220,92,36,5,14
2025-05-03 14:11:00+00:00,2462220,100,41,5,14
2025-05-03 14:12:00+00:00,2462220,96,37,5,14
2025-05-03 14:13:00+00:00,2462220,86,34,5,14
2025-05-03 14:14:00+00:00,2462220,88,31,5,14
2025-05-03 14:15:00+00:00,2462220,88,25,5,14
2025-05-03 14:16:00+00:00,2462220,95,23,5,14
2025-05-03 14:17:00+00:00,2462220,99,23,5,14
2025-05-03 14:18:00+00:00,2462220,94,30,5,14
2025-05-03 14:19:00+00:00,2462220,97,35,5,14
2025-05-03 14:20:00+00:00,2462220,96,37,5,14
2025-05-03 14:21:00+00:00,2462220,94,42,5,14
2025-05-03 14:22:00+00:00,2462220,99,46,5,14
2025-05-03 14:23:00+00:00,2462220,94,41,5,14
2025-05-03 14:24:00+00:00,2462220,97,37,5,14
2025-05-03 14:25:00+00:00,2462220,98,32,5,14
2025-05-03 14:26:00+00:00,2462220,95,27,5,14
2025-05-03 14:27:00+00:00,2462220,98,23,5,14
2025-05-03 14:28:00+00:00,2462220,100,26,5,14
2025-05-03 14:29:00+00:00,2462220,91,26,5,14
2025-05-03 14:30:00+00:00,2462220,94,29,5,14
2025-05-03 14:31:00+00:00,2462220,100,32,5,14
2025-05-03 14:32:00+00:00,2462220,89,34,5,14
2025-05-03 14:33:00+00:00,2462220,96,36,5,14
2025-05-03 14:34:00+00:00,2462220,95,39,5,14
2025-05-03 14:35:00+00:00,2462220,92,44,5,14
2025-05-03 14:36:00+00:00,2462220,97,44,5,14
2025-05-03 14:37:00+00:00,2462220,96,42,5,14
2025-05-03 14:38:00+00:00,2462220,94,45,5,14
2025-05-03 14:39:00+00:00,2462220,86,50,5,14
2025-05-03 14:40:00+00:00,2462220,89,44,5,14
2025-05-03 14:41:00+00:00,2462220,99,45,5,14
2025-05-03 14:42:00+00:00,2462220,89,54,5,14
2025-05-03 14:43:00+00:00,2462220,93,49,5,14
2025-05-03 14:44:00+00:00,2462220,88,45,5,14
2025-05-03 14:45:00+00:00,2462220,94,49,5,14
2025-05-03 14:46:00+00:00,2462220,92,47,5,14
2025-05-03 14:47:00+00:00,2462220,89,43,5,14
2025-05-03 14:48:00+00:00,2462220,89,45,5,14
2025-05-03 14:49:00+00:00,2462220,98,42,5,14
2025-05-03 14:50:00+00:00,2462220,99,36,5,14
2025-05-03 14:51:00+00:00,2462220,89,36,5,14
2025-05-03 14:52:00+00:00,2462220,89,32,5,14
2025-05-03 14:53:00+00:00,2462220,91,30,5,14
2025-05-03 14:54:00+00:00,2462220,94,34,5,14
2025-05-03 14:55:00+00:00,2462220,90,32,5,14
2025-05-03 14:56:00+00:00,2462220,88,30,5,14
2025-05-03 14:57:00+00:00,2462220,93,34,5,14
2025-05-03 14:58:00+00:00,2462220,91,45,5,14
2025-05-03 14:59:00+00:00,2462220,96,45,5,14
2025-05-03 15:00:00+00:00,2462220,92,49,5,15
2025-05-03 15:01:00+00:00,2462220,95,52,5,15
2025-05-03 15:02:00+00:00,2462220,97,47,5,15
2025-05-03 15:03:00+00:00,2462220,92,40,5,15
2025-05-03 15:04:00+00:00,2462220,96,39,5,15
2025-05-03 15:05:00+00:00,2462220,96,36,5,15
2025-05-03 15:06:00+00:00,2462220,97,32,5,15
2025-05-03 15:07:00+00:00,2462220,95,34,5,15
2025-05-03 15:08:00+00:00,2462220,94,33,5,15
2025-05-03 15:09:00+00:00,2462220,102,34,5,15
2025-05-03 15:10:00+00:00,2462220,105,30,5,15
2025-05-03 15:11:00+00:00,2462220,104,31,5,15
2025-05-03 15:12:00+00:00,2462220,100,28,5,15
2025-05-03 15:13:00+00:00,2462220,97,23,5,15
2025-05-03 15:14:00+00:00,2462220,93,27,5,15
2025-05-03 15:15:00+00:00,2462220,95,28,5,15
2025-05-03 15:16:00+00:00,2462220,98,26,5,15
2025-05-03 15:17:00+00:00,2462220,95,29,5,15
2025-05-03 15:18:00+00:00,2462220,94,27,5,15
2025-05-03 15:19:00+00:00,2462220,95,24,5,15
2025-05-03 15:20:00+00:00,2462220,96,30,5,15
2025-05-03 15:21:00+00:00,2462220,95,30,5,15
2025-05-03 15:22:00+00:00,2462220,94,25,5,15
2025-05-03 15:23:00+00:00,2462220,85,29,5,15
2025-05-03 15:24:00+00:00,2462220,89,29,5,15
2025-05-03 15:25:00+00:00,2462220,104,33,5,15
2025-05-03 15:26:00+00:00,2462220,99,36,5,15
2025-05-03 15:27:00+00:00,2462220,100,36,5,15
2025-05-03 15:28:00+00:00,2462220,98,31,5,15
2025-05-03 15:29:00+00:00,2462220,100,38,5,15
2025-05-03 15:30:00+00:00,2462220,95,36,5,15
2025-05-03 15:31:00+00:00,2462220,95,38,5,15
2025-05-03 15:32:00+00:00,2462220,101,42,5,15
2025-05-03 15:33:00+00:00,2462220,101,41,5,15
2025-05-03 15:34:00+00:00,2462220,98,30,5,15
2025-05-03 15:35:00+00:00,2462220,97,27,5,15
2025-05-03 15:36:00+00:00,2462220,93,27,5,15
2025-05-03 15:37:00+00:00,2462220,91,24,5,15
2025-05-03 15:38:00+00:00,2462220,88,26,5,15
2025-05-03 15:39:00+00:00,2462220,94,30,5,15
2025-05-03 15:40:00+00:00,2462220,93,34,5,15
2025-05-03 15:41:00+00:00,2462220,91,29,5,15
2025-05-03 15:42:00+00:00,2462220,88,28,5,15
2025-05-03 15:43:00+00:00,2462220,94,29,5,15
2025-05-03 15:44:00+00:00,2462220,94,19,5,15
2025-05-03 15:45:00+00:00,2462220,97,24,5,15
2025-05-03 15:46:00+00:00,2462220,92,23,5,15
2025-05-03 15:47:00+00:00,2462220,96,26,5,15
2025-05-03 15:48:00+00:00,2462220,93,29,5,15
2025-05-03 15:49:00+00:00,2462220,89,35,5,15
2025-05-03 15:50:00+00:00,2462220,87,35,5,15
2025-05-03 15:51:00+00:00,2462220,90,34,5,15
2025-05-03 15:52:00+00:00,2462220,96,38,5,15
2025-05-03 15:53:00+00:00,2462220,91,33,5,15
2025-05-03 15:54:00+00:00,2462220,95,34,5,15
2025-05-03 15:55:00+00:00,2462220,94,37,5,15
2025-05-03 15:56:00+00:00,2462220,97,34,5,15
2025-05-03 15:57:00+00:00,2462220,92,27,5,15
2025-05-03 15:58:00+00:00,2462220,91,24,5,15
2025-05-03 15:59:00+00:00,2462220,100,26,5,15
2025-05-03 16:00:00+00:00,2462220,93,26,5,16
2025-05-03 16:01:00+00:00,2462220,91,30,5,16
2025-05-03 16:02:00+00:00,2462220,94,34,5,16
2025-05-03 16:03:00+00:00,2462220,94,34,5,16
2025-05-03 16:04:00+00:00,2462220,95,34,5,16
2025-05-03 16:05:00+00:00,2462220,98,28,5,16
2025-05-03 16:06:00+00:00,2462220,101,27,5,16
2025-05-03 16:07:00+00:00,2462220,91,26,5,16
2025-05-03 16:08:00+00:00,2462220,97,29,5,16
2025-05-03 16:09:00+00:00,2462220,98,24,5,16
2025-05-03 16:10:00+00:00,2462220,97,29,5,16
2025-05-03 16:11:00+00:00,2462220,98,34,5,16
2025-05-03 16:12:00+00:00,2462220,90,37,5,16
2025-05-03 16:13:00+00:00,2462220,91,38,5,16
2025-05-03 16:14:00+00:00,2462220,95,38,5,16
2025-05-03 16:15:00+00:00,2462220,94,37,5,16
2025-05-03 16:16:00+00:00,2462220,98,32,5,16
2025-05-03 16:17:00+00:00,2462220,98,33,5,16
2025-05-03 16:18:00+00:00,2462220,96,31,5,16
2025-05-03 16:19:00+00:00,2462220,95,33,5,16
2025-05-03 16:20:00+00:00,2462220,95,36,5,16
2025-05-03 16:21:00+00:00,2462220,101,34,5,16
2025-05-03 16:22:00+00:00,2462220,97,33,5,16
2025-05-03 16:23:00+00:00,2462220,92,30,5,16
2025-05-03 16:24:00+00:00,2462220,90,28,5,16
2025-05-03 16:25:00+00:00,2462220,97,29,5,16
2025-05-03 16:26:00+00:00,2462220,97,29,5,16
2025-05-03 16:27:00+00:00,2462220,90,30,5,16
2025-05-03 16:28:00+00:00,2462220,89,31,5,16
2025-05-03 16:29:00+00:00,2462220,96,36,5,16
2025-05-03 16:30:00+00:00,2462220,95,34,5,16
2025-05-03 16:31:00+00:00,2462220,94,32,5,16
2025-05-03 16:32:00+00:00,2462220,93,34,5,16
2025-05-03 16:33:00+00:00,2462220,100,33,5,16
2025-05-03 16:34:00+00:00,2462220,101,30,5,16
2025-05-03 16:35:00+00:00,2462220,100,32,5,16
2025-05-03 16:36:00+00:00,2462220,96,31,5,16
2025-05-03 16:37:00+00:00,2462220,93,29,5,16
2025-05-03 16:38:00+00:00,2462220,95,28,5,16
2025-05-03 16:39:00+00:00,2462220,99,30,5,16
2025-05-03 16:40:00+00:00,2462220,99,29,5,16
2025-05-03 16:41:00+00:00,2462220,96,26,5,16
2025-05-03 16:42:00+00:00,2462220,94,24,5,16
2025-05-03 16:43:00+00:00,2462220,97,25,5,16
2025-05-03 16:44:00+00:00,2462220,100,28,5,16
2025-05-03 16:45:00+00:00,2462220,102,31,5,16
2025-05-03 16:46:00+00:00,2462220,101,33,5,16
2025-05-03 16:47:00+00:00,2462220,94,31,5,16
2025-05-03 16:48:00+00:00,2462220,95,27,5,16
2025-05-03 16:49:00+00:00,2462220,96,30,5,16
2025-05-03 16:50:00+00:00,2462220,93,26,5,16
2025-05-03 16:51:00+00:00,2462220,94,26,5,16
2025-05-03 16:52:00+00:00,2462220,96,24,5,16
2025-05-03 16:53:00+00:00,2462220,99,29,5,16
2025-05-03 16:54:00+00:00,2462220,78,29,5,16
2025-05-03 16:55:00+00:00,2462220,87,29,5,16
2025-05-03 16:56:00+00:00,2462220,108,34,5,16
2025-05-03 16:57:00+00:00,2462220,103,36,5,16
2025-05-03 16:58:00+00:00,2462220,103,33,5,16
2025-05-03 16:59:00+00:00,2462220,101,27,5,16
2025-05-03 17:00:00+00:00,2462220,94,27,5,17
2025-05-03 17:01:00+00:00,2462220,99,24,5,17
2025-05-03 17:02:00+00:00,2462220,95,25,5,17
2025-05-03 17:03:00+00:00,2462220,95,23,5,17
2025-05-03 17:04:00+00:00,2462220,93,24,5,17
2025-05-03 17:05:00+00:00,2462220,91,25,5,17
2025-05-03 17:06:00+00:00,2462220,94,20,5,17
2025-05-03 17:07:00+00:00,2462220,92,22,5,17
2025-05-03 17:08:00+00:00,2462220,95,20,5,17
2025-05-03 17:09:00+00:00,2462220,92,23,5,17
2025-05-03 17:10:00+00:00,2462220,91,20,5,17
2025-05-03 17:11:00+00:00,2462220,91,23,5,17
2025-05-03 17:12:00+00:00,2462220,94,24,5,17
2025-05-03 17:13:00+00:00,2462220,98,35,5,17
2025-05-03 17:14:00+00:00,2462220,98,38,5,17
2025-05-03 17:15:00+00:00,2462220,93,43,5,17
2025-05-03 17:16:00+00:00,2462220,94,47,5,17
2025-05-03 17:17:00+00:00,2462220,83,49,5,17
2025-05-03 17:18:00+00:00,2462220,91,43,5,17
2025-05-03 17:19:00+00:00,2462220,95,42,5,17
2025-05-03 17:20:00+00:00,2462220,95,38,5,17
2025-05-03 17:21:00+00:00,2462220,93,34,5,17
2025-05-03 17:22:00+00:00,2462220,88,33,5,17
2025-05-03 17:23:00+00:00,2462220,84,29,5,17
2025-05-03 17:24:00+00:00,2462220,96,34,5,17
2025-05-03 17:25:00+00:00,2462220,94,34,5,17
2025-05-03 17:26:00+00:00,2462220,93,33,5,17
2025-05-03 17:27:00+00:00,2462220,95,31,5,17
2025-05-03 17:28:00+00:00,2462220,94,29,5,17
2025-05-03 17:29:00+00:00,2462220,94,21,5,17
2025-05-03 17:30:00+00:00,2462220,93,20,5,17
2025-05-03 17:31:00+00:00,2462220,93,15,5,17
2025-05-03 17:32:00+00:00,2462220,93,18,5,17
2025-05-03 17:33:00+00:00,2462220,96,18,5,17
2025-05-03 17:34:00+00:00,2462220,95,20,5,17
2025-05-03 17:35:00+00:00,2462220,99,27,5,17
2025-05-03 17:36:00+00:00,2462220,95,28,5,17
2025-05-03 17:37:00+00:00,2462220,85,27,5,17
2025-05-03 17:38:00+00:00,2462220,85,24,5,17
2025-05-03 17:39:00+00:00,2462220,89,20,5,17
2025-05-03 17:40:00+00:00,2462220,87,16,5,17
2025-05-03 17:41:00+00:00,2462220,89,13,5,17
2025-05-03 17:42:00+00:00,2462220,94,13,5,17
2025-05-03 17:43:00+00:00,2462220,92,15,5,17
2025-05-03 17:44:00+00:00,2462220,100,19,5,17
2025-05-03 17:45:00+00:00,2462220,100,16,5,17
2025-05-03 17:46:00+00:00,2462220,95,21,5,17
2025-05-03 17:47:00+00:00,2462220,89,21,5,17
2025-05-03 17:48:00+00:00,2462220,94,29,5,17
2025-05-03 17:49:00+00:00,2462220,95,33,5,17
2025-05-03 17:50:00+00:00,2462220,100,36,5,17
2025-05-03 17:51:00+00:00,2462220,94,39,5,17
2025-05-03 17:52:00+00:00,2462220,98,34,5,17
2025-05-03 17:53:00+00:00,2462220,93,30,5,17
2025-05-03 17:54:00+00:00,2462220,96,27,5,17
2025-05-03 17:55:00+00:00,2462220,96,26,5,17
2025-05-03 17:56:00+00:00,2462220,90,23,5,17
2025-05-03 17:57:00+00:00,2462220,91,25,5,17
2025-05-03 17:58:00+00:00,2462220,91,23,5,17
2025-05-03 17:59:00+00:00,2462220,92,23,5,17
2025-05-03 18:00:00+00:00,2462220,91,27,5,18
2025-05-03 18:01:00+00:00,2462220,94,29,5,18
2025-05-03 18:02:00+00:00,2462220,91,26,5,18
2025-05-03 18:03:00+00:00,2462220,91,34,5,18
2025-05-03 18:04:00+00:00,2462220,95,34,5,18
2025-05-03 18:05:00+00:00,2462220,97,28,5,18
2025-05-03 18:06:00+00:00,2462220,98,20,5,18
2025-05-03 18:07:00+00:00,2462220,100,22,5,18
2025-05-03 18:08:00+00:00,2462220,99,14,5,18
2025-05-03 18:09:00+00:00,2462220,96,14,5,18
2025-05-03 18:10:00+00:00,2462220,93,17,5,18
2025-05-03 18:11:00+00:00,2462220,94,19,5,18
2025-05-03 18:12:00+00:00,2462220,95,21,5,18
2025-05-03 18:13:00+00:00,2462220,95,28,5,18
2025-05-03 18:14:00+00:00,2462220,97,27,5,18
2025-05-03 18:15:00+00:00,2462220,98,24,5,18
2025-05-03 18:16:00+00:00,2462220,92,24,5,18
2025-05-03 18:17:00+00:00,2462220,93,24,5,18
2025-05-03 18:18:00+00:00,2462220,96,21,5,18
2025-05-03 18:19:00+00:00,2462220,98,24,5,18
2025-05-03 18:20:00+00:00,2462220,98,25,5,18
2025-05-03 18:21:00+00:00,2462220,92,29,5,18
2025-05-03 18:22:00+00:00,2462220,97,24,5,18
2025-05-03 18:23:00+00:00,2462220,94,22,5,18
2025-05-03 18:24:00+00:00,2462220,93,18,5,18
2025-05-03 18:25:00+00:00,2462220,96,24,5,18
2025-05-03 18:26:00+00:00,2462220,93,29,5,18
2025-05-03 18:27:00+00:00,2462220,94,31,5,18
2025-05-03 18:28:00+00:00,2462220,92,37,5,18
2025-05-03 18:29:00+00:00,2462220,93,34,5,18
2025-05-03 18:30:00+00:00,2462220,96,30,5,18
2025-05-03 18:31:00+00:00,2462220,101,26,5,18
2025-05-03 18:32:00+00:00,2462220,102,22,5,18
2025-05-03 18:33:00+00:00,2462220,100,17,5,18
2025-05-03 18:34:00+00:00,2462220,96,20,5,18
2025-05-03 18:35:00+00:00,2462220,95,27,5,18
2025-05-03 18:36:00+00:00,2462220,93,27,5,18
2025-05-03 18:37:00+00:00,2462220,102,32,5,18
2025-05-03 18:38:00+00:00,2462220,104,33,5,18
2025-05-03 18:39:00+00:00,2462220,97,36,5,18
2025-05-03 18:40:00+00:00,2462220,99,37,5,18
2025-05-03 18:41:00+00:00,2462220,93,35,5,18
2025-05-03 18:42:00+00:00,2462220,92,34,5,18
2025-05-03 18:43:00+00:00,2462220,93,33,5,18
2025-05-03 18:44:00+00:00,2462220,97,27,5,18
2025-05-03 18:45:00+00:00,2462220,93,27,5,18
2025-05-03 18:46:00+00:00,2462220,97,27,5,18
2025-05-03 18:47:00+00:00,2462220,99,24,5,18
2025-05-03 18:48:00+00:00,2462220,99,21,5,18
2025-05-03 18:49:00+00:00,2462220,96,20,5,18
2025-05-03 18:50:00+00:00,2462220,98,16,5,18
2025-05-03 18:51:00+00:00,2462220,95,16,5,18
2025-05-03 18:52:00+00:00,2462220,96,21,5,18
2025-05-03 18:53:00+00:00,2462220,94,25,5,18
2025-05-03 18:54:00+00:00,2462220,95,23,5,18
2025-05-03 18:55:00+00:00,2462220,96,25,5,18
2025-05-03 18:56:00+00:00,2462220,97,22,5,18
2025-05-03 18:57:00+00:00,2462220,96,22,5,18
2025-05-03 18:58:00+00:00,2462220,94,21,5,18
2025-05-03 18:59:00+00:00,2462220,93,20,5,18
2025-05-03 19:00:00+00:00,2462220,97,20,5,19
2025-05-03 19:01:00+00:00,2462220,97,20,5,19
2025-05-03 19:02:00+00:00,2462220,94,17,5,19
2025-05-03 19:03:00+00:00,2462220,93,16,5,19
2025-05-03 19:04:00+00:00,2462220,94,19,5,19
2025-05-03 19:05:00+00:00,2462220,92,22,5,19
2025-05-03 19:06:00+00:00,2462220,91,24,5,19
2025-05-03 19:07:00+00:00,2462220,93,25,5,19
2025-05-03 19:08:00+00:00,2462220,93,25,5,19
2025-05-03 19:09:00+00:00,2462220,100,25,5,19
2025-05-03 19:10:00+00:00,2462220,91,26,5,19
2025-05-03 19:11:00+00:00,2462220,92,23,5,19
2025-05-03 19:12:00+00:00,2462220,93,21,5,19
2025-05-03 19:13:00+00:00,2462220,99,23,5,19
2025-05-03 19:14:00+00:00,2462220,99,21,5,19
2025-05-03 19:15:00+00:00,2462220,95,21,5,19
2025-05-03 19:16:00+00:00,2462220,100,25,5,19
2025-05-03 19:17:00+00:00,2462220,101,24,5,19
2025-05-03 19:18:00+00:00,2462220,98,21,5,19
2025-05-03 19:19:00+00:00,2462220,97,22,5,19
2025-05-03 19:20:00+00:00,2462220,103,19,5,19
2025-05-03 19:21:00+00:00,2462220,100,18,5,19
2025-05-03 19:22:00+00:00,2462220,96,19,5,19
2025-05-03 19:23:00+00:00,2462220,95,17,5,19
2025-05-03 19:24:00+00:00,2462220,96,17,5,19
2025-05-03 19:25:00+00:00,2462220,93,17,5,19
2025-05-03 19:26:00+00:00,2462220,94,16,5,19
2025-05-03 19:27:00+00:00,2462220,98,17,5,19
2025-05-03 19:28:00+00:00,2462220,97,21,5,19
2025-05-03 19:29:00+00:00,2462220,99,22,5,19
2025-05-03 19:30:00+00:00,2462220,93,24,5,19
2025-05-03 19:31:00+00:00,2462220,88,23,5,19
2025-05-03 19:32:00+00:00,2462220,79,26,5,19
2025-05-03 19:33:00+00:00,2462220,81,23,5,19
2025-05-03 19:34:00+00:00,2462220,81,20,5,19
2025-05-03 19:35:00+00:00,2462220,84,19,5,19
2025-05-03 19:36:00+00:00,2462220,92,20,5,19
2025-05-03 19:37:00+00:00,2462220,97,17,5,19
2025-05-03 19:38:00+00:00,2462220,105,19,5,19
2025-05-03 19:39:00+00:00,2462220,110,18,5,19
2025-05-03 19:40:00+00:00,2462220,112,17,5,19
2025-05-03 19:41:00+00:00,2462220,112,14,5,19
2025-05-03 19:42:00+00:00,2462220,109,13,5,19
2025-05-03 19:43:00+00:00,2462220,105,15,5,19
2025-05-03 19:44:00+00:00,2462220,102,14,5,19
2025-05-03 19:45:00+00:00,2462220,106,18,5,19
2025-05-03 19:46:00+00:00,2462220,109,20,5,19
2025-05-03 19:47:00+00:00,2462220,112,25,5,19
2025-05-03 19:48:00+00:00,2462220,111,23,5,19
2025-05-03 19:49:00+00:00,2462220,110,23,5,19
2025-05-03 19:50:00+00:00,2462220,108,20,5,19
2025-05-03 19:51:00+00:00,2462220,110,25,5,19
2025-05-03 19:52:00+00:00,2462220,107,24,5,19
2025-05-03 19:53:00+00:00,2462220,108,23,5,19
2025-05-03 19:54:00+00:00,2462220,107,24,5,19
2025-05-03 19:55:00+00:00,2462220,105,28,5,19
2025-05-03 19:56:00+00:00,2462220,108,24,5,19
2025-05-03 19:57:00+00:00,2462220,107,20,5,19
2025-05-03 19:58:00+00:00,2462220,102,19,5,19
2025-05-03 19:59:00+00:00,2462220,104,18,5,19
2025-05-03 20:00:00+00:00,2462220,102,18,5,20
2025-05-03 20:01:00+00:00,2462220,103,16,5,20
2025-05-03 20:02:00+00:00,2462220,108,22,5,20
2025-05-03 20:03:00+00:00,2462220,116,22,5,20
2025-05-03 20:04:00+00:00,2462220,106,27,5,20
2025-05-03 20:05:00+00:00,2462220,109,26,5,20
2025-05-03 20:06:00+00:00,2462220,108,27,5,20
2025-05-03 20:07:00+00:00,2462220,105,21,5,20
2025-05-03 20:08:00+00:00,2462220,106,20,5,20
2025-05-03 20:09:00+00:00,2462220,106,17,5,20
2025-05-03 20:10:00+00:00,2462220,109,18,5,20
2025-05-03 20:11:00+00:00,2462220,111,16,5,20
2025-05-03 20:12:00+00:00,2462220,104,20,5,20
2025-05-03 20:13:00+00:00,2462220,105,16,5,20
2025-05-03 20:14:00+00:00,2462220,110,18,5,20
2025-05-03 20:15:00+00:00,2462220,109,19,5,20
2025-05-03 20:16:00+00:00,2462220,110,24,5,20
2025-05-03 20:17:00+00:00,2462220,109,24,5,20
2025-05-03 20:18:00+00:00,2462220,104,32,5,20
2025-05-03 20:19:00+00:00,2462220,108,34,5,20
2025-05-03 20:20:00+00:00,2462220,105,34,5,20
2025-05-03 20:21:00+00:00,2462220,103,30,5,20
2025-05-03 20:22:00+00:00,2462220,100,26,5,20
2025-05-03 20:23:00+00:00,2462220,100,20,5,20
2025-05-03 20:24:00+00:00,2462220,107,17,5,20
2025-05-03 20:25:00+00:00,2462220,108,17,5,20
2025-05-03 20:26:00+00:00,2462220,110,16,5,20
2025-05-03 20:27:00+00:00,2462220,110,15,5,20
2025-05-03 20:28:00+00:00,2462220,108,11,5,20
2025-05-03 20:29:00+00:00,2462220,109,6,5,20
2025-05-03 20:30:00+00:00,2462220,110,10,5,20
2025-05-03 20:31:00+00:00,2462220,110,12,5,20
2025-05-03 20:32:00+00:00,2462220,105,17,5,20
2025-05-03 20:33:00+00:00,2462220,103,23,5,20
2025-05-03 20:34:00+00:00,2462220,108,24,5,20
2025-05-03 20:35:00+00:00,2462220,114,26,5,20
2025-05-03 20:36:00+00:00,2462220,106,32,5,20
2025-05-03 20:37:00+00:00,2462220,106,27,5,20
2025-05-03 20:38:00+00:00,2462220,110,25,5,20
2025-05-03 20:39:00+00:00,2462220,108,26,5,20
2025-05-03 20:40:00+00:00,2462220,108,23,5,20
2025-05-03 20:41:00+00:00,2462220,105,18,5,20
2025-05-03 20:42:00+00:00,2462220,107,22,5,20
2025-05-03 20:43:00+00:00,2462220,107,21,5,20
2025-05-03 20:44:00+00:00,2462220,111,17,5,20
2025-05-03 20:45:00+00:00,2462220,110,21,5,20
2025-05-03 20:46:00+00:00,2462220,110,19,5,20
2025-05-03 20:47:00+00:00,2462220,108,21,5,20
2025-05-03 20:48:00+00:00,2462220,112,24,5,20
2025-05-03 20:49:00+00:00,2462220,110,23,5,20
2025-05-03 20:50:00+00:00,2462220,110,26,5,20
2025-05-03 20:51:00+00:00,2462220,110,24,5,20
2025-05-03 20:52:00+00:00,2462220,111,23,5,20
2025-05-03 20:53:00+00:00,2462220,111,16,5,20
2025-05-03 20:54:00+00:00,2462220,110,13,5,20
2025-05-03 20:55:00+00:00,2462220,111,11,5,20
2025-05-03 20:56:00+00:00,2462220,111,15,5,20
2025-05-03 20:57:00+00:00,2462220,107,18,5,20
2025-05-03 20:58:00+00:00,2462220,112,20,5,20
2025-05-03 20:59:00+00:00,2462220,111,20,5,20
2025-05-03 21:00:00+00:00,2462220,118,24,5,21
2025-05-03 21:01:00+00:00,2462220,118,20,5,21
2025-05-03 21:02:00+00:00,2462220,111,21,5,21
2025-05-03 21:03:00+00:00,2462220,102,26,5,21
2025-05-03 21:04:00+00:00,2462220,105,28,5,21
2025-05-03 21:05:00+00:00,2462220,106,24,5,21
2025-05-03 21:06:00+00:00,2462220,106,23,5,21
2025-05-03 21:07:00+00:00,2462220,109,23,5,21
2025-05-03 21:08:00+00:00,2462220,109,20,5,21
2025-05-03 21:09:00+00:00,2462220,110,20,5,21
2025-05-03 21:10:00+00:00,2462220,108,18,5,21
2025-05-03 21:11:00+00:00,2462220,108,17,5,21
2025-05-03 21:12:00+00:00,2462220,107,12,5,21
2025-05-03 21:13:00+00:00,2462220,108,10,5,21
2025-05-03 21:14:00+00:00,2462220,107,9,5,21
2025-05-03 21:15:00+00:00,2462220,110,11,5,21
2025-05-03 21:16:00+00:00,2462220,108,14,5,21
2025-05-03 21:17:00+00:00,2462220,116,12,5,21
2025-05-03 21:18:00+00:00,2462220,113,15,5,21
2025-05-03 21:19:00+00:00,2462220,112,17,5,21
2025-05-03 21:20:00+00:00,2462220,107,19,5,21
2025-05-03 21:21:00+00:00,2462220,110,16,5,21
2025-05-03 21:22:00+00:00,2462220,108,20,5,21
2025-05-03 21:23:00+00:00,2462220,110,19,5,21
2025-05-03 21:24:00+00:00,2462220,113,19,5,21
2025-05-03 21:25:00+00:00,2462220,109,15,5,21
2025-05-03 21:26:00+00:00,2462220,111,19,5,21
2025-05-03 21:27:00+00:00,2462220,109,17,5,21
2025-05-03 21:28:00+00:00,2462220,107,21,5,21
2025-05-03 21:29:00+00:00,2462220,111,20,5,21
2025-05-03 21:30:00+00:00,2462220,110,20,5,21
2025-05-03 21:31:00+00:00,2462220,109,24,5,21
2025-05-03 21:32:00+00:00,2462220,109,23,5,21
2025-05-03 21:33:00+00:00,2462220,106,25,5,21
2025-05-03 21:34:00+00:00,2462220,111,22,5,21
2025-05-03 21:35:00+00:00,2462220,107,20,5,21
2025-05-03 21:36:00+00:00,2462220,113,21,5,21
2025-05-03 21:37:00+00:00,2462220,115,21,5,21
2025-05-02 17:48:00+00:00,2462215,110,31,4,17
2025-05-02 17:49:00+00:00,2462215,105,24,4,17
2025-05-02 17:50:00+00:00,2462215,108,24,4,17
2025-05-02 17:51:00+00:00,2462215,106,24,4,17
2025-05-02 17:52:00+00:00,2462215,104,23,4,17
2025-05-02 17:53:00+00:00,2462215,104,26,4,17
2025-05-02 17:54:00+00:00,2462215,102,25,4,17
2025-05-02 17:55:00+00:00,2462215,107,27,4,17
2025-05-02 17:56:00+00:00,2462215,110,27,4,17
2025-05-02 17:57:00+00:00,2462215,108,28,4,17
2025-05-02 17:58:00+00:00,2462215,108,27,4,17
2025-05-02 17:59:00+00:00,2462215,107,28,4,17
2025-05-02 18:00:00+00:00,2462215,106,27,4,18
2025-05-02 18:01:00+00:00,2462215,106,22,4,18
2025-05-02 18:02:00+00:00,2462215,109,18,4,18
2025-05-02 18:03:00+00:00,2462215,114,24,4,18
2025-05-02 18:04:00+00:00,2462215,110,28,4,18
2025-05-02 18:05:00+00:00,2462215,110,27,4,18
2025-05-02 18:06:00+00:00,2462215,108,29,4,18
2025-05-02 18:07:00+00:00,2462215,105,31,4,18
2025-05-02 18:08:00+00:00,2462215,107,24,4,18
2025-05-02 18:09:00+00:00,2462215,106,17,4,18
2025-05-02 18:10:00+00:00,2462215,105,21,4,18
2025-05-02 18:11:00+00:00,2462215,105,24,4,18
2025-05-02 18:12:00+00:00,2462215,106,28,4,18
2025-05-02 18:13:00+00:00,2462215,100,36,4,18
2025-05-02 18:14:00+00:00,2462215,108,35,4,18
2025-05-02 18:15:00+00:00,2462215,109,34,4,18
2025-05-02 18:16:00+00:00,2462215,108,32,4,18
2025-05-02 18:17:00+00:00,2462215,108,34,4,18
2025-05-02 18:18:00+00:00,2462215,110,29,4,18
2025-05-02 18:19:00+00:00,2462215,115,27,4,18
2025-05-02 18:20:00+00:00,2462215,108,29,4,18
2025-05-02 18:21:00+00:00,2462215,112,27,4,18
2025-05-02 18:22:00+00:00,2462215,113,26,4,18
2025-05-02 18:23:00+00:00,2462215,103,27,4,18
2025-05-02 18:24:00+00:00,2462215,109,28,4,18
2025-05-02 18:25:00+00:00,2462215,116,28,4,18
2025-05-02 18:26:00+00:00,2462215,113,26,4,18
2025-05-02 18:27:00+00:00,2462215,110,24,4,18
2025-05-02 18:28:00+00:00,2462215,107,22,4,18
2025-05-02 18:29:00+00:00,2462215,107,23,4,18
2025-05-02 18:30:00+00:00,2462215,104,21,4,18
2025-05-02 18:31:00+00:00,2462215,111,26,4,18
2025-05-02 18:32:00+00:00,2462215,111,21,4,18
2025-05-02 18:33:00+00:00,2462215,115,19,4,18
2025-05-02 18:34:00+00:00,2462215,111,24,4,18
2025-05-02 18:35:00+00:00,2462215,110,25,4,18
2025-05-02 18:36:00+00:00,2462215,106,26,4,18
2025-05-02 18:37:00+00:00,2462215,108,31,4,18
2025-05-02 18:38:00+00:00,2462215,110,31,4,18
2025-05-02 18:39:00+00:00,2462215,104,26,4,18
2025-05-02 18:40:00+00:00,2462215,108,28,4,18
2025-05-02 18:41:00+00:00,2462215,104,25,4,18
2025-05-02 18:42:00+00:00,2462215,106,23,4,18
2025-05-02 18:43:00+00:00,2462215,111,26,4,18
2025-05-02 18:44:00+00:00,2462215,117,25,4,18
2025-05-02 18:45:00+00:00,2462215,116,22,4,18
2025-05-02 18:46:00+00:00,2462215,112,23,4,18
2025-05-02 18:47:00+00:00,2462215,109,23,4,18
2025-05-02 18:48:00+00:00,2462215,108,26,4,18
2025-05-02 18:49:00+00:00,2462215,107,29,4,18
2025-05-02 18:50:00+00:00,2462215,107,31,4,18
2025-05-02 18:51:00+00:00,2462215,109,32,4,18
2025-05-02 18:52:00+00:00,2462215,114,32,4,18
2025-05-02 18:53:00+00:00,2462215,105,35,4,18
2025-05-02 18:54:00+00:00,2462215,104,31,4,18
2025-05-02 18:55:00+00:00,2462215,102,31,4,18
2025-05-02 18:56:00+00:00,2462215,104,32,4,18
2025-05-02 18:57:00+00:00,2462215,105,31,4,18
2025-05-02 18:58:00+00:00,2462215,107,23,4,18
2025-05-02 18:59:00+00:00,2462215,106,29,4,18
2025-05-02 19:00:00+00:00,2462215,103,27,4,19
2025-05-02 19:01:00+00:00,2462215,105,27,4,19
2025-05-02 19:02:00+00:00,2462215,104,25,4,19
2025-05-02 19:03:00+00:00,2462215,109,24,4,19
2025-05-02 19:04:00+00:00,2462215,108,24,4,19
2025-05-02 19:05:00+00:00,2462215,109,21,4,19
2025-05-02 19:06:00+00:00,2462215,105,22,4,19
2025-05-02 19:07:00+00:00,2462215,107,32,4,19
2025-05-02 19:08:00+00:00,2462215,106,27,4,19
2025-05-02 19:09:00+00:00,2462215,104,32,4,19
2025-05-02 19:10:00+00:00,2462215,102,34,4,19
2025-05-02 19:11:00+00:00,2462215,105,33,4,19
2025-05-02 19:12:00+00:00,2462215,109,30,4,19
2025-05-02 19:13:00+00:00,2462215,112,37,4,19
2025-05-02 19:14:00+00:00,2462215,109,34,4,19
2025-05-02 19:15:00+00:00,2462215,115,35,4,19
2025-05-02 19:16:00+00:00,2462215,116,33,4,19
2025-05-02 19:17:00+00:00,2462215,118,29,4,19
2025-05-02 19:18:00+00:00,2462215,113,27,4,19
2025-05-02 19:19:00+00:00,2462215,109,18,4,19
2025-05-02 19:20:00+00:00,2462215,104,21,4,19
2025-05-02 19:21:00+00:00,2462215,104,20,4,19
2025-05-02 19:22:00+00:00,2462215,89,22,4,19
2025-05-02 19:23:00+00:00,2462215,99,26,4,19
2025-05-02 19:24:00+00:00,2462215,102,34,4,19
2025-05-02 19:25:00+00:00,2462215,105,31,4,19
2025-05-02 19:26:00+00:00,2462215,102,35,4,19
2025-05-02 19:27:00+00:00,2462215,103,35,4,19
2025-05-02 19:28:00+00:00,2462215,102,34,4,19
2025-05-02 19:29:00+00:00,2462215,102,29,4,19
2025-05-02 19:30:00+00:00,2462215,105,33,4,19
2025-05-02 19:31:00+00:00,2462215,104,32,4,19
2025-05-02 19:32:00+00:00,2462215,100,36,4,19
2025-05-02 19:33:00+00:00,2462215,98,39,4,19
2025-05-02 19:34:00+00:00,2462215,101,38,4,19
2025-05-02 19:35:00+00:00,2462215,99,33,4,19
2025-05-02 19:36:00+00:00,2462215,99,32,4,19
2025-05-02 19:37:00+00:00,2462215,101,27,4,19
2025-05-02 19:38:00+00:00,2462215,98,30,4,19
2025-05-02 19:39:00+00:00,2462215,100,34,4,19
2025-05-02 19:40:00+00:00,2462215,93,38,4,19
2025-05-02 19:41:00+00:00,2462215,101,38,4,19
2025-05-02 19:42:00+00:00,2462215,102,34,4,19
2025-05-02 19:43:00+00:00,2462215,105,34,4,19
2025-05-02 19:44:00+00:00,2462215,110,41,4,19
2025-05-02 19:45:00+00:00,2462215,111,36,4,19
2025-05-02 19:46:00+00:00,2462215,107,32,4,19
2025-05-02 19:47:00+00:00,2462215,102,36,4,19
2025-05-02 19:48:00+00:00,2462215,99,37,4,19
2025-05-02 19:49:00+00:00,2462215,102,27,4,19
2025-05-02 19:50:00+00:00,2462215,103,31,4,19
2025-05-02 19:51:00+00:00,2462215,100,38,4,19
2025-05-02 19:52:00+00:00,2462215,95,35,4,19
2025-05-02 19:53:00+00:00,2462215,92,31,4,19
2025-05-02 19:54:00+00:00,2462215,82,38,4,19
2025-05-02 19:55:00+00:00,2462215,87,39,4,19
2025-05-02 19:56:00+00:00,2462215,83,40,4,19
2025-05-02 19:57:00+00:00,2462215,88,41,4,19
2025-05-02 19:58:00+00:00,2462215,91,44,4,19
2025-05-02 19:59:00+00:00,2462215,87,37,4,19
2025-05-02 20:00:00+00:00,2462215,86,38,4,20
2025-05-02 20:01:00+00:00,2462215,82,36,4,20
2025-05-02 20:02:00+00:00,2462215,85,36,4,20
2025-05-02 20:03:00+00:00,2462215,96,34,4,20
2025-05-02 20:04:00+00:00,2462215,92,40,4,20
2025-05-02 20:05:00+00:00,2462215,87,37,4,20
2025-05-02 20:06:00+00:00,2462215,89,39,4,20
2025-05-02 20:07:00+00:00,2462215,90,42,4,20
2025-05-02 20:08:00+00:00,2462215,87,35,4,20
2025-05-02 20:09:00+00:00,2462215,84,33,4,20
2025-05-02 20:10:00+00:00,2462215,91,31,4,20
2025-05-02 20:11:00+00:00,2462215,93,28,4,20
2025-05-02 20:12:00+00:00,2462215,94,27,4,20
2025-05-02 20:13:00+00:00,2462215,85,34,4,20
2025-05-02 20:14:00+00:00,2462215,89,34,4,20
2025-05-02 20:15:00+00:00,2462215,91,33,4,20
2025-05-02 20:16:00+00:00,2462215,94,34,4,20
2025-05-02 20:17:00+00:00,2462215,99,34,4,20
2025-05-02 20:18:00+00:00,2462215,92,27,4,20
2025-05-02 20:19:00+00:00,2462215,89,27,4,20
2025-05-02 20:20:00+00:00,2462215,91,27,4,20
2025-05-02 20:21:00+00:00,2462215,92,26,4,20
2025-05-02 20:22:00+00:00,2462215,90,23,4,20
2025-05-02 20:23:00+00:00,2462215,89,21,4,20
2025-05-02 20:24:00+00:00,2462215,90,20,4,20
2025-05-02 20:25:00+00:00,2462215,101,27,4,20
2025-05-02 20:26:00+00:00,2462215,99,25,4,20
2025-05-02 20:27:00+00:00,2462215,94,30,4,20
2025-05-02 20:28:00+00:00,2462215,92,31,4,20
2025-05-02 20:29:00+00:00,2462215,90,32,4,20
2025-05-02 20:30:00+00:00,2462215,96,24,4,20
2025-05-02 20:31:00+00:00,2462215,97,24,4,20
2025-05-02 20:32:00+00:00,2462215,98,20,4,20
2025-05-02 20:33:00+00:00,2462215,98,24,4,20
2025-05-02 20:34:00+00:00,2462215,94,27,4,20
2025-05-02 20:35:00+00:00,2462215,86,29,4,20
2025-05-02 20:36:00+00:00,2462215,86,32,4,20
2025-05-02 20:37:00+00:00,2462215,90,32,4,20
2025-05-02 20:38:00+00:00,2462215,92,31,4,20
2025-05-02 20:39:00+00:00,2462215,97,30,4,20
2025-05-02 20:40:00+00:00,2462215,97,28,4,20
2025-05-02 20:41:00+00:00,2462215,100,28,4,20
2025-05-02 20:42:00+00:00,2462215,97,25,4,20
2025-05-02 20:43:00+00:00,2462215,95,24,4,20
2025-05-02 20:44:00+00:00,2462215,90,21,4,20
2025-05-02 20:45:00+00:00,2462215,90,23,4,20
2025-05-02 20:46:00+00:00,2462215,90,23,4,20
2025-05-02 20:47:00+00:00,2462215,86,29,4,20
2025-05-02 20:48:00+00:00,2462215,85,24,4,20
2025-05-02 20:49:00+00:00,2462215,85,18,4,20
2025-05-02 20:50:00+00:00,2462215,80,13,4,20
2025-05-02 20:51:00+00:00,2462215,73,18,4,20
2025-05-02 20:52:00+00:00,2462215,85,18,4,20
2025-05-02 20:53:00+00:00,2462215,91,28,4,20
2025-05-02 20:54:00+00:00,2462215,93,31,4,20
2025-05-02 20:55:00+00:00,2462215,94,33,4,20
2025-05-02 20:56:00+00:00,2462215,89,28,4,20
2025-05-02 20:57:00+00:00,2462215,93,25,4,20
2025-05-02 20:58:00+00:00,2462215,90,20,4,20
2025-05-02 20:59:00+00:00,2462215,85,19,4,20
2025-05-02 21:00:00+00:00,2462215,89,19,4,21
2025-05-02 21:01:00+00:00,2462215,82,20,4,21
2025-05-02 21:02:00+00:00,2462215,83,19,4,21
2025-05-02 21:03:00+00:00,2462215,84,20,4,21
2025-05-02 21:04:00+00:00,2462215,86,23,4,21
2025-05-02 21:05:00+00:00,2462215,84,24,4,21
2025-05-02 21:06:00+00:00,2462215,87,23,4,21
2025-05-02 21:07:00+00:00,2462215,90,24,4,21
2025-05-02 21:08:00+00:00,2462215,90,24,4,21
2025-05-02 21:09:00+00:00,2462215,86,24,4,21
2025-05-02 21:10:00+00:00,2462215,84,21,4,21
2025-05-02 21:11:00+00:00,2462215,90,20,4,21
2025-05-02 21:12:00+00:00,2462215,91,21,4,21
2025-05-02 21:13:00+00:00,2462215,94,20,4,21
2025-05-02 21:14:00+00:00,2462215,94,23,4,21
2025-05-02 21:15:00+00:00,2462215,93,22,4,21
2025-05-02 21:16:00+00:00,2462215,93,22,4,21
2025-05-02 21:17:00+00:00,2462215,94,24,4,21
2025-05-02 21:18:00+00:00,2462215,96,20,4,21
2025-05-02 21:19:00+00:00,2462215,97,18,4,21
2025-05-02 21:20:00+00:00,2462215,100,22,4,21
2025-05-02 21:21:00+00:00,2462215,102,20,4,21
2025-05-02 21:22:00+00:00,2462215,96,19,4,21
2025-05-02 21:23:00+00:00,2462215,94,24,4,21
2025-05-02 21:24:00+00:00,2462215,95,26,4,21
2025-05-02 21:25:00+00:00,2462215,94,28,4,21
2025-05-02 21:26:00+00:00,2462215,97,31,4,21
2025-05-02 21:27:00+00:00,2462215,94,30,4,21
2025-05-02 21:28:00+00:00,2462215,94,27,4,21
2025-05-02 21:29:00+00:00,2462215,90,23,4,21
2025-05-02 21:30:00+00:00,2462215,90,18,4,21
2025-05-02 21:31:00+00:00,2462215,86,19,4,21
2025-05-02 21:32:00+00:00,2462215,93,20,4,21
2025-05-02 21:33:00+00:00,2462215,88,21,4,21
2025-05-02 21:34:00+00:00,2462215,92,20,4,21
2025-05-02 21:35:00+00:00,2462215,91,24,4,21
2025-05-02 21:36:00+00:00,2462215,96,22,4,21
2025-05-02 21:37:00+00:00,2462215,95,21,4,21
2025-05-02 21:38:00+00:00,2462215,94,20,4,21
2025-05-02 21:39:00+00:00,2462215,95,21,4,21
2025-05-02 21:40:00+00:00,2462215,84,21,4,21
2025-05-02 21:41:00+00:00,2462215,84,20,4,21
2025-05-02 21:42:00+00:00,2462215,90,22,4,21
2025-05-02 21:43:00+00:00,2462215,88,24,4,21
2025-05-02 21:44:00+00:00,2462215,93,23,4,21
2025-05-02 21:45:00+00:00,2462215,83,23,4,21
2025-05-02 21:46:00+00:00,2462215,85,24,4,21
2025-05-02 21:47:00+00:00,2462215,91,22,4,21
2025-05-02 21:48:00+00:00,2462215,92,20,4,21
2025-05-02 21:49:00+00:00,2462215,90,26,4,21
2025-05-02 21:50:00+00:00,2462215,92,25,4,21
2025-05-02 21:51:00+00:00,2462215,92,21,4,21
2025-05-02 21:52:00+00:00,2462215,88,18,4,21
2025-05-02 21:53:00+00:00,2462215,84,16,4,21
2025-05-02 21:54:00+00:00,2462215,87,16,4,21
2025-05-02 21:55:00+00:00,2462215,93,17,4,21
2025-05-02 21:56:00+00:00,2462215,93,20,4,21
2025-05-02 21:57:00+00:00,2462215,91,19,4,21
2025-05-02 21:58:00+00:00,2462215,89,20,4,21
2025-05-02 21:59:00+00:00,2462215,94,18,4,21
2025-05-02 22:00:00+00:00,2462215,90,19,4,22
2025-05-02 22:01:00+00:00,2462215,90,15,4,22
2025-05-02 22:02:00+00:00,2462215,94,18,4,22
2025-05-02 22:03:00+00:00,2462215,95,15,4,22
2025-05-02 22:04:00+00:00,2462215,93,15,4,22
2025-05-02 22:05:00+00:00,2462215,92,12,4,22
2025-05-02 22:06:00+00:00,2462215,87,17,4,22
2025-05-02 22:07:00+00:00,2462215,93,21,4,22
2025-05-02 22:08:00+00:00,2462215,95,18,4,22
2025-05-02 22:09:00+00:00,2462215,94,17,4,22
2025-05-02 22:10:00+00:00,2462215,92,18,4,22
2025-05-02 22:11:00+00:00,2462215,94,15,4,22
2025-05-02 22:12:00+00:00,2462215,97,12,4,22
2025-05-02 22:13:00+00:00,2462215,98,14,4,22
2025-05-02 22:14:00+00:00,2462215,96,12,4,22
2025-05-02 22:15:00+00:00,2462215,96,9,4,22
2025-05-02 22:16:00+00:00,2462215,94,13,4,22
2025-05-02 22:17:00+00:00,2462215,96,10,4,22
2025-05-02 22:18:00+00:00,2462215,95,11,4,22
2025-05-02 22:19:00+00:00,2462215,94,12,4,22
2025-05-02 22:20:00+00:00,2462215,93,13,4,22
2025-05-02 22:21:00+00:00,2462215,92,10,4,22
2025-05-02 22:22:00+00:00,2462215,91,11,4,22
2025-05-02 22:23:00+00:00,2462215,94,8,4,22
2025-05-02 22:24:00+00:00,2462215,94,7,4,22
2025-05-02 22:25:00+00:00,2462215,89,11,4,22
2025-05-02 22:26:00+00:00,2462215,91,13,4,22
2025-05-02 22:27:00+00:00,2462215,92,11,4,22
2025-05-02 22:28:00+00:00,2462215,93,10,4,22
2025-05-02 22:29:00+00:00,2462215,89,17,4,22
2025-05-02 22:30:00+00:00,2462215,92,13,4,22
2025-05-02 22:31:00+00:00,2462215,95,17,4,22
2025-05-02 22:32:00+00:00,2462215,100,21,4,22
2025-05-02 22:33:00+00:00,2462215,99,21,4,22
2025-05-02 22:34:00+00:00,2462215,97,19,4,22
2025-05-02 22:35:00+00:00,2462215,92,19,4,22
2025-05-02 22:36:00+00:00,2462215,93,15,4,22
2025-05-02 22:37:00+00:00,2462215,94,13,4,22
2025-05-02 22:38:00+00:00,2462215,90,13,4,22
2025-05-02 22:39:00+00:00,2462215,90,10,4,22
2025-05-02 22:40:00+00:00,2462215,90,7,4,22
2025-05-02 22:41:00+00:00,2462215,94,7,4,22
2025-05-02 22:42:00+00:00,2462215,93,7,4,22
2025-05-02 22:43:00+00:00,2462215,93,4,4,22
2025-05-02 22:44:00+00:00,2462215,93,4,4,22
2025-05-02 22:45:00+00:00,2462215,93,5,4,22
2025-05-02 22:46:00+00:00,2462215,92,6,4,22
2025-05-02 22:47:00+00:00,2462215,91,8,4,22
2025-05-02 22:48:00+00:00,2462215,96,11,4,22
2025-05-02 22:49:00+00:00,2462215,94,13,4,22
2025-05-02 22:50:00+00:00,2462215,90,16,4,22
2025-05-02 22:51:00+00:00,2462215,88,14,4,22
2025-05-02 22:52:00+00:00,2462215,88,10,4,22
2025-05-02 22:53:00+00:00,2462215,88,11,4,22
2025-05-02 22:54:00+00:00,2462215,90,10,4,22
2025-05-02 22:55:00+00:00,2462215,89,7,4,22
2025-05-02 22:56:00+00:00,2462215,89,11,4,22
2025-05-02 22:57:00+00:00,2462215,91,10,4,22
2025-05-02 22:58:00+00:00,2462215,93,11,4,22
2025-05-02 22:59:00+00:00,2462215,93,10,4,22
2025-05-02 23:00:00+00:00,2462215,92,11,4,23
2025-05-02 23:01:00+00:00,2462215,92,6,4,23
2025-05-02 23:02:00+00:00,2462215,92,6,4,23
2025-05-02 23:03:00+00:00,2462215,92,3,4,23
2025-05-02 23:04:00+00:00,2462215,91,5,4,23
2025-05-02 23:05:00+00:00,2462215,87,6,4,23
2025-05-02 23:06:00+00:00,2462215,83,10,4,23
2025-05-02 23:07:00+00:00,2462215,84,11,4,23
2025-05-02 23:08:00+00:00,2462215,85,13,4,23
2025-05-02 23:09:00+00:00,2462215,85,12,4,23
2025-05-02 23:10:00+00:00,2462215,85,10,4,23
2025-05-02 23:11:00+00:00,2462215,86,8,4,23
2025-05-02 23:12:00+00:00,2462215,86,6,4,23
2025-05-02 23:13:00+00:00,2462215,86,4,4,23
2025-05-02 23:14:00+00:00,2462215,86,4,4,23
2025-05-02 23:15:00+00:00,2462215,89,6,4,23
2025-05-02 23:16:00+00:00,2462215,93,7,4,23
2025-05-02 23:17:00+00:00,2462215,96,12,4,23
2025-05-02 23:18:00+00:00,2462215,97,15,4,23
2025-05-02 23:19:00+00:00,2462215,98,16,4,23
2025-05-02 23:20:00+00:00,2462215,99,16,4,23
2025-05-02 23:21:00+00:00,2462215,99,14,4,23
2025-05-02 23:22:00+00:00,2462215,96,10,4,23
2025-05-02 23:23:00+00:00,2462215,95,6,4,23
2025-05-02 23:24:00+00:00,2462215,96,4,4,23
2025-05-02 23:25:00+00:00,2462215,91,6,4,23
2025-05-02 23:26:00+00:00,2462215,91,6,4,23
2025-05-02 23:27:00+00:00,2462215,94,7,4,23
2025-05-02 23:28:00+00:00,2462215,93,7,4,23
2025-05-02 23:29:00+00:00,2462215,89,10,4,23
2025-05-02 23:30:00+00:00,2462215,88,9,4,23
2025-05-02 23:31:00+00:00,2462215,90,9,4,23
2025-05-02 23:32:00+00:00,2462215,89,9,4,23
2025-05-02 23:33:00+00:00,2462215,93,13,4,23
2025-05-02 23:34:00+00:00,2462215,95,13,4,23
2025-05-02 23:35:00+00:00,2462215,95,10,4,23
2025-05-02 23:36:00+00:00,2462215,96,10,4,23
2025-05-02 23:37:00+00:00,2462215,96,7,4,23
2025-05-02 23:38:00+00:00,2462215,97,5,4,23
2025-05-02 23:39:00+00:00,2462215,98,3,4,23
2025-05-02 23:40:00+00:00,2462215,95,4,4,23
2025-05-02 23:41:00+00:00,2462215,95,3,4,23
2025-05-02 23:42:00+00:00,2462215,95,3,4,23
2025-05-02 23:43:00+00:00,2462215,95,2,4,23
2025-05-02 23:44:00+00:00,2462215,95,1,4,23
2025-05-02 23:45:00+00:00,2462215,94,1,4,23
2025-05-02 23:46:00+00:00,2462215,94,1,4,23
2025-05-02 23:47:00+00:00,2462215,91,3,4,23
2025-05-02 23:48:00+00:00,2462215,91,3,4,23
2025-05-02 23:49:00+00:00,2462215,90,5,4,23
2025-05-02 23:50:00+00:00,2462215,89,5,4,23
2025-05-02 23:51:00+00:00,2462215,89,6,4,23
2025-05-02 23:52:00+00:00,2462215,89,4,4,23
2025-05-02 23:53:00+00:00,2462215,90,5,4,23
2025-05-02 23:54:00+00:00,2462215,90,3,4,23
2025-05-02 23:55:00+00:00,2462215,93,3,4,23
2025-05-02 23:56:00+00:00,2462215,93,5,4,23
2025-05-02 23:57:00+00:00,2462215,92,6,4,23
2025-05-02 23:58:00+00:00,2462215,90,7,4,23
2025-05-02 23:59:00+00:00,2462215,90,7,4,23
2025-05-03 00:00:00+00:00,2462215,90,6,5,0
2025-05-03 00:01:00+00:00,2462215,95,5,5,0
2025-05-03 00:02:00+00:00,2462215,96,8,5,0
2025-05-03 00:03:00+00:00,2462215,99,8,5,0
2025-05-03 00:04:00+00:00,2462215,99,8,5,0
2025-05-03 00:05:00+00:00,2462215,99,8,5,0
2025-05-03 00:06:00+00:00,2462215,99,6,5,0
2025-05-03 00:07:00+00:00,2462215,99,2,5,0
2025-05-03 00:08:00+00:00,2462215,95,2,5,0
2025-05-03 00:09:00+00:00,2462215,97,4,5,0
2025-05-03 00:10:00+00:00,2462215,98,5,5,0
2025-05-03 00:11:00+00:00,2462215,98,6,5,0
2025-05-03 00:12:00+00:00,2462215,98,6,5,0
2025-05-03 00:13:00+00:00,2462215,98,4,5,0
2025-05-03 00:14:00+00:00,2462215,98,4,5,0
2025-05-03 00:15:00+00:00,2462215,98,5,5,0
2025-05-03 00:16:00+00:00,2462215,99,5,5,0
2025-05-03 00:17:00+00:00,2462215,99,5,5,0
2025-05-03 00:18:00+00:00,2462215,99,5,5,0
2025-05-03 00:19:00+00:00,2462215,99,2,5,0
2025-05-03 00:20:00+00:00,2462215,98,2,5,0
2025-05-03 00:21:00+00:00,2462215,92,4,5,0
2025-05-03 00:22:00+00:00,2462215,92,7,5,0
2025-05-03 00:23:00+00:00,2462215,92,7,5,0
2025-05-03 00:24:00+00:00,2462215,92,6,5,0
2025-05-03 00:25:00+00:00,2462215,94,7,5,0
2025-05-03 00:26:00+00:00,2462215,94,2,5,0
2025-05-03 00:27:00+00:00,2462215,92,2,5,0
2025-05-03 00:28:00+00:00,2462215,92,2,5,0
2025-05-03 00:29:00+00:00,2462215,92,2,5,0
2025-05-03 00:30:00+00:00,2462215,94,2,5,0
2025-05-03 00:31:00+00:00,2462215,94,1,5,0
2025-05-03 00:32:00+00:00,2462215,90,4,5,0
2025-05-03 00:33:00+00:00,2462215,92,6,5,0
2025-05-03 00:34:00+00:00,2462215,92,6,5,0
2025-05-03 00:35:00+00:00,2462215,89,8,5,0
2025-05-03 00:36:00+00:00,2462215,89,8,5,0
2025-05-03 00:37:00+00:00,2462215,83,7,5,0
2025-05-03 00:38:00+00:00,2462215,81,6,5,0
2025-05-03 00:39:00+00:00,2462215,79,7,5,0
2025-05-03 00:40:00+00:00,2462215,79,4,5,0
2025-05-03 00:41:00+00:00,2462215,79,4,5,0
2025-05-03 00:42:00+00:00,2462215,81,3,5,0
2025-05-03 00:43:00+00:00,2462215,86,5,5,0
2025-05-03 00:44:00+00:00,2462215,88,5,5,0
2025-05-03 00:45:00+00:00,2462215,89,5,5,0
2025-05-03 00:46:00+00:00,2462215,90,6,5,0
2025-05-03 00:47:00+00:00,2462215,90,5,5,0
2025-05-03 00:48:00+00:00,2462215,90,3,5,0
2025-05-03 00:49:00+00:00,2462215,92,3,5,0
2025-05-03 00:50:00+00:00,2462215,92,2,5,0
2025-05-03 00:51:00+00:00,2462215,94,2,5,0
2025-05-03 00:52:00+00:00,2462215,94,2,5,0
2025-05-03 00:53:00+00:00,2462215,93,3,5,0
2025-05-03 00:54:00+00:00,2462215,90,4,5,0
2025-05-03 00:55:00+00:00,2462215,95,8,5,0
2025-05-03 00:56:00+00:00,2462215,93,8,5,0
2025-05-03 00:57:00+00:00,2462215,92,8,5,0
2025-05-03 00:58:00+00:00,2462215,94,6,5,0
2025-05-03 00:59:00+00:00,2462215,94,6,5,0
2025-05-03 01:00:00+00:00,2462215,96,3,5,1
2025-05-03 01:01:00+00:00,2462215,96,3,5,1
2025-05-03 01:02:00+00:00,2462215,95,4,5,1
2025-05-03 01:03:00+00:00,2462215,96,4,5,1
2025-05-03 01:04:00+00:00,2462215,96,5,5,1
2025-05-03 01:05:00+00:00,2462215,92,5,5,1
2025-05-03 01:06:00+00:00,2462215,93,6,5,1
2025-05-03 01:07:00+00:00,2462215,93,6,5,1
2025-05-03 01:08:00+00:00,2462215,93,5,5,1
2025-05-03 01:09:00+00:00,2462215,93,4,5,1
2025-05-03 01:10:00+00:00,2462215,91,3,5,1
2025-05-03 01:11:00+00:00,2462215,89,3,5,1
2025-05-03 01:12:00+00:00,2462215,89,2,5,1
2025-05-03 01:13:00+00:00,2462215,89,4,5,1
2025-05-03 01:14:00+00:00,2462215,92,6,5,1
2025-05-03 01:15:00+00:00,2462215,92,5,5,1
2025-05-03 01:16:00+00:00,2462215,90,5,5,1
2025-05-03 01:17:00+00:00,2462215,93,7,5,1
2025-05-03 01:18:00+00:00,2462215,90,6,5,1
2025-05-03 01:19:00+00:00,2462215,90,4,5,1
2025-05-03 01:20:00+00:00,2462215,90,3,5,1
2025-05-03 01:21:00+00:00,2462215,91,4,5,1
2025-05-03 01:22:00+00:00,2462215,91,3,5,1
2025-05-03 01:23:00+00:00,2462215,91,1,5,1
2025-05-03 01:24:00+00:00,2462215,93,2,5,1
2025-05-03 01:25:00+00:00,2462215,94,3,5,1
2025-05-03 01:26:00+00:00,2462215,94,2,5,1
2025-05-03 01:27:00+00:00,2462215,94,2,5,1
2025-05-03 01:28:00+00:00,2462215,94,2,5,1
2025-05-03 01:29:00+00:00,2462215,89,2,5,1
2025-05-03 01:30:00+00:00,2462215,89,2,5,1
2025-05-03 01:31:00+00:00,2462215,93,3,5,1
2025-05-03 01:32:00+00:00,2462215,95,4,5,1
2025-05-03 01:33:00+00:00,2462215,93,5,5,1
2025-05-03 01:34:00+00:00,2462215,93,4,5,1
2025-05-03 01:35:00+00:00,2462215,93,3,5,1
2025-05-03 01:36:00+00:00,2462215,97,3,5,1
2025-05-03 01:37:00+00:00,2462215,100,5,5,1
2025-05-03 01:38:00+00:00,2462215,100,4,5,1
2025-05-03 01:39:00+00:00,2462215,100,4,5,1
2025-05-03 01:40:00+00:00,2462215,100,4,5,1
2025-05-03 01:41:00+00:00,2462215,100,2,5,1
2025-05-03 01:42:00+00:00,2462215,101,3,5,1
2025-05-03 01:43:00+00:00,2462215,100,4,5,1
2025-05-03 01:44:00+00:00,2462215,101,7,5,1
2025-05-03 01:45:00+00:00,2462215,97,8,5,1
2025-05-03 01:46:00+00:00,2462215,90,9,5,1
2025-05-03 01:47:00+00:00,2462215,90,7,5,1
2025-05-03 01:48:00+00:00,2462215,92,11,5,1
2025-05-03 01:49:00+00:00,2462215,92,9,5,1
2025-05-03 01:50:00+00:00,2462215,90,9,5,1
2025-05-03 01:51:00+00:00,2462215,89,8,5,1
2025-05-03 01:52:00+00:00,2462215,89,8,5,1
2025-05-03 01:53:00+00:00,2462215,89,3,5,1
2025-05-03 01:54:00+00:00,2462215,89,3,5,1
2025-05-03 01:55:00+00:00,2462215,89,2,5,1
2025-05-03 01:56:00+00:00,2462215,89,0,5,1
2025-05-03 01:57:00+00:00,2462215,89,0,5,1
2025-05-03 01:58:00+00:00,2462215,89,0,5,1
2025-05-03 01:59:00+00:00,2462215,89,0,5,1
2025-05-03 02:00:00+00:00,2462215,88,1,5,2
2025-05-03 02:01:00+00:00,2462215,88,1,5,2
2025-05-03 02:02:00+00:00,2462215,88,1,5,2
2025-05-03 02:03:00+00:00,2462215,88,1,5,2
2025-05-03 02:04:00+00:00,2462215,88,1,5,2
2025-05-03 02:05:00+00:00,2462215,88,0,5,2
2025-05-03 02:06:00+00:00,2462215,88,0,5,2
2025-05-03 02:07:00+00:00,2462215,85,1,5,2
2025-05-03 02:08:00+00:00,2462215,85,1,5,2
2025-05-03 02:09:00+00:00,2462215,85,1,5,2
2025-05-03 02:10:00+00:00,2462215,85,1,5,2
2025-05-03 02:11:00+00:00,2462215,90,3,5,2
2025-05-03 02:12:00+00:00,2462215,90,2,5,2
2025-05-03 02:13:00+00:00,2462215,90,2,5,2
2025-05-03 02:14:00+00:00,2462215,93,3,5,2
2025-05-03 02:15:00+00:00,2462215,94,4,5,2
2025-05-03 02:16:00+00:00,2462215,94,2,5,2
2025-05-03 02:17:00+00:00,2462215,93,3,5,2
2025-05-03 02:18:00+00:00,2462215,92,4,5,2
2025-05-03 02:19:00+00:00,2462215,92,3,5,2
2025-05-03 02:20:00+00:00,2462215,92,2,5,2
2025-05-03 02:21:00+00:00,2462215,87,3,5,2
2025-05-03 02:22:00+00:00,2462215,87,2,5,2
2025-05-03 02:23:00+00:00,2462215,87,2,5,2
2025-05-03 02:24:00+00:00,2462215,86,3,5,2
2025-05-03 02:25:00+00:00,2462215,90,4,5,2
2025-05-03 02:26:00+00:00,2462215,92,4,5,2
2025-05-03 02:27:00+00:00,2462215,92,5,5,2
2025-05-03 02:28:00+00:00,2462215,92,5,5,2
2025-05-03 02:29:00+00:00,2462215,92,4,5,2
2025-05-03 02:30:00+00:00,2462215,92,2,5,2
2025-05-03 02:31:00+00:00,2462215,92,1,5,2
2025-05-03 02:32:00+00:00,2462215,95,2,5,2
2025-05-03 02:33:00+00:00,2462215,94,3,5,2
2025-05-03 02:34:00+00:00,2462215,97,4,5,2
2025-05-03 02:35:00+00:00,2462215,96,6,5,2
2025-05-03 02:36:00+00:00,2462215,96,11,5,2
2025-05-03 02:37:00+00:00,2462215,96,9,5,2
2025-05-03 02:38:00+00:00,2462215,96,9,5,2
2025-05-03 02:39:00+00:00,2462215,95,8,5,2
2025-05-03 02:40:00+00:00,2462215,95,5,5,2
2025-05-03 02:41:00+00:00,2462215,95,1,5,2
2025-05-03 02:42:00+00:00,2462215,96,2,5,2
2025-05-03 02:43:00+00:00,2462215,95,3,5,2
2025-05-03 02:44:00+00:00,2462215,95,2,5,2
2025-05-03 02:45:00+00:00,2462215,95,2,5,2
2025-05-03 02:46:00+00:00,2462215,95,2,5,2
2025-05-03 02:47:00+00:00,2462215,95,3,5,2
2025-05-03 02:48:00+00:00,2462215,95,2,5,2
2025-05-03 02:49:00+00:00,2462215,94,5,5,2
2025-05-03 02:50:00+00:00,2462215,94,8,5,2
2025-05-03 02:51:00+00:00,2462215,95,7,5,2
2025-05-03 02:52:00+00:00,2462215,95,6,5,2
2025-05-03 02:53:00+00:00,2462215,95,6,5,2
2025-05-03 02:54:00+00:00,2462215,95,3,5,2
2025-05-03 02:55:00+00:00,2462215,95,2,5,2
2025-05-03 02:56:00+00:00,2462215,96,5,5,2
2025-05-03 02:57:00+00:00,2462215,96,6,5,2
2025-05-03 02:58:00+00:00,2462215,96,6,5,2
2025-05-03 02:59:00+00:00,2462215,96,4,5,2
2025-05-03 03:00:00+00:00,2462215,96,4,5,3
2025-05-03 03:01:00+00:00,2462215,96,0,5,3
2025-05-03 03:02:00+00:00,2462215,96,1,5,3
2025-05-03 03:03:00+00:00,2462215,93,5,5,3
2025-05-03 03:04:00+00:00,2462215,97,8,5,3
2025-05-03 03:05:00+00:00,2462215,96,10,5,3
2025-05-03 03:06:00+00:00,2462215,97,10,5,3
2025-05-03 03:07:00+00:00,2462215,100,10,5,3
2025-05-03 03:08:00+00:00,2462215,99,8,5,3
2025-05-03 03:09:00+00:00,2462215,99,5,5,3
2025-05-03 03:10:00+00:00,2462215,98,5,5,3
2025-05-03 03:11:00+00:00,2462215,98,6,5,3
2025-05-03 03:12:00+00:00,2462215,97,7,5,3
2025-05-03 03:13:00+00:00,2462215,97,6,5,3
2025-05-03 03:14:00+00:00,2462215,98,7,5,3
2025-05-03 03:15:00+00:00,2462215,98,4,5,3
2025-05-03 03:16:00+00:00,2462215,96,5,5,3
2025-05-03 03:17:00+00:00,2462215,95,4,5,3
2025-05-03 03:18:00+00:00,2462215,95,4,5,3
2025-05-03 03:19:00+00:00,2462215,95,5,5,3
2025-05-03 03:20:00+00:00,2462215,98,6,5,3
2025-05-03 03:21:00+00:00,2462215,98,5,5,3
2025-05-03 03:22:00+00:00,2462215,97,6,5,3
2025-05-03 03:23:00+00:00,2462215,97,6,5,3
2025-05-03 03:24:00+00:00,2462215,97,3,5,3
2025-05-03 03:25:00+00:00,2462215,102,4,5,3
2025-05-03 03:26:00+00:00,2462215,102,7,5,3
2025-05-03 03:27:00+00:00,2462215,97,8,5,3
2025-05-03 03:28:00+00:00,2462215,95,9,5,3
2025-05-03 03:29:00+00:00,2462215,95,9,5,3
2025-05-03 03:30:00+00:00,2462215,95,6,5,3
2025-05-03 03:31:00+00:00,2462215,92,3,5,3
2025-05-03 03:32:00+00:00,2462215,88,4,5,3
2025-05-03 03:33:00+00:00,2462215,87,4,5,3
2025-05-03 03:34:00+00:00,2462215,78,6,5,3
2025-05-03 03:35:00+00:00,2462215,79,8,5,3
2025-05-03 03:36:00+00:00,2462215,81,8,5,3
2025-05-03 03:37:00+00:00,2462215,84,7,5,3
2025-05-03 03:38:00+00:00,2462215,84,5,5,3
2025-05-03 03:39:00+00:00,2462215,84,6,5,3
2025-05-03 03:40:00+00:00,2462215,84,4,5,3
2025-05-03 03:41:00+00:00,2462215,84,3,5,3
2025-05-03 03:42:00+00:00,2462215,87,3,5,3
2025-05-03 03:43:00+00:00,2462215,88,4,5,3
2025-05-03 03:44:00+00:00,2462215,93,3,5,3
2025-05-03 03:45:00+00:00,2462215,89,4,5,3
2025-05-03 03:46:00+00:00,2462215,91,4,5,3
2025-05-03 03:47:00+00:00,2462215,97,7,5,3
2025-05-03 03:48:00+00:00,2462215,95,9,5,3
2025-05-03 03:49:00+00:00,2462215,95,9,5,3
2025-05-03 03:50:00+00:00,2462215,96,9,5,3
2025-05-03 03:51:00+00:00,2462215,96,10,5,3
2025-05-03 03:52:00+00:00,2462215,95,8,5,3
2025-05-03 03:53:00+00:00,2462215,93,9,5,3
2025-05-03 03:54:00+00:00,2462215,93,8,5,3
2025-05-03 03:55:00+00:00,2462215,94,8,5,3
2025-05-03 03:56:00+00:00,2462215,97,7,5,3
2025-05-03 03:57:00+00:00,2462215,98,6,5,3
2025-05-03 03:58:00+00:00,2462215,98,3,5,3
2025-05-03 03:59:00+00:00,2462215,100,7,5,3
2025-05-03 04:00:00+00:00,2462215,96,8,5,4
2025-05-03 04:01:00+00:00,2462215,98,9,5,4
2025-05-03 04:02:00+00:00,2462215,97,10,5,4
2025-05-03 04:03:00+00:00,2462215,96,11,5,4
2025-05-03 04:04:00+00:00,2462215,98,7,5,4
2025-05-03 04:05:00+00:00,2462215,97,5,5,4
2025-05-03 04:06:00+00:00,2462215,97,3,5,4
2025-05-03 04:07:00+00:00,2462215,94,4,5,4
2025-05-03 04:08:00+00:00,2462215,97,7,5,4
2025-05-03 04:09:00+00:00,2462215,95,9,5,4
2025-05-03 04:10:00+00:00,2462215,96,11,5,4
2025-05-03 04:11:00+00:00,2462215,99,13,5,4
2025-05-03 04:12:00+00:00,2462215,99,15,5,4
2025-05-03 04:13:00+00:00,2462215,99,9,5,4
2025-05-03 04:14:00+00:00,2462215,98,8,5,4
2025-05-03 04:15:00+00:00,2462215,96,9,5,4
2025-05-03 04:16:00+00:00,2462215,97,8,5,4
2025-05-03 04:17:00+00:00,2462215,97,3,5,4
2025-05-03 04:18:00+00:00,2462215,97,6,5,4
2025-05-03 04:19:00+00:00,2462215,101,6,5,4
2025-05-03 04:20:00+00:00,2462215,97,8,5,4
2025-05-03 04:21:00+00:00,2462215,95,10,5,4
2025-05-03 04:22:00+00:00,2462215,85,14,5,4
2025-05-03 04:23:00+00:00,2462215,87,14,5,4
2025-05-03 04:24:00+00:00,2462215,90,13,5,4
2025-05-03 04:25:00+00:00,2462215,90,13,5,4
2025-05-03 04:26:00+00:00,2462215,84,14,5,4
2025-05-03 04:27:00+00:00,2462215,84,10,5,4
2025-05-03 04:28:00+00:00,2462215,84,8,5,4
2025-05-03 04:29:00+00:00,2462215,87,6,5,4
2025-05-03 04:30:00+00:00,2462215,92,7,5,4
2025-05-03 04:31:00+00:00,2462215,91,8,5,4
2025-05-03 04:32:00+00:00,2462215,91,11,5,4
2025-05-03 04:33:00+00:00,2462215,94,10,5,4
2025-05-03 04:34:00+00:00,2462215,95,10,5,4
2025-05-03 04:35:00+00:00,2462215,94,10,5,4
2025-05-03 04:36:00+00:00,2462215,92,12,5,4
2025-05-03 04:37:00+00:00,2462215,92,11,5,4
2025-05-03 04:38:00+00:00,2462215,92,10,5,4
2025-05-03 04:39:00+00:00,2462215,90,11,5,4
2025-05-03 04:40:00+00:00,2462215,90,9,5,4
2025-05-03 04:41:00+00:00,2462215,92,10,5,4
2025-05-03 04:42:00+00:00,2462215,85,12,5,4
2025-05-03 04:43:00+00:00,2462215,86,13,5,4
2025-05-03 04:44:00+00:00,2462215,91,16,5,4
2025-05-03 04:45:00+00:00,2462215,103,17,5,4
2025-05-03 04:46:00+00:00,2462215,104,14,5,4
2025-05-03 04:47:00+00:00,2462215,104,11,5,4
2025-05-03 04:48:00+00:00,2462215,99,12,5,4
2025-05-03 04:49:00+00:00,2462215,99,11,5,4
2025-05-03 04:50:00+00:00,2462215,100,9,5,4
2025-05-03 04:51:00+00:00,2462215,91,11,5,4
2025-05-03 04:52:00+00:00,2462215,89,13,5,4
2025-05-03 04:53:00+00:00,2462215,93,13,5,4
2025-05-03 04:54:00+00:00,2462215,91,12,5,4
2025-05-03 04:55:00+00:00,2462215,91,14,5,4
2025-05-03 04:56:00+00:00,2462215,97,13,5,4
2025-05-03 04:57:00+00:00,2462215,99,13,5,4
2025-05-03 04:58:00+00:00,2462215,99,10,5,4
2025-05-03 04:59:00+00:00,2462215,97,10,5,4
2025-05-03 05:00:00+00:00,2462215,98,8,5,5
2025-05-03 05:01:00+00:00,2462215,98,4,5,5
2025-05-03 05:02:00+00:00,2462215,98,2,5,5
2025-05-03 05:03:00+00:00,2462215,99,5,5,5
2025-05-03 05:04:00+00:00,2462215,93,7,5,5
2025-05-03 05:05:00+00:00,2462215,91,9,5,5
2025-05-03 05:06:00+00:00,2462215,89,12,5,5
2025-05-03 05:07:00+00:00,2462215,87,15,5,5
2025-05-03 05:08:00+00:00,2462215,93,16,5,5
2025-05-03 05:09:00+00:00,2462215,98,19,5,5
2025-05-03 05:10:00+00:00,2462215,97,20,5,5
2025-05-03 05:11:00+00:00,2462215,102,20,5,5
2025-05-03 05:12:00+00:00,2462215,99,23,5,5
2025-05-03 05:13:00+00:00,2462215,97,22,5,5
2025-05-03 05:14:00+00:00,2462215,98,16,5,5
2025-05-03 05:15:00+00:00,2462215,98,20,5,5
2025-05-03 05:16:00+00:00,2462215,99,16,5,5
2025-05-03 05:17:00+00:00,2462215,100,12,5,5
2025-05-03 05:18:00+00:00,2462215,96,11,5,5
2025-05-03 05:19:00+00:00,2462215,99,15,5,5
2025-05-03 05:20:00+00:00,2462215,100,11,5,5
2025-05-03 05:21:00+00:00,2462215,100,10,5,5
2025-05-03 05:22:00+00:00,2462215,100,15,5,5
2025-05-03 05:23:00+00:00,2462215,101,17,5,5
2025-05-03 05:24:00+00:00,2462215,101,11,5,5
2025-05-03 05:25:00+00:00,2462215,99,14,5,5
2025-05-03 05:26:00+00:00,2462215,102,16,5,5
2025-05-03 05:27:00+00:00,2462215,102,10,5,5
2025-05-03 05:28:00+00:00,2462215,98,10,5,5
2025-05-03 05:29:00+00:00,2462215,93,13,5,5
2025-05-03 05:30:00+00:00,2462215,92,15,5,5
2025-05-03 05:31:00+00:00,2462215,96,20,5,5
2025-05-03 05:32:00+00:00,2462215,99,22,5,5
2025-05-03 05:33:00+00:00,2462215,101,21,5,5
2025-05-03 05:34:00+00:00,2462215,101,20,5,5
2025-05-03 05:35:00+00:00,2462215,93,19,5,5
2025-05-03 05:36:00+00:00,2462215,95,15,5,5
2025-05-03 05:37:00+00:00,2462215,95,12,5,5
2025-05-03 05:38:00+00:00,2462215,93,12,5,5
2025-05-03 05:39:00+00:00,2462215,93,6,5,5
2025-05-03 05:40:00+00:00,2462215,92,6,5,5
2025-05-03 05:41:00+00:00,2462215,95,7,5,5
2025-05-03 05:42:00+00:00,2462215,96,10,5,5
2025-05-03 05:43:00+00:00,2462215,94,10,5,5
2025-05-03 05:44:00+00:00,2462215,97,10,5,5
2025-05-03 05:45:00+00:00,2462215,100,13,5,5
2025-05-03 05:46:00+00:00,2462215,100,14,5,5
2025-05-03 05:47:00+00:00,2462215,99,14,5,5
2025-05-03 05:48:00+00:00,2462215,99,15,5,5
2025-05-03 05:49:00+00:00,2462215,96,16,5,5
2025-05-03 05:50:00+00:00,2462215,97,18,5,5
2025-05-03 05:51:00+00:00,2462215,96,16,5,5
2025-05-03 05:52:00+00:00,2462215,97,12,5,5
2025-05-03 05:53:00+00:00,2462215,93,17,5,5
2025-05-03 05:54:00+00:00,2462215,94,18,5,5
2025-05-03 05:55:00+00:00,2462215,91,18,5,5
2025-05-03 05:56:00+00:00,2462215,94,18,5,5
2025-05-03 05:57:00+00:00,2462215,95,19,5,5
2025-05-03 05:58:00+00:00,2462215,87,18,5,5
2025-05-03 05:59:00+00:00,2462215,88,17,5,5
2025-05-03 06:00:00+00:00,2462215,88,15,5,6
2025-05-03 06:01:00+00:00,2462215,89,14,5,6
2025-05-03 06:02:00+00:00,2462215,94,12,5,6
2025-05-03 06:03:00+00:00,2462215,95,11,5,6
2025-05-03 06:04:00+00:00,2462215,86,11,5,6
2025-05-03 06:05:00+00:00,2462215,88,11,5,6
2025-05-03 06:06:00+00:00,2462215,90,14,5,6
2025-05-03 06:07:00+00:00,2462215,90,20,5,6
2025-05-03 06:08:00+00:00,2462215,92,22,5,6
2025-05-03 06:09:00+00:00,2462215,91,20,5,6
2025-05-03 06:10:00+00:00,2462215,92,21,5,6
2025-05-03 06:11:00+00:00,2462215,91,21,5,6
2025-05-03 06:12:00+00:00,2462215,92,20,5,6
2025-05-03 06:13:00+00:00,2462215,93,18,5,6
2025-05-03 06:14:00+00:00,2462215,93,18,5,6
2025-05-03 06:15:00+00:00,2462215,94,18,5,6
2025-05-03 06:16:00+00:00,2462215,96,15,5,6
2025-05-03 06:17:00+00:00,2462215,97,13,5,6
2025-05-03 06:18:00+00:00,2462215,101,13,5,6
2025-05-03 06:19:00+00:00,2462215,98,18,5,6
2025-05-03 06:20:00+00:00,2462215,97,17,5,6
2025-05-03 06:21:00+00:00,2462215,90,23,5,6
2025-05-03 06:22:00+00:00,2462215,89,22,5,6
2025-05-03 06:23:00+00:00,2462215,91,24,5,6
2025-05-03 06:24:00+00:00,2462215,94,24,5,6
2025-05-03 06:25:00+00:00,2462215,97,21,5,6
2025-05-03 06:26:00+00:00,2462215,94,18,5,6
2025-05-03 06:27:00+00:00,2462215,92,22,5,6
2025-05-03 06:28:00+00:00,2462215,92,17,5,6
2025-05-03 06:29:00+00:00,2462215,90,14,5,6
2025-05-03 06:30:00+00:00,2462215,88,17,5,6
2025-05-03 06:31:00+00:00,2462215,89,14,5,6
2025-05-03 06:32:00+00:00,2462215,92,14,5,6
2025-05-03 06:33:00+00:00,2462215,93,16,5,6
2025-05-03 06:34:00+00:00,2462215,90,17,5,6
2025-05-03 06:35:00+00:00,2462215,92,17,5,6
2025-05-03 06:36:00+00:00,2462215,90,17,5,6
2025-05-03 06:37:00+00:00,2462215,91,18,5,6
2025-05-03 06:38:00+00:00,2462215,93,18,5,6
2025-05-03 06:39:00+00:00,2462215,93,21,5,6
2025-05-03 06:40:00+00:00,2462215,92,20,5,6
2025-05-03 06:41:00+00:00,2462215,92,25,5,6
2025-05-03 06:42:00+00:00,2462215,90,21,5,6
2025-05-03 06:43:00+00:00,2462215,88,22,5,6
2025-05-03 06:44:00+00:00,2462215,91,21,5,6
2025-05-03 06:45:00+00:00,2462215,92,22,5,6
2025-05-03 06:46:00+00:00,2462215,94,27,5,6
2025-05-03 06:47:00+00:00,2462215,99,26,5,6
2025-05-03 06:48:00+00:00,2462215,87,31,5,6
2025-05-03 06:49:00+00:00,2462215,87,27,5,6
2025-05-03 06:50:00+00:00,2462215,91,24,5,6
2025-05-03 06:51:00+00:00,2462215,92,25,5,6
2025-05-03 06:52:00+00:00,2462215,93,22,5,6
2025-05-03 06:53:00+00:00,2462215,83,18,5,6
2025-05-03 06:54:00+00:00,2462215,84,22,5,6
2025-05-03 06:55:00+00:00,2462215,85,22,5,6
2025-05-03 06:56:00+00:00,2462215,86,20,5,6
2025-05-03 06:57:00+00:00,2462215,87,19,5,6
2025-05-03 06:58:00+00:00,2462215,92,20,5,6
2025-05-03 06:59:00+00:00,2462215,88,18,5,6
2025-05-03 07:00:00+00:00,2462215,90,17,5,7
2025-05-03 07:01:00+00:00,2462215,89,15,5,7
2025-05-03 07:02:00+00:00,2462215,89,19,5,7
2025-05-03 07:03:00+00:00,2462215,94,20,5,7
2025-05-03 07:04:00+00:00,2462215,95,19,5,7
2025-05-03 07:05:00+00:00,2462215,95,20,5,7
2025-05-03 07:06:00+00:00,2462215,95,23,5,7
2025-05-03 07:07:00+00:00,2462215,89,28,5,7
2025-05-03 07:08:00+00:00,2462215,90,28,5,7
2025-05-03 07:09:00+00:00,2462215,93,28,5,7
2025-05-03 07:10:00+00:00,2462215,91,32,5,7
2025-05-03 07:11:00+00:00,2462215,89,29,5,7
2025-05-03 07:12:00+00:00,2462215,88,31,5,7
2025-05-03 07:13:00+00:00,2462215,88,29,5,7
2025-05-03 07:14:00+00:00,2462215,93,29,5,7
2025-05-03 07:15:00+00:00,2462215,88,30,5,7
2025-05-03 07:16:00+00:00,2462215,91,31,5,7
2025-05-03 07:17:00+00:00,2462215,89,24,5,7
2025-05-03 07:18:00+00:00,2462215,91,26,5,7
2025-05-03 07:19:00+00:00,2462215,95,29,5,7
2025-05-03 07:20:00+00:00,2462215,99,24,5,7
2025-05-03 07:21:00+00:00,2462215,94,23,5,7
2025-05-03 07:22:00+00:00,2462215,87,24,5,7
2025-05-03 07:23:00+00:00,2462215,84,22,5,7
2025-05-03 07:24:00+00:00,2462215,87,24,5,7
2025-05-03 07:25:00+00:00,2462215,89,23,5,7
2025-05-03 07:26:00+00:00,2462215,89,22,5,7
2025-05-03 07:27:00+00:00,2462215,89,21,5,7
2025-05-03 07:28:00+00:00,2462215,91,22,5,7
2025-05-03 07:29:00+00:00,2462215,98,23,5,7
2025-05-03 07:30:00+00:00,2462215,97,24,5,7
2025-05-03 07:31:00+00:00,2462215,91,28,5,7
2025-05-03 07:32:00+00:00,2462215,87,33,5,7
2025-05-03 07:33:00+00:00,2462215,87,37,5,7
2025-05-03 07:34:00+00:00,2462215,85,35,5,7
2025-05-03 07:35:00+00:00,2462215,90,39,5,7
2025-05-03 07:36:00+00:00,2462215,88,34,5,7
2025-05-03 07:37:00+00:00,2462215,98,33,5,7
2025-05-03 07:38:00+00:00,2462215,95,33,5,7
2025-05-03 07:39:00+00:00,2462215,89,28,5,7
2025-05-03 07:40:00+00:00,2462215,84,28,5,7
2025-05-03 07:41:00+00:00,2462215,88,29,5,7
2025-05-03 07:42:00+00:00,2462215,88,29,5,7
2025-05-03 07:43:00+00:00,2462215,88,33,5,7
2025-05-03 07:44:00+00:00,2462215,92,33,5,7
2025-05-03 07:45:00+00:00,2462215,95,35,5,7
2025-05-03 07:46:00+00:00,2462215,84,41,5,7
2025-05-03 07:47:00+00:00,2462215,84,43,5,7
2025-05-03 07:48:00+00:00,2462215,85,38,5,7
2025-05-03 07:49:00+00:00,2462215,87,36,5,7
2025-05-03 07:50:00+00:00,2462215,86,38,5,7
2025-05-03 07:51:00+00:00,2462215,82,36,5,7
2025-05-03 07:52:00+00:00,2462215,95,39,5,7
2025-05-03 07:53:00+00:00,2462215,91,44,5,7
2025-05-03 07:54:00+00:00,2462215,85,48,5,7
2025-05-03 07:55:00+00:00,2462215,87,44,5,7
2025-05-03 07:56:00+00:00,2462215,93,37,5,7
2025-05-03 07:57:00+00:00,2462215,93,28,5,7
2025-05-03 07:58:00+00:00,2462215,93,20,5,7
2025-05-03 07:59:00+00:00,2462215,93,9,5,7
2025-05-03 08:00:00+00:00,2462215,93,5,5,8
2025-05-03 08:01:00+00:00,2462215,60,18,5,8
2025-05-03 08:02:00+00:00,2462215,30,26,5,8
2025-05-03 08:03:00+00:00,2462215,31,31,5,8
2025-05-03 08:04:00+00:00,2462215,44,39,5,8
2025-05-03 08:05:00+00:00,2462215,55,46,5,8
2025-05-03 08:06:00+00:00,2462215,47,38,5,8
2025-05-03 08:07:00+00:00,2462215,35,36,5,8
2025-05-03 08:08:00+00:00,2462215,45,35,5,8
2025-05-03 08:09:00+00:00,2462215,54,29,5,8
2025-05-03 08:10:00+00:00,2462215,68,25,5,8
2025-05-03 08:11:00+00:00,2462215,41,26,5,8
2025-05-03 08:12:00+00:00,2462215,50,24,5,8
2025-05-03 08:13:00+00:00,2462215,62,24,5,8
2025-05-03 08:14:00+00:00,2462215,70,30,5,8
2025-05-03 08:15:00+00:00,2462215,79,33,5,8
2025-05-03 08:16:00+00:00,2462215,82,36,5,8
2025-05-03 08:17:00+00:00,2462215,88,39,5,8
2025-05-03 08:18:00+00:00,2462215,84,36,5,8
2025-05-03 08:19:00+00:00,2462215,87,35,5,8
2025-05-03 08:20:00+00:00,2462215,92,32,5,8
2025-05-03 08:21:00+00:00,2462215,93,27,5,8
2025-05-03 08:22:00+00:00,2462215,97,22,5,8
2025-05-03 08:23:00+00:00,2462215,92,27,5,8
2025-05-03 08:24:00+00:00,2462215,91,24,5,8
2025-05-03 08:25:00+00:00,2462215,91,24,5,8
2025-05-03 08:26:00+00:00,2462215,91,24,5,8
2025-05-03 08:27:00+00:00,2462215,91,31,5,8
2025-05-03 08:28:00+00:00,2462215,90,25,5,8
2025-05-03 08:29:00+00:00,2462215,88,24,5,8
2025-05-03 08:30:00+00:00,2462215,86,29,5,8
2025-05-03 08:31:00+00:00,2462215,89,29,5,8
2025-05-03 08:32:00+00:00,2462215,96,25,5,8
2025-05-03 08:33:00+00:00,2462215,92,24,5,8
2025-05-03 08:34:00+00:00,2462215,86,27,5,8
2025-05-03 08:35:00+00:00,2462215,88,26,5,8
2025-05-03 08:36:00+00:00,2462215,89,25,5,8
2025-05-03 08:37:00+00:00,2462215,86,27,5,8
2025-05-03 08:38:00+00:00,2462215,89,26,5,8
2025-05-03 08:39:00+00:00,2462215,87,24,5,8
2025-05-03 08:40:00+00:00,2462215,89,30,5,8
2025-05-03 08:41:00+00:00,2462215,93,33,5,8
2025-05-03 08:42:00+00:00,2462215,95,30,5,8
2025-05-03 08:43:00+00:00,2462215,89,36,5,8
2025-05-03 08:44:00+00:00,2462215,91,40,5,8
2025-05-03 08:45:00+00:00,2462215,99,41,5,8
2025-05-03 08:46:00+00:00,2462215,97,37,5,8
2025-05-03 08:47:00+00:00,2462215,91,35,5,8
2025-05-03 08:48:00+00:00,2462215,91,43,5,8
2025-05-03 08:49:00+00:00,2462215,92,37,5,8
2025-05-03 08:50:00+00:00,2462215,92,29,5,8
2025-05-03 08:51:00+00:00,2462215,92,28,5,8
2025-05-03 08:52:00+00:00,2462215,91,32,5,8
2025-05-03 08:53:00+00:00,2462215,90,27,5,8
2025-05-03 08:54:00+00:00,2462215,90,33,5,8
2025-05-03 08:55:00+00:00,2462215,91,38,5,8
2025-05-03 08:56:00+00:00,2462215,81,42,5,8
2025-05-03 08:57:00+00:00,2462215,86,35,5,8
2025-05-03 08:58:00+00:00,2462215,90,33,5,8
2025-05-03 08:59:00+00:00,2462215,90,30,5,8
2025-05-03 09:00:00+00:00,2462215,89,32,5,9
2025-05-03 09:01:00+00:00,2462215,84,32,5,9
2025-05-03 09:02:00+00:00,2462215,82,36,5,9
2025-05-03 09:03:00+00:00,2462215,82,32,5,9
2025-05-03 09:04:00+00:00,2462215,86,32,5,9
2025-05-03 09:05:00+00:00,2462215,87,27,5,9
2025-05-03 09:06:00+00:00,2462215,89,28,5,9
2025-05-03 09:07:00+00:00,2462215,91,26,5,9
2025-05-03 09:08:00+00:00,2462215,87,27,5,9
2025-05-03 09:09:00+00:00,2462215,84,31,5,9
2025-05-03 09:10:00+00:00,2462215,88,39,5,9
2025-05-03 09:11:00+00:00,2462215,90,39,5,9
2025-05-03 09:12:00+00:00,2462215,94,35,5,9
2025-05-03 09:13:00+00:00,2462215,91,40,5,9
2025-05-03 09:14:00+00:00,2462215,91,37,5,9
2025-05-03 09:15:00+00:00,2462215,86,32,5,9
2025-05-03 09:16:00+00:00,2462215,78,35,5,9
2025-05-03 09:17:00+00:00,2462215,83,37,5,9
2025-05-03 09:18:00+00:00,2462215,89,34,5,9
2025-05-03 09:19:00+00:00,2462215,92,31,5,9
2025-05-03 09:20:00+00:00,2462215,78,29,5,9
2025-05-03 09:21:00+00:00,2462215,83,26,5,9
2025-05-03 09:22:00+00:00,2462215,86,25,5,9
2025-05-03 09:23:00+00:00,2462215,88,22,5,9
2025-05-03 09:24:00+00:00,2462215,93,20,5,9
2025-05-03 09:25:00+00:00,2462215,92,17,5,9
2025-05-03 09:26:00+00:00,2462215,93,15,5,9
2025-05-03 09:27:00+00:00,2462215,87,17,5,9
2025-05-03 09:28:00+00:00,2462215,87,17,5,9
2025-05-03 09:29:00+00:00,2462215,87,21,5,9
2025-05-03 09:30:00+00:00,2462215,88,25,5,9
2025-05-03 09:31:00+00:00,2462215,88,29,5,9
2025-05-03 09:32:00+00:00,2462215,89,32,5,9
2025-05-03 09:33:00+00:00,2462215,92,34,5,9
2025-05-03 09:34:00+00:00,2462215,95,38,5,9
2025-05-03 09:35:00+00:00,2462215,93,36,5,9
2025-05-03 09:36:00+00:00,2462215,91,35,5,9
2025-05-03 09:37:00+00:00,2462215,95,36,5,9
2025-05-03 09:38:00+00:00,2462215,93,37,5,9
2025-05-03 09:39:00+00:00,2462215,93,34,5,9
2025-05-03 09:40:00+00:00,2462215,88,34,5,9
2025-05-03 09:41:00+00:00,2462215,93,36,5,9
2025-05-03 09:42:00+00:00,2462215,93,30,5,9
2025-05-03 09:43:00+00:00,2462215,90,27,5,9
2025-05-03 09:44:00+00:00,2462215,90,27,5,9
2025-05-03 09:45:00+00:00,2462215,91,28,5,9
2025-05-03 09:46:00+00:00,2462215,91,28,5,9
2025-05-03 09:47:00+00:00,2462215,91,29,5,9
2025-05-03 09:48:00+00:00,2462215,88,31,5,9
2025-05-03 09:49:00+00:00,2462215,93,27,5,9
2025-05-03 09:50:00+00:00,2462215,87,30,5,9
2025-05-03 09:51:00+00:00,2462215,90,26,5,9
2025-05-03 09:52:00+00:00,2462215,89,31,5,9
2025-05-03 09:53:00+00:00,2462215,91,32,5,9
2025-05-03 09:54:00+00:00,2462215,96,34,5,9
2025-05-03 09:55:00+00:00,2462215,96,28,5,9
2025-05-03 09:56:00+00:00,2462215,77,30,5,9
2025-05-03 09:57:00+00:00,2462215,79,22,5,9
2025-05-03 09:58:00+00:00,2462215,79,24,5,9
2025-05-03 09:59:00+00:00,2462215,86,25,5,9
2025-05-03 10:00:00+00:00,2462215,90,29,5,10
2025-05-03 10:01:00+00:00,2462215,91,31,5,10
2025-05-03 10:02:00+00:00,2462215,86,35,5,10
2025-05-03 10:03:00+00:00,2462215,91,34,5,10
2025-05-03 10:04:00+00:00,2462215,93,32,5,10
2025-05-03 10:05:00+00:00,2462215,92,27,5,10
2025-05-03 10:06:00+00:00,2462215,96,23,5,10
2025-05-03 10:07:00+00:00,2462215,95,20,5,10
2025-05-03 10:08:00+00:00,2462215,92,18,5,10
2025-05-03 10:09:00+00:00,2462215,91,22,5,10
2025-05-03 10:10:00+00:00,2462215,89,26,5,10
2025-05-03 10:11:00+00:00,2462215,88,30,5,10
2025-05-03 10:12:00+00:00,2462215,94,33,5,10
2025-05-03 10:13:00+00:00,2462215,89,33,5,10
2025-05-03 10:14:00+00:00,2462215,86,34,5,10
2025-05-03 10:15:00+00:00,2462215,92,33,5,10
2025-05-03 10:16:00+00:00,2462215,92,29,5,10
2025-05-03 10:17:00+00:00,2462215,86,30,5,10
2025-05-03 10:18:00+00:00,2462215,87,29,5,10
2025-05-03 10:19:00+00:00,2462215,87,24,5,10
2025-05-03 10:20:00+00:00,2462215,87,23,5,10
2025-05-03 10:21:00+00:00,2462215,89,24,5,10
2025-05-03 10:22:00+00:00,2462215,89,19,5,10
2025-05-03 10:23:00+00:00,2462215,86,18,5,10
2025-05-03 10:24:00+00:00,2462215,91,20,5,10
2025-05-03 10:25:00+00:00,2462215,88,24,5,10
2025-05-03 10:26:00+00:00,2462215,87,20,5,10
2025-05-03 10:27:00+00:00,2462215,88,24,5,10
2025-05-03 10:28:00+00:00,2462215,98,26,5,10
2025-05-03 10:29:00+00:00,2462215,101,27,5,10
2025-05-03 10:30:00+00:00,2462215,95,29,5,10
2025-05-03 10:31:00+00:00,2462215,92,33,5,10
2025-05-03 10:32:00+00:00,2462215,88,35,5,10
2025-05-03 10:33:00+00:00,2462215,86,38,5,10
2025-05-03 10:34:00+00:00,2462215,86,41,5,10
2025-05-03 10:35:00+00:00,2462215,84,42,5,10
2025-05-03 10:36:00+00:00,2462215,84,47,5,10
2025-05-03 10:37:00+00:00,2462215,86,44,5,10
2025-05-03 10:38:00+00:00,2462215,91,48,5,10
2025-05-03 10:39:00+00:00,2462215,85,46,5,10
2025-05-03 10:40:00+00:00,2462215,92,44,5,10
2025-05-03 10:41:00+00:00,2462215,93,38,5,10
2025-05-03 10:42:00+00:00,2462215,96,39,5,10
2025-05-03 10:43:00+00:00,2462215,94,27,5,10
2025-05-03 10:44:00+00:00,2462215,89,23,5,10
2025-05-03 10:45:00+00:00,2462215,78,29,5,10
2025-05-03 10:46:00+00:00,2462215,90,31,5,10
2025-05-03 10:47:00+00:00,2462215,106,32,5,10
2025-05-03 10:48:00+00:00,2462215,106,32,5,10
2025-05-03 10:49:00+00:00,2462215,87,25,5,10
2025-05-03 10:50:00+00:00,2462215,85,23,5,10
2025-05-03 10:51:00+00:00,2462215,84,19,5,10
2025-05-03 10:52:00+00:00,2462215,90,21,5,10
2025-05-03 10:53:00+00:00,2462215,96,19,5,10
2025-05-03 10:54:00+00:00,2462215,97,21,5,10
2025-05-03 10:55:00+00:00,2462215,94,20,5,10
2025-05-03 10:56:00+00:00,2462215,88,29,5,10
2025-05-03 10:57:00+00:00,2462215,89,29,5,10
2025-05-03 10:58:00+00:00,2462215,90,30,5,10
2025-05-03 10:59:00+00:00,2462215,91,30,5,10
2025-05-03 11:00:00+00:00,2462215,98,28,5,11
2025-05-03 11:01:00+00:00,2462215,94,25,5,11
2025-05-03 11:02:00+00:00,2462215,95,23,5,11
2025-05-03 11:03:00+00:00,2462215,92,21,5,11
2025-05-03 11:04:00+00:00,2462215,93,23,5,11
2025-05-03 11:05:00+00:00,2462215,91,25,5,11
2025-05-03 11:06:00+00:00,2462215,89,26,5,11
2025-05-03 11:07:00+00:00,2462215,89,30,5,11
2025-05-03 11:08:00+00:00,2462215,92,35,5,11
2025-05-03 11:09:00+00:00,2462215,97,31,5,11
2025-05-03 11:10:00+00:00,2462215,87,31,5,11
2025-05-03 11:11:00+00:00,2462215,88,32,5,11
2025-05-03 11:12:00+00:00,2462215,90,28,5,11
2025-05-03 11:13:00+00:00,2462215,92,27,5,11
2025-05-03 11:14:00+00:00,2462215,96,27,5,11
2025-05-03 11:15:00+00:00,2462215,87,29,5,11
2025-05-03 11:16:00+00:00,2462215,92,29,5,11
2025-05-03 11:17:00+00:00,2462215,90,34,5,11
2025-05-03 11:18:00+00:00,2462215,92,34,5,11
2025-05-03 11:19:00+00:00,2462215,92,37,5,11
2025-05-03 11:20:00+00:00,2462215,91,36,5,11
2025-05-03 11:21:00+00:00,2462215,96,35,5,11
2025-05-03 11:22:00+00:00,2462215,95,29,5,11
2025-05-03 11:23:00+00:00,2462215,92,29,5,11
2025-05-03 11:24:00+00:00,2462215,88,28,5,11
2025-05-03 11:25:00+00:00,2462215,90,24,5,11
2025-05-03 11:26:00+00:00,2462215,91,24,5,11
2025-05-03 11:27:00+00:00,2462215,83,32,5,11
2025-05-03 11:28:00+00:00,2462215,92,34,5,11
2025-05-03 11:29:00+00:00,2462215,93,29,5,11
2025-05-03 11:30:00+00:00,2462215,92,32,5,11
2025-05-03 11:31:00+00:00,2462215,89,33,5,11
2025-05-03 11:32:00+00:00,2462215,90,35,5,11
2025-05-03 11:33:00+00:00,2462215,92,33,5,11
2025-05-03 11:34:00+00:00,2462215,93,35,5,11
2025-05-03 11:35:00+00:00,2462215,94,30,5,11
2025-05-03 11:36:00+00:00,2462215,92,30,5,11
2025-05-03 11:37:00+00:00,2462215,92,26,5,11
2025-05-03 11:38:00+00:00,2462215,91,25,5,11
2025-05-03 11:39:00+00:00,2462215,95,32,5,11
2025-05-03 11:40:00+00:00,2462215,94,35,5,11
2025-05-03 11:41:00+00:00,2462215,96,38,5,11
2025-05-03 11:42:00+00:00,2462215,91,43,5,11
2025-05-03 11:43:00+00:00,2462215,87,44,5,11
2025-05-03 11:44:00+00:00,2462215,91,36,5,11
2025-05-03 11:45:00+00:00,2462215,97,41,5,11
2025-05-03 11:46:00+00:00,2462215,93,32,5,11
2025-05-03 11:47:00+00:00,2462215,89,27,5,11
2025-05-03 11:48:00+00:00,2462215,94,29,5,11
2025-05-03 11:49:00+00:00,2462215,95,32,5,11
2025-05-03 11:50:00+00:00,2462215,90,33,5,11
2025-05-03 11:51:00+00:00,2462215,85,33,5,11
2025-05-03 11:52:00+00:00,2462215,93,41,5,11
2025-05-03 11:53:00+00:00,2462215,90,42,5,11
2025-05-03 11:54:00+00:00,2462215,91,46,5,11
2025-05-03 11:55:00+00:00,2462215,92,39,5,11
2025-05-03 11:56:00+00:00,2462215,96,46,5,11
2025-05-03 11:57:00+00:00,2462215,92,39,5,11
2025-05-03 11:58:00+00:00,2462215,94,39,5,11
2025-05-03 11:59:00+00:00,2462215,95,36,5,11
2025-05-03 12:00:00+00:00,2462215,92,43,5,12
2025-05-03 12:01:00+00:00,2462215,89,43,5,12
2025-05-03 12:02:00+00:00,2462215,88,43,5,12
2025-05-03 12:03:00+00:00,2462215,85,39,5,12
2025-05-03 12:04:00+00:00,2462215,90,37,5,12
2025-05-03 12:05:00+00:00,2462215,91,31,5,12
2025-05-03 12:06:00+00:00,2462215,91,27,5,12
2025-05-03 12:07:00+00:00,2462215,75,25,5,12
2025-05-03 12:08:00+00:00,2462215,78,27,5,12
2025-05-03 12:09:00+00:00,2462215,72,26,5,12
2025-05-03 12:10:00+00:00,2462215,55,29,5,12
2025-05-03 12:11:00+00:00,2462215,36,28,5,12
2025-05-03 12:12:00+00:00,2462215,27,36,5,12
2025-05-03 12:13:00+00:00,2462215,30,33,5,12
2025-05-03 12:14:00+00:00,2462215,21,38,5,12
2025-05-03 12:15:00+00:00,2462215,15,40,5,12
2025-05-03 12:16:00+00:00,2462215,17,37,5,12
2025-05-03 12:17:00+00:00,2462215,21,35,5,12
2025-05-03 12:18:00+00:00,2462215,20,35,5,12
2025-05-03 12:19:00+00:00,2462215,18,30,5,12
2025-05-03 12:20:00+00:00,2462215,18,29,5,12
2025-05-03 12:21:00+00:00,2462215,19,29,5,12
2025-05-03 12:22:00+00:00,2462215,16,24,5,12
2025-05-03 12:23:00+00:00,2462215,10,24,5,12
2025-05-03 12:24:00+00:00,2462215,9,23,5,12
2025-05-03 12:25:00+00:00,2462215,11,22,5,12
2025-05-03 12:26:00+00:00,2462215,13,25,5,12
2025-05-03 12:27:00+00:00,2462215,13,25,5,12
2025-05-03 12:28:00+00:00,2462215,15,30,5,12
2025-05-03 12:29:00+00:00,2462215,16,33,5,12
2025-05-03 12:30:00+00:00,2462215,17,34,5,12
2025-05-03 12:31:00+00:00,2462215,14,33,5,12
2025-05-03 12:32:00+00:00,2462215,14,29,5,12
2025-05-03 12:33:00+00:00,2462215,13,29,5,12
2025-05-03 12:34:00+00:00,2462215,10,33,5,12
2025-05-03 12:35:00+00:00,2462215,9,28,5,12
2025-05-03 12:36:00+00:00,2462215,18,33,5,12
2025-05-03 12:37:00+00:00,2462215,15,39,5,12
2025-05-03 12:38:00+00:00,2462215,10,40,5,12
2025-05-03 12:39:00+00:00,2462215,11,38,5,12
2025-05-03 12:40:00+00:00,2462215,12,33,5,12
2025-05-03 12:41:00+00:00,2462215,16,26,5,12
2025-05-03 12:42:00+00:00,2462215,19,25,5,12
2025-05-03 12:43:00+00:00,2462215,17,26,5,12
2025-05-03 12:44:00+00:00,2462215,16,27,5,12
2025-05-03 12:45:00+00:00,2462215,18,33,5,12
2025-05-03 12:46:00+00:00,2462215,17,41,5,12
2025-05-03 12:47:00+00:00,2462215,14,42,5,12
2025-05-03 12:48:00+00:00,2462215,14,34,5,12
2025-05-03 12:49:00+00:00,2462215,14,32,5,12
2025-05-03 12:50:00+00:00,2462215,16,33,5,12
2025-05-03 12:51:00+00:00,2462215,23,30,5,12
2025-05-03 12:52:00+00:00,2462215,25,27,5,12
2025-05-03 12:53:00+00:00,2462215,24,30,5,12
2025-05-03 12:54:00+00:00,2462215,19,31,5,12
2025-05-03 12:55:00+00:00,2462215,19,31,5,12
2025-05-03 12:56:00+00:00,2462215,18,26,5,12
2025-05-03 12:57:00+00:00,2462215,17,28,5,12
2025-05-03 12:58:00+00:00,2462215,19,28,5,12
2025-05-03 12:59:00+00:00,2462215,9,29,5,12
2025-05-03 13:00:00+00:00,2462215,12,28,5,13
2025-05-03 13:01:00+00:00,2462215,15,31,5,13
2025-05-03 13:02:00+00:00,2462215,21,31,5,13
2025-05-03 13:03:00+00:00,2462215,28,28,5,13
2025-05-03 13:04:00+00:00,2462215,36,31,5,13
2025-05-03 13:05:00+00:00,2462215,33,29,5,13
2025-05-03 13:06:00+00:00,2462215,44,28,5,13
2025-05-03 13:07:00+00:00,2462215,63,27,5,13
2025-05-03 13:08:00+00:00,2462215,63,25,5,13
2025-05-03 13:09:00+00:00,2462215,61,24,5,13
2025-05-03 13:10:00+00:00,2462215,42,29,5,13
2025-05-03 13:11:00+00:00,2462215,20,33,5,13
2025-05-03 13:12:00+00:00,2462215,14,30,5,13
2025-05-03 13:13:00+00:00,2462215,14,29,5,13
2025-05-03 13:14:00+00:00,2462215,35,32,5,13
2025-05-03 13:15:00+00:00,2462215,78,31,5,13
2025-05-03 13:16:00+00:00,2462215,84,30,5,13
2025-05-03 13:17:00+00:00,2462215,84,28,5,13
2025-05-03 13:18:00+00:00,2462215,85,30,5,13
2025-05-03 13:19:00+00:00,2462215,91,28,5,13
2025-05-03 13:20:00+00:00,2462215,96,31,5,13
2025-05-03 13:21:00+00:00,2462215,88,35,5,13
2025-05-03 13:22:00+00:00,2462215,92,39,5,13
2025-05-03 13:23:00+00:00,2462215,95,43,5,13
2025-05-03 13:24:00+00:00,2462215,92,48,5,13
2025-05-03 13:25:00+00:00,2462215,89,48,5,13
2025-05-03 13:26:00+00:00,2462215,97,52,5,13
2025-05-03 13:27:00+00:00,2462215,93,49,5,13
2025-05-03 13:28:00+00:00,2462215,93,41,5,13
2025-05-03 13:29:00+00:00,2462215,100,36,5,13
2025-05-03 13:30:00+00:00,2462215,95,30,5,13
2025-05-03 13:31:00+00:00,2462215,83,25,5,13
2025-05-03 13:32:00+00:00,2462215,90,29,5,13
2025-05-03 13:33:00+00:00,2462215,97,33,5,13
2025-05-03 13:34:00+00:00,2462215,95,34,5,13
2025-05-03 13:35:00+00:00,2462215,89,41,5,13
2025-05-03 13:36:00+00:00,2462215,90,39,5,13
2025-05-03 13:37:00+00:00,2462215,92,38,5,13
2025-05-03 13:38:00+00:00,2462215,94,36,5,13
2025-05-03 13:39:00+00:00,2462215,93,31,5,13
2025-05-03 13:40:00+00:00,2462215,92,23,5,13
2025-05-03 13:41:00+00:00,2462215,92,26,5,13
2025-05-03 13:42:00+00:00,2462215,97,25,5,13
2025-05-03 13:43:00+00:00,2462215,90,34,5,13
2025-05-03 13:44:00+00:00,2462215,94,40,5,13
2025-05-03 13:45:00+00:00,2462215,96,40,5,13
2025-05-03 13:46:00+00:00,2462215,88,37,5,13
2025-05-03 13:47:00+00:00,2462215,86,42,5,13
2025-05-03 13:48:00+00:00,2462215,92,33,5,13
2025-05-03 13:49:00+00:00,2462215,89,36,5,13
2025-05-03 13:50:00+00:00,2462215,89,33,5,13
2025-05-03 13:51:00+00:00,2462215,100,32,5,13
2025-05-03 13:52:00+00:00,2462215,92,30,5,13
2025-05-03 13:53:00+00:00,2462215,95,33,5,13
2025-05-03 13:54:00+00:00,2462215,96,29,5,13
2025-05-03 13:55:00+00:00,2462215,95,31,5,13
2025-05-03 13:56:00+00:00,2462215,95,28,5,13
2025-05-03 13:57:00+00:00,2462215,89,32,5,13
2025-05-03 13:58:00+00:00,2462215,95,34,5,13
2025-05-03 13:59:00+00:00,2462215,90,39,5,13
2025-05-03 14:00:00+00:00,2462215,90,37,5,14
2025-05-03 14:01:00+00:00,2462215,97,43,5,14
2025-05-03 14:02:00+00:00,2462215,94,38,5,14
2025-05-03 14:03:00+00:00,2462215,89,35,5,14
2025-05-03 14:04:00+00:00,2462215,91,32,5,14
2025-05-03 14:05:00+00:00,2462215,89,30,5,14
2025-05-03 14:06:00+00:00,2462215,94,26,5,14
2025-05-03 14:07:00+00:00,2462215,96,26,5,14
2025-05-03 14:08:00+00:00,2462215,84,32,5,14
2025-05-03 14:09:00+00:00,2462215,82,30,5,14
2025-05-03 14:10:00+00:00,2462215,92,36,5,14
2025-05-03 14:11:00+00:00,2462215,99,41,5,14
2025-05-03 14:12:00+00:00,2462215,95,37,5,14
2025-05-03 14:13:00+00:00,2462215,84,34,5,14
2025-05-03 14:14:00+00:00,2462215,87,31,5,14
2025-05-03 14:15:00+00:00,2462215,86,26,5,14
2025-05-03 14:16:00+00:00,2462215,92,23,5,14
2025-05-03 14:17:00+00:00,2462215,97,23,5,14
2025-05-03 14:18:00+00:00,2462215,92,30,5,14
2025-05-03 14:19:00+00:00,2462215,96,35,5,14
2025-05-03 14:20:00+00:00,2462215,96,37,5,14
2025-05-03 14:21:00+00:00,2462215,93,42,5,14
2025-05-03 14:22:00+00:00,2462215,98,46,5,14
2025-05-03 14:23:00+00:00,2462215,93,40,5,14
2025-05-03 14:24:00+00:00,2462215,96,37,5,14
2025-05-03 14:25:00+00:00,2462215,97,34,5,14
2025-05-03 14:26:00+00:00,2462215,95,27,5,14
2025-05-03 14:27:00+00:00,2462215,98,23,5,14
2025-05-03 14:28:00+00:00,2462215,99,26,5,14
2025-05-03 14:29:00+00:00,2462215,91,26,5,14
2025-05-03 14:30:00+00:00,2462215,94,29,5,14
2025-05-03 14:31:00+00:00,2462215,100,32,5,14
2025-05-03 14:32:00+00:00,2462215,89,34,5,14
2025-05-03 14:33:00+00:00,2462215,96,36,5,14
2025-05-03 14:34:00+00:00,2462215,94,40,5,14
2025-05-03 14:35:00+00:00,2462215,91,42,5,14
2025-05-03 14:36:00+00:00,2462215,95,44,5,14
2025-05-03 14:37:00+00:00,2462215,95,42,5,14
2025-05-03 14:38:00+00:00,2462215,94,45,5,14
2025-05-03 14:39:00+00:00,2462215,85,49,5,14
2025-05-03 14:40:00+00:00,2462215,88,44,5,14
2025-05-03 14:41:00+00:00,2462215,98,46,5,14
2025-05-03 14:42:00+00:00,2462215,88,54,5,14
2025-05-03 14:43:00+00:00,2462215,87,49,5,14
2025-05-03 14:44:00+00:00,2462215,86,45,5,14
2025-05-03 14:45:00+00:00,2462215,93,48,5,14
2025-05-03 14:46:00+00:00,2462215,91,47,5,14
2025-05-03 14:47:00+00:00,2462215,90,45,5,14
2025-05-03 14:48:00+00:00,2462215,89,46,5,14
2025-05-03 14:49:00+00:00,2462215,99,43,5,14
2025-05-03 14:50:00+00:00,2462215,99,36,5,14
2025-05-03 14:51:00+00:00,2462215,89,36,5,14
2025-05-03 14:52:00+00:00,2462215,88,32,5,14
2025-05-03 14:53:00+00:00,2462215,90,29,5,14
2025-05-03 14:54:00+00:00,2462215,94,32,5,14
2025-05-03 14:55:00+00:00,2462215,90,32,5,14
2025-05-03 14:56:00+00:00,2462215,88,30,5,14
2025-05-03 14:57:00+00:00,2462215,89,34,5,14
2025-05-03 14:58:00+00:00,2462215,90,45,5,14
2025-05-03 14:59:00+00:00,2462215,95,44,5,14
2025-05-03 15:00:00+00:00,2462215,92,49,5,15
2025-05-03 15:01:00+00:00,2462215,94,50,5,15
2025-05-03 15:02:00+00:00,2462215,96,47,5,15
2025-05-03 15:03:00+00:00,2462215,92,40,5,15
2025-05-03 15:04:00+00:00,2462215,95,39,5,15
2025-05-03 15:05:00+00:00,2462215,96,36,5,15
2025-05-03 15:06:00+00:00,2462215,96,32,5,15
2025-05-03 15:07:00+00:00,2462215,95,35,5,15
2025-05-03 15:08:00+00:00,2462215,92,33,5,15
2025-05-03 15:09:00+00:00,2462215,100,34,5,15
2025-05-03 15:10:00+00:00,2462215,103,30,5,15
2025-05-03 15:11:00+00:00,2462215,103,31,5,15
2025-05-03 15:12:00+00:00,2462215,99,28,5,15
2025-05-03 15:13:00+00:00,2462215,96,23,5,15
2025-05-03 15:14:00+00:00,2462215,92,27,5,15
2025-05-03 15:15:00+00:00,2462215,94,28,5,15
2025-05-03 15:16:00+00:00,2462215,98,26,5,15
2025-05-03 15:17:00+00:00,2462215,95,29,5,15
2025-05-03 15:18:00+00:00,2462215,94,28,5,15
2025-05-03 15:19:00+00:00,2462215,95,24,5,15
2025-05-03 15:20:00+00:00,2462215,95,30,5,15
2025-05-03 15:21:00+00:00,2462215,95,29,5,15
2025-05-03 15:22:00+00:00,2462215,93,25,5,15
2025-05-03 15:23:00+00:00,2462215,85,29,5,15
2025-05-03 15:24:00+00:00,2462215,89,29,5,15
2025-05-03 15:25:00+00:00,2462215,103,33,5,15
2025-05-03 15:26:00+00:00,2462215,98,35,5,15
2025-05-03 15:27:00+00:00,2462215,100,37,5,15
2025-05-03 15:28:00+00:00,2462215,98,31,5,15
2025-05-03 15:29:00+00:00,2462215,99,38,5,15
2025-05-03 15:30:00+00:00,2462215,94,35,5,15
2025-05-03 15:31:00+00:00,2462215,94,38,5,15
2025-05-03 15:32:00+00:00,2462215,102,41,5,15
2025-05-03 15:33:00+00:00,2462215,101,41,5,15
2025-05-03 15:34:00+00:00,2462215,98,30,5,15
2025-05-03 15:35:00+00:00,2462215,97,27,5,15
2025-05-03 15:36:00+00:00,2462215,93,27,5,15
2025-05-03 15:37:00+00:00,2462215,91,24,5,15
2025-05-03 15:38:00+00:00,2462215,87,25,5,15
2025-05-03 15:39:00+00:00,2462215,93,29,5,15
2025-05-03 15:40:00+00:00,2462215,92,33,5,15
2025-05-03 15:41:00+00:00,2462215,89,30,5,15
2025-05-03 15:42:00+00:00,2462215,87,28,5,15
2025-05-03 15:43:00+00:00,2462215,93,29,5,15
2025-05-03 15:44:00+00:00,2462215,93,19,5,15
2025-05-03 15:45:00+00:00,2462215,97,24,5,15
2025-05-03 15:46:00+00:00,2462215,92,23,5,15
2025-05-03 15:47:00+00:00,2462215,95,26,5,15
2025-05-03 15:48:00+00:00,2462215,92,29,5,15
2025-05-03 15:49:00+00:00,2462215,88,35,5,15
2025-05-03 15:50:00+00:00,2462215,85,35,5,15
2025-05-03 15:51:00+00:00,2462215,87,34,5,15
2025-05-03 15:52:00+00:00,2462215,95,38,5,15
2025-05-03 15:53:00+00:00,2462215,91,33,5,15
2025-05-03 15:54:00+00:00,2462215,94,35,5,15
2025-05-03 15:55:00+00:00,2462215,93,37,5,15
2025-05-03 15:56:00+00:00,2462215,96,34,5,15
2025-05-03 15:57:00+00:00,2462215,92,27,5,15
2025-05-03 15:58:00+00:00,2462215,90,25,5,15
2025-05-03 15:59:00+00:00,2462215,98,24,5,15
2025-05-03 16:00:00+00:00,2462215,92,26,5,16
2025-05-03 16:01:00+00:00,2462215,91,30,5,16
2025-05-03 16:02:00+00:00,2462215,93,34,5,16
2025-05-03 16:03:00+00:00,2462215,92,34,5,16
2025-05-03 16:04:00+00:00,2462215,91,35,5,16
2025-05-03 16:05:00+00:00,2462215,95,28,5,16
2025-05-03 16:06:00+00:00,2462215,100,26,5,16
2025-05-03 16:07:00+00:00,2462215,88,26,5,16
2025-05-03 16:08:00+00:00,2462215,95,29,5,16
2025-05-03 16:09:00+00:00,2462215,97,24,5,16
2025-05-03 16:10:00+00:00,2462215,96,29,5,16
2025-05-03 16:11:00+00:00,2462215,97,34,5,16
2025-05-03 16:12:00+00:00,2462215,89,37,5,16
2025-05-03 16:13:00+00:00,2462215,90,38,5,16
2025-05-03 16:14:00+00:00,2462215,93,38,5,16
2025-05-03 16:15:00+00:00,2462215,93,36,5,16
2025-05-03 16:16:00+00:00,2462215,97,33,5,16
2025-05-03 16:17:00+00:00,2462215,98,34,5,16
2025-05-03 16:18:00+00:00,2462215,96,31,5,16
2025-05-03 16:19:00+00:00,2462215,95,34,5,16
2025-05-03 16:20:00+00:00,2462215,93,36,5,16
2025-05-03 16:21:00+00:00,2462215,100,34,5,16
2025-05-03 16:22:00+00:00,2462215,96,33,5,16
2025-05-03 16:23:00+00:00,2462215,92,31,5,16
2025-05-03 16:24:00+00:00,2462215,88,28,5,16
2025-05-03 16:25:00+00:00,2462215,96,28,5,16
2025-05-03 16:26:00+00:00,2462215,95,27,5,16
2025-05-03 16:27:00+00:00,2462215,89,30,5,16
2025-05-03 16:28:00+00:00,2462215,88,32,5,16
2025-05-03 16:29:00+00:00,2462215,95,36,5,16
2025-05-03 16:30:00+00:00,2462215,100,33,5,16
2025-05-03 16:31:00+00:00,2462215,95,32,5,16
2025-05-03 16:32:00+00:00,2462215,93,34,5,16
2025-05-03 16:33:00+00:00,2462215,98,35,5,16
2025-05-03 16:34:00+00:00,2462215,99,30,5,16
2025-05-03 16:35:00+00:00,2462215,99,32,5,16
2025-05-03 16:36:00+00:00,2462215,96,32,5,16
2025-05-03 16:37:00+00:00,2462215,93,29,5,16
2025-05-03 16:38:00+00:00,2462215,95,27,5,16
2025-05-03 16:39:00+00:00,2462215,99,30,5,16
2025-05-03 16:40:00+00:00,2462215,98,29,5,16
2025-05-03 16:41:00+00:00,2462215,94,26,5,16
2025-05-03 16:42:00+00:00,2462215,93,24,5,16
2025-05-03 16:43:00+00:00,2462215,96,25,5,16
2025-05-03 16:44:00+00:00,2462215,99,28,5,16
2025-05-03 16:45:00+00:00,2462215,101,31,5,16
2025-05-03 16:46:00+00:00,2462215,100,33,5,16
2025-05-03 16:47:00+00:00,2462215,91,32,5,16
2025-05-03 16:48:00+00:00,2462215,93,27,5,16
2025-05-03 16:49:00+00:00,2462215,96,31,5,16
2025-05-03 16:50:00+00:00,2462215,93,26,5,16
2025-05-03 16:51:00+00:00,2462215,94,26,5,16
2025-05-03 16:52:00+00:00,2462215,96,24,5,16
2025-05-03 16:53:00+00:00,2462215,98,29,5,16
2025-05-03 16:54:00+00:00,2462215,77,29,5,16
2025-05-03 16:55:00+00:00,2462215,85,28,5,16
2025-05-03 16:56:00+00:00,2462215,108,34,5,16
2025-05-03 16:57:00+00:00,2462215,103,36,5,16
2025-05-03 16:58:00+00:00,2462215,103,32,5,16
2025-05-03 16:59:00+00:00,2462215,100,27,5,16
2025-05-03 17:00:00+00:00,2462215,94,27,5,17
2025-05-03 17:01:00+00:00,2462215,99,24,5,17
2025-05-03 17:02:00+00:00,2462215,95,25,5,17
2025-05-03 17:03:00+00:00,2462215,94,23,5,17
2025-05-03 17:04:00+00:00,2462215,92,25,5,17
2025-05-03 17:05:00+00:00,2462215,92,25,5,17
2025-05-03 17:06:00+00:00,2462215,94,20,5,17
2025-05-03 17:07:00+00:00,2462215,92,21,5,17
2025-05-03 17:08:00+00:00,2462215,95,21,5,17
2025-05-03 17:09:00+00:00,2462215,91,22,5,17
2025-05-03 17:10:00+00:00,2462215,91,20,5,17
2025-05-03 17:11:00+00:00,2462215,91,23,5,17
2025-05-03 17:12:00+00:00,2462215,92,24,5,17
2025-05-03 17:13:00+00:00,2462215,96,34,5,17
2025-05-03 17:14:00+00:00,2462215,96,38,5,17
2025-05-03 17:15:00+00:00,2462215,92,43,5,17
2025-05-03 17:16:00+00:00,2462215,92,48,5,17
2025-05-03 17:17:00+00:00,2462215,83,49,5,17
2025-05-03 17:18:00+00:00,2462215,92,43,5,17
2025-05-03 17:19:00+00:00,2462215,95,42,5,17
2025-05-03 17:20:00+00:00,2462215,95,38,5,17
2025-05-03 17:21:00+00:00,2462215,93,33,5,17
2025-05-03 17:22:00+00:00,2462215,87,33,5,17
2025-05-03 17:23:00+00:00,2462215,84,29,5,17
2025-05-03 17:24:00+00:00,2462215,95,34,5,17
2025-05-03 17:25:00+00:00,2462215,93,34,5,17
2025-05-03 17:26:00+00:00,2462215,92,34,5,17
2025-05-03 17:27:00+00:00,2462215,94,31,5,17
2025-05-03 17:28:00+00:00,2462215,93,29,5,17
2025-05-03 17:29:00+00:00,2462215,93,21,5,17
2025-05-03 17:30:00+00:00,2462215,92,20,5,17
2025-05-03 17:31:00+00:00,2462215,92,15,5,17
2025-05-03 17:32:00+00:00,2462215,91,17,5,17
2025-05-03 17:33:00+00:00,2462215,95,18,5,17
2025-05-03 17:34:00+00:00,2462215,94,19,5,17
2025-05-03 17:35:00+00:00,2462215,98,27,5,17
2025-05-03 17:36:00+00:00,2462215,96,27,5,17
2025-05-03 17:37:00+00:00,2462215,85,27,5,17
2025-05-03 17:38:00+00:00,2462215,85,24,5,17
2025-05-03 17:39:00+00:00,2462215,89,21,5,17
2025-05-03 17:40:00+00:00,2462215,87,16,5,17
2025-05-03 17:41:00+00:00,2462215,89,13,5,17
2025-05-03 17:42:00+00:00,2462215,94,13,5,17
2025-05-03 17:43:00+00:00,2462215,92,15,5,17
2025-05-03 17:44:00+00:00,2462215,99,19,5,17
2025-05-03 17:45:00+00:00,2462215,99,17,5,17
2025-05-03 17:46:00+00:00,2462215,94,21,5,17
2025-05-03 17:47:00+00:00,2462215,88,21,5,17
2025-05-03 17:48:00+00:00,2462215,93,29,5,17
2025-05-03 17:49:00+00:00,2462215,94,32,5,17
2025-05-03 17:50:00+00:00,2462215,100,36,5,17
2025-05-03 17:51:00+00:00,2462215,93,39,5,17
2025-05-03 17:52:00+00:00,2462215,98,34,5,17
2025-05-03 17:53:00+00:00,2462215,93,30,5,17
2025-05-03 17:54:00+00:00,2462215,96,27,5,17
2025-05-03 17:55:00+00:00,2462215,96,26,5,17
2025-05-03 17:56:00+00:00,2462215,90,23,5,17
2025-05-03 17:57:00+00:00,2462215,91,25,5,17
2025-05-03 17:58:00+00:00,2462215,91,23,5,17
2025-05-03 17:59:00+00:00,2462215,92,23,5,17
2025-05-03 18:00:00+00:00,2462215,90,27,5,18
2025-05-03 18:01:00+00:00,2462215,94,28,5,18
2025-05-03 18:02:00+00:00,2462215,91,25,5,18
2025-05-03 18:03:00+00:00,2462215,91,34,5,18
2025-05-03 18:04:00+00:00,2462215,95,35,5,18
2025-05-03 18:05:00+00:00,2462215,96,28,5,18
2025-05-03 18:06:00+00:00,2462215,97,20,5,18
2025-05-03 18:07:00+00:00,2462215,100,22,5,18
2025-05-03 18:08:00+00:00,2462215,98,14,5,18
2025-05-03 18:09:00+00:00,2462215,96,14,5,18
2025-05-03 18:10:00+00:00,2462215,93,17,5,18
2025-05-03 18:11:00+00:00,2462215,93,19,5,18
2025-05-03 18:12:00+00:00,2462215,95,21,5,18
2025-05-03 18:13:00+00:00,2462215,94,28,5,18
2025-05-03 18:14:00+00:00,2462215,97,27,5,18
2025-05-03 18:15:00+00:00,2462215,97,24,5,18
2025-05-03 18:16:00+00:00,2462215,92,24,5,18
2025-05-03 18:17:00+00:00,2462215,91,25,5,18
2025-05-03 18:18:00+00:00,2462215,94,21,5,18
2025-05-03 18:19:00+00:00,2462215,97,24,5,18
2025-05-03 18:20:00+00:00,2462215,97,25,5,18
2025-05-03 18:21:00+00:00,2462215,91,29,5,18
2025-05-03 18:22:00+00:00,2462215,96,23,5,18
2025-05-03 18:23:00+00:00,2462215,94,21,5,18
2025-05-03 18:24:00+00:00,2462215,93,17,5,18
2025-05-03 18:25:00+00:00,2462215,96,24,5,18
2025-05-03 18:26:00+00:00,2462215,93,28,5,18
2025-05-03 18:27:00+00:00,2462215,94,31,5,18
2025-05-03 18:28:00+00:00,2462215,91,38,5,18
2025-05-03 18:29:00+00:00,2462215,91,36,5,18
2025-05-03 18:30:00+00:00,2462215,95,31,5,18
2025-05-03 18:31:00+00:00,2462215,101,27,5,18
2025-05-03 18:32:00+00:00,2462215,102,23,5,18
2025-05-03 18:33:00+00:00,2462215,100,17,5,18
2025-05-03 18:34:00+00:00,2462215,95,20,5,18
2025-05-03 18:35:00+00:00,2462215,95,26,5,18
2025-05-03 18:36:00+00:00,2462215,92,27,5,18
2025-05-03 18:37:00+00:00,2462215,101,32,5,18
2025-05-03 18:38:00+00:00,2462215,104,33,5,18
2025-05-03 18:39:00+00:00,2462215,96,35,5,18
2025-05-03 18:40:00+00:00,2462215,98,37,5,18
2025-05-03 18:41:00+00:00,2462215,92,36,5,18
2025-05-03 18:42:00+00:00,2462215,91,34,5,18
2025-05-03 18:43:00+00:00,2462215,92,33,5,18
2025-05-03 18:44:00+00:00,2462215,95,27,5,18
2025-05-03 18:45:00+00:00,2462215,93,27,5,18
2025-05-03 18:46:00+00:00,2462215,97,27,5,18
2025-05-03 18:47:00+00:00,2462215,99,24,5,18
2025-05-03 18:48:00+00:00,2462215,99,21,5,18
2025-05-03 18:49:00+00:00,2462215,96,20,5,18
2025-05-03 18:50:00+00:00,2462215,98,15,5,18
2025-05-03 18:51:00+00:00,2462215,95,16,5,18
2025-05-03 18:52:00+00:00,2462215,96,21,5,18
2025-05-03 18:53:00+00:00,2462215,94,25,5,18
2025-05-03 18:54:00+00:00,2462215,94,23,5,18
2025-05-03 18:55:00+00:00,2462215,94,25,5,18
2025-05-03 18:56:00+00:00,2462215,96,22,5,18
2025-05-03 18:57:00+00:00,2462215,95,22,5,18
2025-05-03 18:58:00+00:00,2462215,94,21,5,18
2025-05-03 18:59:00+00:00,2462215,93,20,5,18
2025-05-03 19:00:00+00:00,2462215,96,20,5,19
2025-05-03 19:01:00+00:00,2462215,96,20,5,19
2025-05-03 19:02:00+00:00,2462215,94,17,5,19
2025-05-03 19:03:00+00:00,2462215,92,16,5,19
2025-05-03 19:04:00+00:00,2462215,94,19,5,19
2025-05-03 19:05:00+00:00,2462215,91,22,5,19
2025-05-03 19:06:00+00:00,2462215,90,24,5,19
2025-05-03 19:07:00+00:00,2462215,92,25,5,19
2025-05-03 19:08:00+00:00,2462215,92,25,5,19
2025-05-03 19:09:00+00:00,2462215,99,25,5,19
2025-05-03 19:10:00+00:00,2462215,91,26,5,19
2025-05-03 19:11:00+00:00,2462215,91,23,5,19
2025-05-03 19:12:00+00:00,2462215,91,20,5,19
2025-05-03 19:13:00+00:00,2462215,98,23,5,19
2025-05-03 19:14:00+00:00,2462215,98,21,5,19
2025-05-03 19:15:00+00:00,2462215,94,21,5,19
2025-05-03 19:16:00+00:00,2462215,100,25,5,19
2025-05-03 19:17:00+00:00,2462215,100,25,5,19
2025-05-03 19:18:00+00:00,2462215,98,21,5,19
2025-05-03 19:19:00+00:00,2462215,96,22,5,19
2025-05-03 19:20:00+00:00,2462215,102,19,5,19
2025-05-03 19:21:00+00:00,2462215,99,18,5,19
2025-05-03 19:22:00+00:00,2462215,95,19,5,19
2025-05-03 19:23:00+00:00,2462215,95,17,5,19
2025-05-03 19:24:00+00:00,2462215,96,17,5,19
2025-05-03 19:25:00+00:00,2462215,93,17,5,19
2025-05-03 19:26:00+00:00,2462215,93,15,5,19
2025-05-03 19:27:00+00:00,2462215,99,17,5,19
2025-05-03 19:28:00+00:00,2462215,97,21,5,19
2025-05-03 19:29:00+00:00,2462215,99,21,5,19
2025-05-03 19:30:00+00:00,2462215,92,24,5,19
2025-05-03 19:31:00+00:00,2462215,88,24,5,19
2025-05-03 19:32:00+00:00,2462215,78,26,5,19
2025-05-03 19:33:00+00:00,2462215,80,23,5,19
2025-05-03 19:34:00+00:00,2462215,81,21,5,19
2025-05-03 19:35:00+00:00,2462215,83,20,5,19
2025-05-03 19:36:00+00:00,2462215,92,20,5,19
2025-05-03 19:37:00+00:00,2462215,96,17,5,19
2025-05-03 19:38:00+00:00,2462215,104,19,5,19
2025-05-03 19:39:00+00:00,2462215,109,19,5,19
2025-05-03 19:40:00+00:00,2462215,112,17,5,19
2025-05-03 19:41:00+00:00,2462215,112,14,5,19
2025-05-03 19:42:00+00:00,2462215,108,13,5,19
2025-05-03 19:43:00+00:00,2462215,105,14,5,19
2025-05-03 19:44:00+00:00,2462215,102,14,5,19
2025-05-03 19:45:00+00:00,2462215,106,18,5,19
2025-05-03 19:46:00+00:00,2462215,109,19,5,19
2025-05-03 19:47:00+00:00,2462215,111,24,5,19
2025-05-03 19:48:00+00:00,2462215,110,23,5,19
2025-05-03 19:49:00+00:00,2462215,108,23,5,19
2025-05-03 19:50:00+00:00,2462215,107,20,5,19
2025-05-03 19:51:00+00:00,2462215,110,25,5,19
2025-05-03 19:52:00+00:00,2462215,107,24,5,19
2025-05-03 19:53:00+00:00,2462215,107,23,5,19
2025-05-03 19:54:00+00:00,2462215,107,24,5,19
2025-05-03 19:55:00+00:00,2462215,106,28,5,19
2025-05-03 19:56:00+00:00,2462215,109,24,5,19
2025-05-03 19:57:00+00:00,2462215,107,20,5,19
2025-05-03 19:58:00+00:00,2462215,103,19,5,19
2025-05-03 19:59:00+00:00,2462215,104,18,5,19
2025-05-03 20:00:00+00:00,2462215,102,17,5,20
2025-05-03 20:01:00+00:00,2462215,103,16,5,20
2025-05-03 20:02:00+00:00,2462215,108,22,5,20
2025-05-03 20:03:00+00:00,2462215,115,22,5,20
2025-05-03 20:04:00+00:00,2462215,106,27,5,20
2025-05-03 20:05:00+00:00,2462215,109,26,5,20
2025-05-03 20:06:00+00:00,2462215,108,26,5,20
2025-05-03 20:07:00+00:00,2462215,105,21,5,20
2025-05-03 20:08:00+00:00,2462215,106,22,5,20
2025-05-03 20:09:00+00:00,2462215,106,17,5,20
2025-05-03 20:10:00+00:00,2462215,109,18,5,20
2025-05-03 20:11:00+00:00,2462215,110,16,5,20
2025-05-03 20:12:00+00:00,2462215,104,20,5,20
2025-05-03 20:13:00+00:00,2462215,105,16,5,20
2025-05-03 20:14:00+00:00,2462215,110,17,5,20
2025-05-03 20:15:00+00:00,2462215,108,19,5,20
2025-05-03 20:16:00+00:00,2462215,110,24,5,20
2025-05-03 20:17:00+00:00,2462215,108,23,5,20
2025-05-03 20:18:00+00:00,2462215,103,30,5,20
2025-05-03 20:19:00+00:00,2462215,108,34,5,20
2025-05-03 20:20:00+00:00,2462215,105,34,5,20
2025-05-03 20:21:00+00:00,2462215,102,30,5,20
2025-05-03 20:22:00+00:00,2462215,100,26,5,20
2025-05-03 20:23:00+00:00,2462215,100,20,5,20
2025-05-03 20:24:00+00:00,2462215,107,17,5,20
2025-05-03 20:25:00+00:00,2462215,108,17,5,20
2025-05-03 20:26:00+00:00,2462215,110,16,5,20
2025-05-03 20:27:00+00:00,2462215,110,15,5,20
2025-05-03 20:28:00+00:00,2462215,107,11,5,20
2025-05-03 20:29:00+00:00,2462215,109,6,5,20
2025-05-03 20:30:00+00:00,2462215,110,10,5,20
2025-05-03 20:31:00+00:00,2462215,110,12,5,20
2025-05-03 20:32:00+00:00,2462215,104,17,5,20
2025-05-03 20:33:00+00:00,2462215,103,23,5,20
2025-05-03 20:34:00+00:00,2462215,108,24,5,20
2025-05-03 20:35:00+00:00,2462215,112,26,5,20
2025-05-03 20:36:00+00:00,2462215,106,32,5,20
2025-05-03 20:37:00+00:00,2462215,106,27,5,20
2025-05-03 20:38:00+00:00,2462215,110,25,5,20
2025-05-03 20:39:00+00:00,2462215,107,26,5,20
2025-05-03 20:40:00+00:00,2462215,106,23,5,20
2025-05-03 20:41:00+00:00,2462215,104,18,5,20
2025-05-03 20:42:00+00:00,2462215,105,22,5,20
2025-05-03 20:43:00+00:00,2462215,104,21,5,20
2025-05-03 20:44:00+00:00,2462215,109,18,5,20
2025-05-03 20:45:00+00:00,2462215,108,21,5,20
2025-05-03 20:46:00+00:00,2462215,109,19,5,20
2025-05-03 20:47:00+00:00,2462215,108,21,5,20
2025-05-03 20:48:00+00:00,2462215,112,24,5,20
2025-05-03 20:49:00+00:00,2462215,107,24,5,20
2025-05-03 20:50:00+00:00,2462215,110,26,5,20
2025-05-03 20:51:00+00:00,2462215,110,24,5,20
2025-05-03 20:52:00+00:00,2462215,111,23,5,20
2025-05-03 20:53:00+00:00,2462215,111,16,5,20
2025-05-03 20:54:00+00:00,2462215,110,13,5,20
2025-05-03 20:55:00+00:00,2462215,111,11,5,20
2025-05-03 20:56:00+00:00,2462215,110,15,5,20
2025-05-03 20:57:00+00:00,2462215,107,18,5,20
2025-05-03 20:58:00+00:00,2462215,112,20,5,20
2025-05-03 20:59:00+00:00,2462215,111,20,5,20
2025-05-03 21:00:00+00:00,2462215,118,24,5,21
2025-05-03 21:01:00+00:00,2462215,117,20,5,21
2025-05-03 21:02:00+00:00,2462215,111,21,5,21
2025-05-03 21:03:00+00:00,2462215,102,26,5,21
2025-05-03 21:04:00+00:00,2462215,105,28,5,21
2025-05-03 21:05:00+00:00,2462215,107,24,5,21
2025-05-03 21:06:00+00:00,2462215,106,23,5,21
2025-05-03 21:07:00+00:00,2462215,109,23,5,21
2025-05-03 21:08:00+00:00,2462215,109,20,5,21
2025-05-03 21:09:00+00:00,2462215,110,20,5,21
2025-05-03 21:10:00+00:00,2462215,107,18,5,21
2025-05-03 21:11:00+00:00,2462215,108,17,5,21
2025-05-03 21:12:00+00:00,2462215,107,13,5,21
2025-05-03 21:13:00+00:00,2462215,108,11,5,21
2025-05-03 21:14:00+00:00,2462215,107,9,5,21
2025-05-03 21:15:00+00:00,2462215,110,11,5,21
2025-05-03 21:16:00+00:00,2462215,108,14,5,21
2025-05-03 21:17:00+00:00,2462215,116,14,5,21
2025-05-03 21:18:00+00:00,2462215,114,14,5,21
2025-05-03 21:19:00+00:00,2462215,112,17,5,21
2025-05-03 21:20:00+00:00,2462215,106,19,5,21
2025-05-03 21:21:00+00:00,2462215,110,16,5,21
2025-05-03 21:22:00+00:00,2462215,108,20,5,21
2025-05-03 21:23:00+00:00,2462215,110,19,5,21
2025-05-03 21:24:00+00:00,2462215,113,19,5,21
2025-05-03 21:25:00+00:00,2462215,109,16,5,21
2025-05-03 21:26:00+00:00,2462215,111,19,5,21
2025-05-03 21:27:00+00:00,2462215,109,17,5,21
2025-05-03 21:28:00+00:00,2462215,107,21,5,21
2025-05-03 21:29:00+00:00,2462215,111,20,5,21
2025-05-03 21:30:00+00:00,2462215,109,20,5,21
2025-05-03 21:31:00+00:00,2462215,108,24,5,21
2025-05-03 21:32:00+00:00,2462215,108,24,5,21
2025-05-03 21:33:00+00:00,2462215,105,25,5,21
2025-05-03 21:34:00+00:00,2462215,110,22,5,21
2025-05-03 21:35:00+00:00,2462215,107,20,5,21
2025-05-03 21:36:00+00:00,2462215,113,21,5,21
2025-05-03 21:37:00+00:00,2462215,115,21,5,21
