measurement_time,segment,speed_kph,0_5,day_of_week,hour_of_day
2025-05-02 17:48:00+00:00,2471843,110,26,4,17
2025-05-02 17:49:00+00:00,2471843,110,24,4,17
2025-05-02 17:50:00+00:00,2471843,108,26,4,17
2025-05-02 17:51:00+00:00,2471843,107,25,4,17
2025-05-02 17:52:00+00:00,2471843,109,30,4,17
2025-05-02 17:53:00+00:00,2471843,111,31,4,17
2025-05-02 17:54:00+00:00,2471843,112,29,4,17
2025-05-02 17:55:00+00:00,2471843,112,27,4,17
2025-05-02 17:56:00+00:00,2471843,114,33,4,17
2025-05-02 17:57:00+00:00,2471843,114,31,4,17
2025-05-02 17:58:00+00:00,2471843,116,29,4,17
2025-05-02 17:59:00+00:00,2471843,113,30,4,17
2025-05-02 18:00:00+00:00,2471843,113,24,4,18
2025-05-02 18:01:00+00:00,2471843,108,23,4,18
2025-05-02 18:02:00+00:00,2471843,110,35,4,18
2025-05-02 18:03:00+00:00,2471843,112,42,4,18
2025-05-02 18:04:00+00:00,2471843,109,44,4,18
2025-05-02 18:05:00+00:00,2471843,116,44,4,18
2025-05-02 18:06:00+00:00,2471843,112,39,4,18
2025-05-02 18:07:00+00:00,2471843,110,33,4,18
2025-05-02 18:08:00+00:00,2471843,104,31,4,18
2025-05-02 18:09:00+00:00,2471843,108,33,4,18
2025-05-02 18:10:00+00:00,2471843,108,33,4,18
2025-05-02 18:11:00+00:00,2471843,104,35,4,18
2025-05-02 18:12:00+00:00,2471843,108,37,4,18
2025-05-02 18:13:00+00:00,2471843,110,38,4,18
2025-05-02 18:14:00+00:00,2471843,114,38,4,18
2025-05-02 18:15:00+00:00,2471843,116,36,4,18
2025-05-02 18:16:00+00:00,2471843,117,38,4,18
2025-05-02 18:17:00+00:00,2471843,114,35,4,18
2025-05-02 18:18:00+00:00,2471843,111,34,4,18
2025-05-02 18:19:00+00:00,2471843,114,32,4,18
2025-05-02 18:20:00+00:00,2471843,112,36,4,18
2025-05-02 18:21:00+00:00,2471843,107,40,4,18
2025-05-02 18:22:00+00:00,2471843,111,37,4,18
2025-05-02 18:23:00+00:00,2471843,115,40,4,18
2025-05-02 18:24:00+00:00,2471843,112,44,4,18
2025-05-02 18:25:00+00:00,2471843,109,36,4,18
2025-05-02 18:26:00+00:00,2471843,108,27,4,18
2025-05-02 18:27:00+00:00,2471843,119,33,4,18
2025-05-02 18:28:00+00:00,2471843,116,30,4,18
2025-05-02 18:29:00+00:00,2471843,112,23,4,18
2025-05-02 18:30:00+00:00,2471843,118,28,4,18
2025-05-02 18:31:00+00:00,2471843,112,29,4,18
2025-05-02 18:32:00+00:00,2471843,110,28,4,18
2025-05-02 18:33:00+00:00,2471843,110,25,4,18
2025-05-02 18:34:00+00:00,2471843,108,26,4,18
2025-05-02 18:35:00+00:00,2471843,116,28,4,18
2025-05-02 18:36:00+00:00,2471843,115,29,4,18
2025-05-02 18:37:00+00:00,2471843,114,25,4,18
2025-05-02 18:38:00+00:00,2471843,114,23,4,18
2025-05-02 18:39:00+00:00,2471843,106,27,4,18
2025-05-02 18:40:00+00:00,2471843,105,22,4,18
2025-05-02 18:41:00+00:00,2471843,108,24,4,18
2025-05-02 18:42:00+00:00,2471843,107,32,4,18
2025-05-02 18:43:00+00:00,2471843,109,30,4,18
2025-05-02 18:44:00+00:00,2471843,108,29,4,18
2025-05-02 18:45:00+00:00,2471843,109,32,4,18
2025-05-02 18:46:00+00:00,2471843,113,30,4,18
2025-05-02 18:47:00+00:00,2471843,116,26,4,18
2025-05-02 18:48:00+00:00,2471843,112,31,4,18
2025-05-02 18:49:00+00:00,2471843,110,30,4,18
2025-05-02 18:50:00+00:00,2471843,109,31,4,18
2025-05-02 18:51:00+00:00,2471843,111,38,4,18
2025-05-02 18:52:00+00:00,2471843,110,39,4,18
2025-05-02 18:53:00+00:00,2471843,116,39,4,18
2025-05-02 18:54:00+00:00,2471843,111,43,4,18
2025-05-02 18:55:00+00:00,2471843,108,37,4,18
2025-05-02 18:56:00+00:00,2471843,106,33,4,18
2025-05-02 18:57:00+00:00,2471843,114,38,4,18
2025-05-02 18:58:00+00:00,2471843,109,39,4,18
2025-05-02 18:59:00+00:00,2471843,105,36,4,18
2025-05-02 19:00:00+00:00,2471843,108,34,4,19
2025-05-02 19:01:00+00:00,2471843,109,30,4,19
2025-05-02 19:02:00+00:00,2471843,115,28,4,19
2025-05-02 19:03:00+00:00,2471843,115,22,4,19
2025-05-02 19:04:00+00:00,2471843,115,29,4,19
2025-05-02 19:05:00+00:00,2471843,110,37,4,19
2025-05-02 19:06:00+00:00,2471843,112,37,4,19
2025-05-02 19:07:00+00:00,2471843,114,34,4,19
2025-05-02 19:08:00+00:00,2471843,114,38,4,19
2025-05-02 19:09:00+00:00,2471843,110,35,4,19
2025-05-02 19:10:00+00:00,2471843,114,33,4,19
2025-05-02 19:11:00+00:00,2471843,111,36,4,19
2025-05-02 19:12:00+00:00,2471843,113,42,4,19
2025-05-02 19:13:00+00:00,2471843,109,38,4,19
2025-05-02 19:14:00+00:00,2471843,114,36,4,19
2025-05-02 19:15:00+00:00,2471843,119,36,4,19
2025-05-02 19:16:00+00:00,2471843,119,37,4,19
2025-05-02 19:17:00+00:00,2471843,110,30,4,19
2025-05-02 19:18:00+00:00,2471843,107,32,4,19
2025-05-02 19:19:00+00:00,2471843,109,36,4,19
2025-05-02 19:20:00+00:00,2471843,110,29,4,19
2025-05-02 19:21:00+00:00,2471843,108,29,4,19
2025-05-02 19:22:00+00:00,2471843,111,31,4,19
2025-05-02 19:23:00+00:00,2471843,107,27,4,19
2025-05-02 19:24:00+00:00,2471843,105,24,4,19
2025-05-02 19:25:00+00:00,2471843,105,27,4,19
2025-05-02 19:26:00+00:00,2471843,106,25,4,19
2025-05-02 19:27:00+00:00,2471843,106,28,4,19
2025-05-02 19:28:00+00:00,2471843,112,29,4,19
2025-05-02 19:29:00+00:00,2471843,109,33,4,19
2025-05-02 19:30:00+00:00,2471843,113,34,4,19
2025-05-02 19:31:00+00:00,2471843,107,38,4,19
2025-05-02 19:32:00+00:00,2471843,106,34,4,19
2025-05-02 19:33:00+00:00,2471843,103,36,4,19
2025-05-02 19:34:00+00:00,2471843,106,32,4,19
2025-05-02 19:35:00+00:00,2471843,104,36,4,19
2025-05-02 19:36:00+00:00,2471843,110,32,4,19
2025-05-02 19:37:00+00:00,2471843,117,32,4,19
2025-05-02 19:38:00+00:00,2471843,119,38,4,19
2025-05-02 19:39:00+00:00,2471843,118,35,4,19
2025-05-02 19:40:00+00:00,2471843,113,30,4,19
2025-05-02 19:41:00+00:00,2471843,113,31,4,19
2025-05-02 19:42:00+00:00,2471843,106,35,4,19
2025-05-02 19:43:00+00:00,2471843,112,33,4,19
2025-05-02 19:44:00+00:00,2471843,107,37,4,19
2025-05-02 19:45:00+00:00,2471843,113,39,4,19
2025-05-02 19:46:00+00:00,2471843,114,38,4,19
2025-05-02 19:47:00+00:00,2471843,110,31,4,19
2025-05-02 19:48:00+00:00,2471843,111,34,4,19
2025-05-02 19:49:00+00:00,2471843,120,38,4,19
2025-05-02 19:50:00+00:00,2471843,117,33,4,19
2025-05-02 19:51:00+00:00,2471843,115,34,4,19
2025-05-02 19:52:00+00:00,2471843,107,34,4,19
2025-05-02 19:53:00+00:00,2471843,111,33,4,19
2025-05-02 19:54:00+00:00,2471843,113,34,4,19
2025-05-02 19:55:00+00:00,2471843,112,35,4,19
2025-05-02 19:56:00+00:00,2471843,114,36,4,19
2025-05-02 19:57:00+00:00,2471843,105,42,4,19
2025-05-02 19:58:00+00:00,2471843,106,41,4,19
2025-05-02 19:59:00+00:00,2471843,109,37,4,19
2025-05-02 20:00:00+00:00,2471843,107,33,4,20
2025-05-02 20:01:00+00:00,2471843,109,33,4,20
2025-05-02 20:02:00+00:00,2471843,120,36,4,20
2025-05-02 20:03:00+00:00,2471843,110,37,4,20
2025-05-02 20:04:00+00:00,2471843,111,36,4,20
2025-05-02 20:05:00+00:00,2471843,119,40,4,20
2025-05-02 20:06:00+00:00,2471843,114,37,4,20
2025-05-02 20:07:00+00:00,2471843,111,26,4,20
2025-05-02 20:08:00+00:00,2471843,113,28,4,20
2025-05-02 20:09:00+00:00,2471843,115,29,4,20
2025-05-02 20:10:00+00:00,2471843,114,27,4,20
2025-05-02 20:11:00+00:00,2471843,107,30,4,20
2025-05-02 20:12:00+00:00,2471843,109,35,4,20
2025-05-02 20:13:00+00:00,2471843,110,32,4,20
2025-05-02 20:14:00+00:00,2471843,110,30,4,20
2025-05-02 20:15:00+00:00,2471843,113,33,4,20
2025-05-02 20:16:00+00:00,2471843,113,35,4,20
2025-05-02 20:17:00+00:00,2471843,110,36,4,20
2025-05-02 20:18:00+00:00,2471843,108,41,4,20
2025-05-02 20:19:00+00:00,2471843,107,38,4,20
2025-05-02 20:20:00+00:00,2471843,118,37,4,20
2025-05-02 20:21:00+00:00,2471843,120,33,4,20
2025-05-02 20:22:00+00:00,2471843,114,30,4,20
2025-05-02 20:23:00+00:00,2471843,114,35,4,20
2025-05-02 20:24:00+00:00,2471843,120,36,4,20
2025-05-02 20:25:00+00:00,2471843,117,32,4,20
2025-05-02 20:26:00+00:00,2471843,108,35,4,20
2025-05-02 20:27:00+00:00,2471843,109,35,4,20
2025-05-02 20:28:00+00:00,2471843,108,31,4,20
2025-05-02 20:29:00+00:00,2471843,110,27,4,20
2025-05-02 20:30:00+00:00,2471843,119,30,4,20
2025-05-02 20:31:00+00:00,2471843,117,25,4,20
2025-05-02 20:32:00+00:00,2471843,113,33,4,20
2025-05-02 20:33:00+00:00,2471843,116,35,4,20
2025-05-02 20:34:00+00:00,2471843,112,40,4,20
2025-05-02 20:35:00+00:00,2471843,112,40,4,20
2025-05-02 20:36:00+00:00,2471843,108,40,4,20
2025-05-02 20:37:00+00:00,2471843,113,33,4,20
2025-05-02 20:38:00+00:00,2471843,110,33,4,20
2025-05-02 20:39:00+00:00,2471843,112,29,4,20
2025-05-02 20:40:00+00:00,2471843,110,26,4,20
2025-05-02 20:41:00+00:00,2471843,110,25,4,20
2025-05-02 20:42:00+00:00,2471843,112,26,4,20
2025-05-02 20:43:00+00:00,2471843,115,26,4,20
2025-05-02 20:44:00+00:00,2471843,112,30,4,20
2025-05-02 20:45:00+00:00,2471843,117,32,4,20
2025-05-02 20:46:00+00:00,2471843,113,36,4,20
2025-05-02 20:47:00+00:00,2471843,113,30,4,20
2025-05-02 20:48:00+00:00,2471843,112,29,4,20
2025-05-02 20:49:00+00:00,2471843,113,30,4,20
2025-05-02 20:50:00+00:00,2471843,116,30,4,20
2025-05-02 20:51:00+00:00,2471843,109,32,4,20
2025-05-02 20:52:00+00:00,2471843,111,34,4,20
2025-05-02 20:53:00+00:00,2471843,120,39,4,20
2025-05-02 20:54:00+00:00,2471843,110,37,4,20
2025-05-02 20:55:00+00:00,2471843,105,38,4,20
2025-05-02 20:56:00+00:00,2471843,106,30,4,20
2025-05-02 20:57:00+00:00,2471843,110,30,4,20
2025-05-02 20:58:00+00:00,2471843,110,25,4,20
2025-05-02 20:59:00+00:00,2471843,115,20,4,20
2025-05-02 21:00:00+00:00,2471843,118,24,4,21
2025-05-02 21:01:00+00:00,2471843,120,20,4,21
2025-05-02 21:02:00+00:00,2471843,117,25,4,21
2025-05-02 21:03:00+00:00,2471843,111,27,4,21
2025-05-02 21:04:00+00:00,2471843,113,27,4,21
2025-05-02 21:05:00+00:00,2471843,115,24,4,21
2025-05-02 21:06:00+00:00,2471843,117,27,4,21
2025-05-02 21:07:00+00:00,2471843,116,22,4,21
2025-05-02 21:08:00+00:00,2471843,114,22,4,21
2025-05-02 21:09:00+00:00,2471843,111,22,4,21
2025-05-02 21:10:00+00:00,2471843,113,26,4,21
2025-05-02 21:11:00+00:00,2471843,117,24,4,21
2025-05-02 21:12:00+00:00,2471843,116,23,4,21
2025-05-02 21:13:00+00:00,2471843,116,23,4,21
2025-05-02 21:14:00+00:00,2471843,112,25,4,21
2025-05-02 21:15:00+00:00,2471843,111,21,4,21
2025-05-02 21:16:00+00:00,2471843,116,25,4,21
2025-05-02 21:17:00+00:00,2471843,110,33,4,21
2025-05-02 21:18:00+00:00,2471843,112,30,4,21
2025-05-02 21:19:00+00:00,2471843,117,28,4,21
2025-05-02 21:20:00+00:00,2471843,120,26,4,21
2025-05-02 21:21:00+00:00,2471843,120,31,4,21
2025-05-02 21:22:00+00:00,2471843,114,29,4,21
2025-05-02 21:23:00+00:00,2471843,108,26,4,21
2025-05-02 21:24:00+00:00,2471843,114,29,4,21
2025-05-02 21:25:00+00:00,2471843,110,30,4,21
2025-05-02 21:26:00+00:00,2471843,113,28,4,21
2025-05-02 21:27:00+00:00,2471843,113,21,4,21
2025-05-02 21:28:00+00:00,2471843,111,25,4,21
2025-05-02 21:29:00+00:00,2471843,108,23,4,21
2025-05-02 21:30:00+00:00,2471843,112,30,4,21
2025-05-02 21:31:00+00:00,2471843,117,32,4,21
2025-05-02 21:32:00+00:00,2471843,118,35,4,21
2025-05-02 21:33:00+00:00,2471843,120,33,4,21
2025-05-02 21:34:00+00:00,2471843,113,39,4,21
2025-05-02 21:35:00+00:00,2471843,114,34,4,21
2025-05-02 21:36:00+00:00,2471843,117,30,4,21
2025-05-02 21:37:00+00:00,2471843,118,26,4,21
2025-05-02 21:38:00+00:00,2471843,115,26,4,21
2025-05-02 21:39:00+00:00,2471843,112,21,4,21
2025-05-02 21:40:00+00:00,2471843,113,17,4,21
2025-05-02 21:41:00+00:00,2471843,108,20,4,21
2025-05-02 21:42:00+00:00,2471843,109,20,4,21
2025-05-02 21:43:00+00:00,2471843,114,25,4,21
2025-05-02 21:44:00+00:00,2471843,112,24,4,21
2025-05-02 21:45:00+00:00,2471843,111,21,4,21
2025-05-02 21:46:00+00:00,2471843,109,21,4,21
2025-05-02 21:47:00+00:00,2471843,110,26,4,21
2025-05-02 21:48:00+00:00,2471843,109,18,4,21
2025-05-02 21:49:00+00:00,2471843,109,17,4,21
2025-05-02 21:50:00+00:00,2471843,114,17,4,21
2025-05-02 21:51:00+00:00,2471843,114,15,4,21
2025-05-02 21:52:00+00:00,2471843,110,13,4,21
2025-05-02 21:53:00+00:00,2471843,109,20,4,21
2025-05-02 21:54:00+00:00,2471843,111,19,4,21
2025-05-02 21:55:00+00:00,2471843,110,19,4,21
2025-05-02 21:56:00+00:00,2471843,111,18,4,21
2025-05-02 21:57:00+00:00,2471843,110,15,4,21
2025-05-02 21:58:00+00:00,2471843,109,15,4,21
2025-05-02 21:59:00+00:00,2471843,112,16,4,21
2025-05-02 22:00:00+00:00,2471843,114,16,4,22
2025-05-02 22:01:00+00:00,2471843,109,21,4,22
2025-05-02 22:02:00+00:00,2471843,109,21,4,22
2025-05-02 22:03:00+00:00,2471843,112,19,4,22
2025-05-02 22:04:00+00:00,2471843,115,18,4,22
2025-05-02 22:05:00+00:00,2471843,117,22,4,22
2025-05-02 22:06:00+00:00,2471843,117,21,4,22
2025-05-02 22:07:00+00:00,2471843,115,16,4,22
2025-05-02 22:08:00+00:00,2471843,108,17,4,22
2025-05-02 22:09:00+00:00,2471843,107,17,4,22
2025-05-02 22:10:00+00:00,2471843,106,12,4,22
2025-05-02 22:11:00+00:00,2471843,108,11,4,22
2025-05-02 22:12:00+00:00,2471843,110,10,4,22
2025-05-02 22:13:00+00:00,2471843,115,8,4,22
2025-05-02 22:14:00+00:00,2471843,111,9,4,22
2025-05-02 22:15:00+00:00,2471843,109,11,4,22
2025-05-02 22:16:00+00:00,2471843,115,12,4,22
2025-05-02 22:17:00+00:00,2471843,113,13,4,22
2025-05-02 22:18:00+00:00,2471843,110,12,4,22
2025-05-02 22:19:00+00:00,2471843,111,13,4,22
2025-05-02 22:20:00+00:00,2471843,111,17,4,22
2025-05-02 22:21:00+00:00,2471843,111,15,4,22
2025-05-02 22:22:00+00:00,2471843,112,16,4,22
2025-05-02 22:23:00+00:00,2471843,113,18,4,22
2025-05-02 22:24:00+00:00,2471843,113,15,4,22
2025-05-02 22:25:00+00:00,2471843,109,13,4,22
2025-05-02 22:26:00+00:00,2471843,112,12,4,22
2025-05-02 22:27:00+00:00,2471843,115,10,4,22
2025-05-02 22:28:00+00:00,2471843,116,11,4,22
2025-05-02 22:29:00+00:00,2471843,114,12,4,22
2025-05-02 22:30:00+00:00,2471843,120,12,4,22
2025-05-02 22:31:00+00:00,2471843,120,16,4,22
2025-05-02 22:32:00+00:00,2471843,115,20,4,22
2025-05-02 22:33:00+00:00,2471843,115,19,4,22
2025-05-02 22:34:00+00:00,2471843,114,17,4,22
2025-05-02 22:35:00+00:00,2471843,111,15,4,22
2025-05-02 22:36:00+00:00,2471843,109,13,4,22
2025-05-02 22:37:00+00:00,2471843,107,11,4,22
2025-05-02 22:38:00+00:00,2471843,105,9,4,22
2025-05-02 22:39:00+00:00,2471843,107,11,4,22
2025-05-02 22:40:00+00:00,2471843,107,9,4,22
2025-05-02 22:41:00+00:00,2471843,107,7,4,22
2025-05-02 22:42:00+00:00,2471843,108,6,4,22
2025-05-02 22:43:00+00:00,2471843,109,9,4,22
2025-05-02 22:44:00+00:00,2471843,112,6,4,22
2025-05-02 22:45:00+00:00,2471843,112,9,4,22
2025-05-02 22:46:00+00:00,2471843,115,13,4,22
2025-05-02 22:47:00+00:00,2471843,110,16,4,22
2025-05-02 22:48:00+00:00,2471843,108,14,4,22
2025-05-02 22:49:00+00:00,2471843,108,17,4,22
2025-05-02 22:50:00+00:00,2471843,107,15,4,22
2025-05-02 22:51:00+00:00,2471843,106,14,4,22
2025-05-02 22:52:00+00:00,2471843,106,12,4,22
2025-05-02 22:53:00+00:00,2471843,107,13,4,22
2025-05-02 22:54:00+00:00,2471843,109,12,4,22
2025-05-02 22:55:00+00:00,2471843,106,14,4,22
2025-05-02 22:56:00+00:00,2471843,111,13,4,22
2025-05-02 22:57:00+00:00,2471843,110,14,4,22
2025-05-02 22:58:00+00:00,2471843,108,15,4,22
2025-05-02 22:59:00+00:00,2471843,109,13,4,22
2025-05-02 23:00:00+00:00,2471843,109,11,4,23
2025-05-02 23:01:00+00:00,2471843,109,8,4,23
2025-05-02 23:02:00+00:00,2471843,110,3,4,23
2025-05-02 23:03:00+00:00,2471843,109,4,4,23
2025-05-02 23:04:00+00:00,2471843,106,7,4,23
2025-05-02 23:05:00+00:00,2471843,109,9,4,23
2025-05-02 23:06:00+00:00,2471843,111,11,4,23
2025-05-02 23:07:00+00:00,2471843,108,10,4,23
2025-05-02 23:08:00+00:00,2471843,106,11,4,23
2025-05-02 23:09:00+00:00,2471843,108,11,4,23
2025-05-02 23:10:00+00:00,2471843,108,10,4,23
2025-05-02 23:11:00+00:00,2471843,109,10,4,23
2025-05-02 23:12:00+00:00,2471843,111,9,4,23
2025-05-02 23:13:00+00:00,2471843,111,9,4,23
2025-05-02 23:14:00+00:00,2471843,113,7,4,23
2025-05-02 23:15:00+00:00,2471843,110,12,4,23
2025-05-02 23:16:00+00:00,2471843,110,12,4,23
2025-05-02 23:17:00+00:00,2471843,109,15,4,23
2025-05-02 23:18:00+00:00,2471843,108,17,4,23
2025-05-02 23:19:00+00:00,2471843,109,17,4,23
2025-05-02 23:20:00+00:00,2471843,107,14,4,23
2025-05-02 23:21:00+00:00,2471843,107,11,4,23
2025-05-02 23:22:00+00:00,2471843,107,7,4,23
2025-05-02 23:23:00+00:00,2471843,108,4,4,23
2025-05-02 23:24:00+00:00,2471843,106,5,4,23
2025-05-02 23:25:00+00:00,2471843,106,2,4,23
2025-05-02 23:26:00+00:00,2471843,106,5,4,23
2025-05-02 23:27:00+00:00,2471843,99,9,4,23
2025-05-02 23:28:00+00:00,2471843,103,10,4,23
2025-05-02 23:29:00+00:00,2471843,104,8,4,23
2025-05-02 23:30:00+00:00,2471843,106,10,4,23
2025-05-02 23:31:00+00:00,2471843,106,9,4,23
2025-05-02 23:32:00+00:00,2471843,106,8,4,23
2025-05-02 23:33:00+00:00,2471843,106,9,4,23
2025-05-02 23:34:00+00:00,2471843,105,7,4,23
2025-05-02 23:35:00+00:00,2471843,107,6,4,23
2025-05-02 23:36:00+00:00,2471843,111,6,4,23
2025-05-02 23:37:00+00:00,2471843,116,7,4,23
2025-05-02 23:38:00+00:00,2471843,115,4,4,23
2025-05-02 23:39:00+00:00,2471843,114,4,4,23
2025-05-02 23:40:00+00:00,2471843,114,4,4,23
2025-05-02 23:41:00+00:00,2471843,110,6,4,23
2025-05-02 23:42:00+00:00,2471843,103,8,4,23
2025-05-02 23:43:00+00:00,2471843,104,9,4,23
2025-05-02 23:44:00+00:00,2471843,105,10,4,23
2025-05-02 23:45:00+00:00,2471843,104,14,4,23
2025-05-02 23:46:00+00:00,2471843,102,11,4,23
2025-05-02 23:47:00+00:00,2471843,102,8,4,23
2025-05-02 23:48:00+00:00,2471843,104,8,4,23
2025-05-02 23:49:00+00:00,2471843,104,4,4,23
2025-05-02 23:50:00+00:00,2471843,108,2,4,23
2025-05-02 23:51:00+00:00,2471843,108,2,4,23
2025-05-02 23:52:00+00:00,2471843,110,4,4,23
2025-05-02 23:53:00+00:00,2471843,114,5,4,23
2025-05-02 23:54:00+00:00,2471843,114,5,4,23
2025-05-02 23:55:00+00:00,2471843,113,8,4,23
2025-05-02 23:56:00+00:00,2471843,112,10,4,23
2025-05-02 23:57:00+00:00,2471843,112,9,4,23
2025-05-02 23:58:00+00:00,2471843,112,8,4,23
2025-05-02 23:59:00+00:00,2471843,114,9,4,23
2025-05-03 00:00:00+00:00,2471843,113,7,5,0
2025-05-03 00:01:00+00:00,2471843,117,8,5,0
2025-05-03 00:02:00+00:00,2471843,117,8,5,0
2025-05-03 00:03:00+00:00,2471843,117,7,5,0
2025-05-03 00:04:00+00:00,2471843,114,7,5,0
2025-05-03 00:05:00+00:00,2471843,110,7,5,0
2025-05-03 00:06:00+00:00,2471843,108,6,5,0
2025-05-03 00:07:00+00:00,2471843,107,7,5,0
2025-05-03 00:08:00+00:00,2471843,110,10,5,0
2025-05-03 00:09:00+00:00,2471843,113,11,5,0
2025-05-03 00:10:00+00:00,2471843,111,10,5,0
2025-05-03 00:11:00+00:00,2471843,111,8,5,0
2025-05-03 00:12:00+00:00,2471843,113,9,5,0
2025-05-03 00:13:00+00:00,2471843,114,9,5,0
2025-05-03 00:14:00+00:00,2471843,116,8,5,0
2025-05-03 00:15:00+00:00,2471843,108,9,5,0
2025-05-03 00:16:00+00:00,2471843,104,10,5,0
2025-05-03 00:17:00+00:00,2471843,104,9,5,0
2025-05-03 00:18:00+00:00,2471843,106,8,5,0
2025-05-03 00:19:00+00:00,2471843,103,9,5,0
2025-05-03 00:20:00+00:00,2471843,106,13,5,0
2025-05-03 00:21:00+00:00,2471843,105,13,5,0
2025-05-03 00:22:00+00:00,2471843,105,10,5,0
2025-05-03 00:23:00+00:00,2471843,104,10,5,0
2025-05-03 00:24:00+00:00,2471843,110,8,5,0
2025-05-03 00:25:00+00:00,2471843,105,5,5,0
2025-05-03 00:26:00+00:00,2471843,106,5,5,0
2025-05-03 00:27:00+00:00,2471843,104,6,5,0
2025-05-03 00:28:00+00:00,2471843,102,6,5,0
2025-05-03 00:29:00+00:00,2471843,102,3,5,0
2025-05-03 00:30:00+00:00,2471843,99,7,5,0
2025-05-03 00:31:00+00:00,2471843,99,7,5,0
2025-05-03 00:32:00+00:00,2471843,96,7,5,0
2025-05-03 00:33:00+00:00,2471843,92,7,5,0
2025-05-03 00:34:00+00:00,2471843,96,8,5,0
2025-05-03 00:35:00+00:00,2471843,95,6,5,0
2025-05-03 00:36:00+00:00,2471843,100,9,5,0
2025-05-03 00:37:00+00:00,2471843,103,10,5,0
2025-05-03 00:38:00+00:00,2471843,102,9,5,0
2025-05-03 00:39:00+00:00,2471843,102,8,5,0
2025-05-03 00:40:00+00:00,2471843,103,8,5,0
2025-05-03 00:41:00+00:00,2471843,98,4,5,0
2025-05-03 00:42:00+00:00,2471843,101,4,5,0
2025-05-03 00:43:00+00:00,2471843,105,4,5,0
2025-05-03 00:44:00+00:00,2471843,108,5,5,0
2025-05-03 00:45:00+00:00,2471843,107,5,5,0
2025-05-03 00:46:00+00:00,2471843,107,3,5,0
2025-05-03 00:47:00+00:00,2471843,107,3,5,0
2025-05-03 00:48:00+00:00,2471843,106,3,5,0
2025-05-03 00:49:00+00:00,2471843,109,3,5,0
2025-05-03 00:50:00+00:00,2471843,109,3,5,0
2025-05-03 00:51:00+00:00,2471843,105,4,5,0
2025-05-03 00:52:00+00:00,2471843,100,5,5,0
2025-05-03 00:53:00+00:00,2471843,102,7,5,0
2025-05-03 00:54:00+00:00,2471843,102,7,5,0
2025-05-03 00:55:00+00:00,2471843,79,8,5,0
2025-05-03 00:56:00+00:00,2471843,79,6,5,0
2025-05-03 00:57:00+00:00,2471843,83,9,5,0
2025-05-03 00:58:00+00:00,2471843,84,6,5,0
2025-05-03 00:59:00+00:00,2471843,89,6,5,0
2025-05-03 01:00:00+00:00,2471843,89,5,5,1
2025-05-03 01:01:00+00:00,2471843,90,6,5,1
2025-05-03 01:02:00+00:00,2471843,94,4,5,1
2025-05-03 01:03:00+00:00,2471843,96,5,5,1
2025-05-03 01:04:00+00:00,2471843,98,4,5,1
2025-05-03 01:05:00+00:00,2471843,99,6,5,1
2025-05-03 01:06:00+00:00,2471843,99,5,5,1
2025-05-03 01:07:00+00:00,2471843,99,4,5,1
2025-05-03 01:08:00+00:00,2471843,99,2,5,1
2025-05-03 01:09:00+00:00,2471843,99,1,5,1
2025-05-03 01:10:00+00:00,2471843,100,1,5,1
2025-05-03 01:11:00+00:00,2471843,100,1,5,1
2025-05-03 01:12:00+00:00,2471843,107,4,5,1
2025-05-03 01:13:00+00:00,2471843,103,5,5,1
2025-05-03 01:14:00+00:00,2471843,103,5,5,1
2025-05-03 01:15:00+00:00,2471843,107,6,5,1
2025-05-03 01:16:00+00:00,2471843,107,8,5,1
2025-05-03 01:17:00+00:00,2471843,108,6,5,1
2025-05-03 01:18:00+00:00,2471843,108,5,5,1
2025-05-03 01:19:00+00:00,2471843,108,7,5,1
2025-05-03 01:20:00+00:00,2471843,108,4,5,1
2025-05-03 01:21:00+00:00,2471843,108,2,5,1
2025-05-03 01:22:00+00:00,2471843,114,2,5,1
2025-05-03 01:23:00+00:00,2471843,109,7,5,1
2025-05-03 01:24:00+00:00,2471843,109,6,5,1
2025-05-03 01:25:00+00:00,2471843,107,7,5,1
2025-05-03 01:26:00+00:00,2471843,107,7,5,1
2025-05-03 01:27:00+00:00,2471843,107,6,5,1
2025-05-03 01:28:00+00:00,2471843,109,2,5,1
2025-05-03 01:29:00+00:00,2471843,109,2,5,1
2025-05-03 01:30:00+00:00,2471843,114,3,5,1
2025-05-03 01:31:00+00:00,2471843,114,3,5,1
2025-05-03 01:32:00+00:00,2471843,114,4,5,1
2025-05-03 01:33:00+00:00,2471843,114,3,5,1
2025-05-03 01:34:00+00:00,2471843,120,6,5,1
2025-05-03 01:35:00+00:00,2471843,118,5,5,1
2025-05-03 01:36:00+00:00,2471843,116,6,5,1
2025-05-03 01:37:00+00:00,2471843,116,5,5,1
2025-05-03 01:38:00+00:00,2471843,114,6,5,1
2025-05-03 01:39:00+00:00,2471843,114,3,5,1
2025-05-03 01:40:00+00:00,2471843,109,5,5,1
2025-05-03 01:41:00+00:00,2471843,109,4,5,1
2025-05-03 01:42:00+00:00,2471843,109,4,5,1
2025-05-03 01:43:00+00:00,2471843,113,4,5,1
2025-05-03 01:44:00+00:00,2471843,112,5,5,1
2025-05-03 01:45:00+00:00,2471843,112,4,5,1
2025-05-03 01:46:00+00:00,2471843,112,4,5,1
2025-05-03 01:47:00+00:00,2471843,113,7,5,1
2025-05-03 01:48:00+00:00,2471843,113,7,5,1
2025-05-03 01:49:00+00:00,2471843,111,7,5,1
2025-05-03 01:50:00+00:00,2471843,111,7,5,1
2025-05-03 01:51:00+00:00,2471843,112,8,5,1
2025-05-03 01:52:00+00:00,2471843,112,3,5,1
2025-05-03 01:53:00+00:00,2471843,112,3,5,1
2025-05-03 01:54:00+00:00,2471843,112,1,5,1
2025-05-03 01:55:00+00:00,2471843,108,1,5,1
2025-05-03 01:56:00+00:00,2471843,108,1,5,1
2025-05-03 01:57:00+00:00,2471843,108,1,5,1
2025-05-03 01:58:00+00:00,2471843,107,2,5,1
2025-05-03 01:59:00+00:00,2471843,107,2,5,1
2025-05-03 02:00:00+00:00,2471843,108,2,5,2
2025-05-03 02:01:00+00:00,2471843,108,2,5,2
2025-05-03 02:02:00+00:00,2471843,106,4,5,2
2025-05-03 02:03:00+00:00,2471843,106,3,5,2
2025-05-03 02:04:00+00:00,2471843,106,3,5,2
2025-05-03 02:05:00+00:00,2471843,108,3,5,2
2025-05-03 02:06:00+00:00,2471843,108,3,5,2
2025-05-03 02:07:00+00:00,2471843,108,1,5,2
2025-05-03 02:08:00+00:00,2471843,109,2,5,2
2025-05-03 02:09:00+00:00,2471843,105,5,5,2
2025-05-03 02:10:00+00:00,2471843,105,4,5,2
2025-05-03 02:11:00+00:00,2471843,103,5,5,2
2025-05-03 02:12:00+00:00,2471843,103,5,5,2
2025-05-03 02:13:00+00:00,2471843,104,6,5,2
2025-05-03 02:14:00+00:00,2471843,104,3,5,2
2025-05-03 02:15:00+00:00,2471843,103,3,5,2
2025-05-03 02:16:00+00:00,2471843,106,5,5,2
2025-05-03 02:17:00+00:00,2471843,106,5,5,2
2025-05-03 02:18:00+00:00,2471843,96,4,5,2
2025-05-03 02:19:00+00:00,2471843,96,5,5,2
2025-05-03 02:20:00+00:00,2471843,96,4,5,2
2025-05-03 02:21:00+00:00,2471843,96,3,5,2
2025-05-03 02:22:00+00:00,2471843,96,3,5,2
2025-05-03 02:23:00+00:00,2471843,96,0,5,2
2025-05-03 02:24:00+00:00,2471843,99,1,5,2
2025-05-03 02:25:00+00:00,2471843,101,2,5,2
2025-05-03 02:26:00+00:00,2471843,100,2,5,2
2025-05-03 02:27:00+00:00,2471843,100,2,5,2
2025-05-03 02:28:00+00:00,2471843,100,2,5,2
2025-05-03 02:29:00+00:00,2471843,99,2,5,2
2025-05-03 02:30:00+00:00,2471843,99,1,5,2
2025-05-03 02:31:00+00:00,2471843,103,3,5,2
2025-05-03 02:32:00+00:00,2471843,107,4,5,2
2025-05-03 02:33:00+00:00,2471843,103,4,5,2
2025-05-03 02:34:00+00:00,2471843,103,7,5,2
2025-05-03 02:35:00+00:00,2471843,103,7,5,2
2025-05-03 02:36:00+00:00,2471843,102,5,5,2
2025-05-03 02:37:00+00:00,2471843,102,3,5,2
2025-05-03 02:38:00+00:00,2471843,105,3,5,2
2025-05-03 02:39:00+00:00,2471843,104,2,5,2
2025-05-03 02:40:00+00:00,2471843,104,2,5,2
2025-05-03 02:41:00+00:00,2471843,109,4,5,2
2025-05-03 02:42:00+00:00,2471843,109,4,5,2
2025-05-03 02:43:00+00:00,2471843,109,3,5,2
2025-05-03 02:44:00+00:00,2471843,109,2,5,2
2025-05-03 02:45:00+00:00,2471843,108,3,5,2
2025-05-03 02:46:00+00:00,2471843,107,2,5,2
2025-05-03 02:47:00+00:00,2471843,108,5,5,2
2025-05-03 02:48:00+00:00,2471843,110,7,5,2
2025-05-03 02:49:00+00:00,2471843,111,8,5,2
2025-05-03 02:50:00+00:00,2471843,111,7,5,2
2025-05-03 02:51:00+00:00,2471843,111,6,5,2
2025-05-03 02:52:00+00:00,2471843,109,3,5,2
2025-05-03 02:53:00+00:00,2471843,109,3,5,2
2025-05-03 02:54:00+00:00,2471843,106,5,5,2
2025-05-03 02:55:00+00:00,2471843,106,5,5,2
2025-05-03 02:56:00+00:00,2471843,106,5,5,2
2025-05-03 02:57:00+00:00,2471843,106,4,5,2
2025-05-03 02:58:00+00:00,2471843,103,3,5,2
2025-05-03 02:59:00+00:00,2471843,103,1,5,2
2025-05-03 03:00:00+00:00,2471843,104,2,5,3
2025-05-03 03:01:00+00:00,2471843,103,3,5,3
2025-05-03 03:02:00+00:00,2471843,104,3,5,3
2025-05-03 03:03:00+00:00,2471843,105,4,5,3
2025-05-03 03:04:00+00:00,2471843,103,6,5,3
2025-05-03 03:05:00+00:00,2471843,103,5,5,3
2025-05-03 03:06:00+00:00,2471843,107,6,5,3
2025-05-03 03:07:00+00:00,2471843,107,5,5,3
2025-05-03 03:08:00+00:00,2471843,102,4,5,3
2025-05-03 03:09:00+00:00,2471843,100,4,5,3
2025-05-03 03:10:00+00:00,2471843,100,4,5,3
2025-05-03 03:11:00+00:00,2471843,103,3,5,3
2025-05-03 03:12:00+00:00,2471843,105,3,5,3
2025-05-03 03:13:00+00:00,2471843,110,6,5,3
2025-05-03 03:14:00+00:00,2471843,110,5,5,3
2025-05-03 03:15:00+00:00,2471843,108,7,5,3
2025-05-03 03:16:00+00:00,2471843,108,6,5,3
2025-05-03 03:17:00+00:00,2471843,110,6,5,3
2025-05-03 03:18:00+00:00,2471843,113,4,5,3
2025-05-03 03:19:00+00:00,2471843,109,4,5,3
2025-05-03 03:20:00+00:00,2471843,111,4,5,3
2025-05-03 03:21:00+00:00,2471843,111,4,5,3
2025-05-03 03:22:00+00:00,2471843,112,6,5,3
2025-05-03 03:23:00+00:00,2471843,115,5,5,3
2025-05-03 03:24:00+00:00,2471843,110,5,5,3
2025-05-03 03:25:00+00:00,2471843,96,8,5,3
2025-05-03 03:26:00+00:00,2471843,104,7,5,3
2025-05-03 03:27:00+00:00,2471843,103,7,5,3
2025-05-03 03:28:00+00:00,2471843,102,7,5,3
2025-05-03 03:29:00+00:00,2471843,104,7,5,3
2025-05-03 03:30:00+00:00,2471843,104,4,5,3
2025-05-03 03:31:00+00:00,2471843,104,5,5,3
2025-05-03 03:32:00+00:00,2471843,106,6,5,3
2025-05-03 03:33:00+00:00,2471843,106,6,5,3
2025-05-03 03:34:00+00:00,2471843,108,7,5,3
2025-05-03 03:35:00+00:00,2471843,108,7,5,3
2025-05-03 03:36:00+00:00,2471843,111,8,5,3
2025-05-03 03:37:00+00:00,2471843,111,10,5,3
2025-05-03 03:38:00+00:00,2471843,109,11,5,3
2025-05-03 03:39:00+00:00,2471843,109,11,5,3
2025-05-03 03:40:00+00:00,2471843,109,11,5,3
2025-05-03 03:41:00+00:00,2471843,109,6,5,3
2025-05-03 03:42:00+00:00,2471843,109,3,5,3
2025-05-03 03:43:00+00:00,2471843,108,3,5,3
2025-05-03 03:44:00+00:00,2471843,105,2,5,3
2025-05-03 03:45:00+00:00,2471843,102,5,5,3
2025-05-03 03:46:00+00:00,2471843,105,7,5,3
2025-05-03 03:47:00+00:00,2471843,104,8,5,3
2025-05-03 03:48:00+00:00,2471843,104,7,5,3
2025-05-03 03:49:00+00:00,2471843,107,7,5,3
2025-05-03 03:50:00+00:00,2471843,107,5,5,3
2025-05-03 03:51:00+00:00,2471843,109,6,5,3
2025-05-03 03:52:00+00:00,2471843,104,7,5,3
2025-05-03 03:53:00+00:00,2471843,103,9,5,3
2025-05-03 03:54:00+00:00,2471843,107,9,5,3
2025-05-03 03:55:00+00:00,2471843,107,8,5,3
2025-05-03 03:56:00+00:00,2471843,107,4,5,3
2025-05-03 03:57:00+00:00,2471843,110,4,5,3
2025-05-03 03:58:00+00:00,2471843,112,9,5,3
2025-05-03 03:59:00+00:00,2471843,112,10,5,3
2025-05-03 04:00:00+00:00,2471843,118,14,5,4
2025-05-03 04:01:00+00:00,2471843,116,15,5,4
2025-05-03 04:02:00+00:00,2471843,118,16,5,4
2025-05-03 04:03:00+00:00,2471843,118,10,5,4
2025-05-03 04:04:00+00:00,2471843,118,8,5,4
2025-05-03 04:05:00+00:00,2471843,117,6,5,4
2025-05-03 04:06:00+00:00,2471843,119,6,5,4
2025-05-03 04:07:00+00:00,2471843,118,7,5,4
2025-05-03 04:08:00+00:00,2471843,119,9,5,4
2025-05-03 04:09:00+00:00,2471843,119,10,5,4
2025-05-03 04:10:00+00:00,2471843,118,18,5,4
2025-05-03 04:11:00+00:00,2471843,116,15,5,4
2025-05-03 04:12:00+00:00,2471843,110,11,5,4
2025-05-03 04:13:00+00:00,2471843,110,11,5,4
2025-05-03 04:14:00+00:00,2471843,109,12,5,4
2025-05-03 04:15:00+00:00,2471843,106,6,5,4
2025-05-03 04:16:00+00:00,2471843,109,7,5,4
2025-05-03 04:17:00+00:00,2471843,111,7,5,4
2025-05-03 04:18:00+00:00,2471843,111,11,5,4
2025-05-03 04:19:00+00:00,2471843,110,11,5,4
2025-05-03 04:20:00+00:00,2471843,106,13,5,4
2025-05-03 04:21:00+00:00,2471843,106,12,5,4
2025-05-03 04:22:00+00:00,2471843,109,16,5,4
2025-05-03 04:23:00+00:00,2471843,103,13,5,4
2025-05-03 04:24:00+00:00,2471843,105,12,5,4
2025-05-03 04:25:00+00:00,2471843,107,13,5,4
2025-05-03 04:26:00+00:00,2471843,112,13,5,4
2025-05-03 04:27:00+00:00,2471843,113,8,5,4
2025-05-03 04:28:00+00:00,2471843,110,10,5,4
2025-05-03 04:29:00+00:00,2471843,115,11,5,4
2025-05-03 04:30:00+00:00,2471843,111,11,5,4
2025-05-03 04:31:00+00:00,2471843,111,13,5,4
2025-05-03 04:32:00+00:00,2471843,116,15,5,4
2025-05-03 04:33:00+00:00,2471843,111,16,5,4
2025-05-03 04:34:00+00:00,2471843,109,15,5,4
2025-05-03 04:35:00+00:00,2471843,109,16,5,4
2025-05-03 04:36:00+00:00,2471843,108,12,5,4
2025-05-03 04:37:00+00:00,2471843,107,10,5,4
2025-05-03 04:38:00+00:00,2471843,110,9,5,4
2025-05-03 04:39:00+00:00,2471843,110,7,5,4
2025-05-03 04:40:00+00:00,2471843,108,9,5,4
2025-05-03 04:41:00+00:00,2471843,110,10,5,4
2025-05-03 04:42:00+00:00,2471843,109,15,5,4
2025-05-03 04:43:00+00:00,2471843,103,15,5,4
2025-05-03 04:44:00+00:00,2471843,103,20,5,4
2025-05-03 04:45:00+00:00,2471843,104,19,5,4
2025-05-03 04:46:00+00:00,2471843,108,21,5,4
2025-05-03 04:47:00+00:00,2471843,94,17,5,4
2025-05-03 04:48:00+00:00,2471843,94,13,5,4
2025-05-03 04:49:00+00:00,2471843,96,12,5,4
2025-05-03 04:50:00+00:00,2471843,102,15,5,4
2025-05-03 04:51:00+00:00,2471843,105,14,5,4
2025-05-03 04:52:00+00:00,2471843,106,14,5,4
2025-05-03 04:53:00+00:00,2471843,104,16,5,4
2025-05-03 04:54:00+00:00,2471843,115,17,5,4
2025-05-03 04:55:00+00:00,2471843,115,13,5,4
2025-05-03 04:56:00+00:00,2471843,113,16,5,4
2025-05-03 04:57:00+00:00,2471843,112,14,5,4
2025-05-03 04:58:00+00:00,2471843,112,11,5,4
2025-05-03 04:59:00+00:00,2471843,112,10,5,4
2025-05-03 05:00:00+00:00,2471843,109,9,5,5
2025-05-03 05:01:00+00:00,2471843,109,8,5,5
2025-05-03 05:02:00+00:00,2471843,110,8,5,5
2025-05-03 05:03:00+00:00,2471843,110,9,5,5
2025-05-03 05:04:00+00:00,2471843,112,11,5,5
2025-05-03 05:05:00+00:00,2471843,112,15,5,5
2025-05-03 05:06:00+00:00,2471843,110,14,5,5
2025-05-03 05:07:00+00:00,2471843,113,18,5,5
2025-05-03 05:08:00+00:00,2471843,113,25,5,5
2025-05-03 05:09:00+00:00,2471843,113,22,5,5
2025-05-03 05:10:00+00:00,2471843,112,24,5,5
2025-05-03 05:11:00+00:00,2471843,107,30,5,5
2025-05-03 05:12:00+00:00,2471843,109,27,5,5
2025-05-03 05:13:00+00:00,2471843,111,24,5,5
2025-05-03 05:14:00+00:00,2471843,110,23,5,5
2025-05-03 05:15:00+00:00,2471843,112,20,5,5
2025-05-03 05:16:00+00:00,2471843,107,15,5,5
2025-05-03 05:17:00+00:00,2471843,108,16,5,5
2025-05-03 05:18:00+00:00,2471843,116,14,5,5
2025-05-03 05:19:00+00:00,2471843,115,13,5,5
2025-05-03 05:20:00+00:00,2471843,112,16,5,5
2025-05-03 05:21:00+00:00,2471843,116,22,5,5
2025-05-03 05:22:00+00:00,2471843,118,18,5,5
2025-05-03 05:23:00+00:00,2471843,113,17,5,5
2025-05-03 05:24:00+00:00,2471843,112,16,5,5
2025-05-03 05:25:00+00:00,2471843,107,13,5,5
2025-05-03 05:26:00+00:00,2471843,102,12,5,5
2025-05-03 05:27:00+00:00,2471843,102,17,5,5
2025-05-03 05:28:00+00:00,2471843,109,16,5,5
2025-05-03 05:29:00+00:00,2471843,114,23,5,5
2025-05-03 05:30:00+00:00,2471843,116,24,5,5
2025-05-03 05:31:00+00:00,2471843,117,24,5,5
2025-05-03 05:32:00+00:00,2471843,115,25,5,5
2025-05-03 05:33:00+00:00,2471843,100,25,5,5
2025-05-03 05:34:00+00:00,2471843,104,21,5,5
2025-05-03 05:35:00+00:00,2471843,107,22,5,5
2025-05-03 05:36:00+00:00,2471843,107,18,5,5
2025-05-03 05:37:00+00:00,2471843,103,12,5,5
2025-05-03 05:38:00+00:00,2471843,106,15,5,5
2025-05-03 05:39:00+00:00,2471843,104,13,5,5
2025-05-03 05:40:00+00:00,2471843,107,11,5,5
2025-05-03 05:41:00+00:00,2471843,108,13,5,5
2025-05-03 05:42:00+00:00,2471843,116,17,5,5
2025-05-03 05:43:00+00:00,2471843,115,11,5,5
2025-05-03 05:44:00+00:00,2471843,114,17,5,5
2025-05-03 05:45:00+00:00,2471843,111,14,5,5
2025-05-03 05:46:00+00:00,2471843,104,18,5,5
2025-05-03 05:47:00+00:00,2471843,104,16,5,5
2025-05-03 05:48:00+00:00,2471843,102,22,5,5
2025-05-03 05:49:00+00:00,2471843,104,19,5,5
2025-05-03 05:50:00+00:00,2471843,107,18,5,5
2025-05-03 05:51:00+00:00,2471843,103,20,5,5
2025-05-03 05:52:00+00:00,2471843,107,23,5,5
2025-05-03 05:53:00+00:00,2471843,110,23,5,5
2025-05-03 05:54:00+00:00,2471843,108,23,5,5
2025-05-03 05:55:00+00:00,2471843,108,19,5,5
2025-05-03 05:56:00+00:00,2471843,106,20,5,5
2025-05-03 05:57:00+00:00,2471843,104,15,5,5
2025-05-03 05:58:00+00:00,2471843,103,12,5,5
2025-05-03 05:59:00+00:00,2471843,106,13,5,5
2025-05-03 06:00:00+00:00,2471843,116,16,5,6
2025-05-03 06:01:00+00:00,2471843,114,13,5,6
2025-05-03 06:02:00+00:00,2471843,105,15,5,6
2025-05-03 06:03:00+00:00,2471843,106,15,5,6
2025-05-03 06:04:00+00:00,2471843,109,16,5,6
2025-05-03 06:05:00+00:00,2471843,108,17,5,6
2025-05-03 06:06:00+00:00,2471843,110,18,5,6
2025-05-03 06:07:00+00:00,2471843,108,20,5,6
2025-05-03 06:08:00+00:00,2471843,115,23,5,6
2025-05-03 06:09:00+00:00,2471843,110,28,5,6
2025-05-03 06:10:00+00:00,2471843,107,28,5,6
2025-05-03 06:11:00+00:00,2471843,106,25,5,6
2025-05-03 06:12:00+00:00,2471843,112,24,5,6
2025-05-03 06:13:00+00:00,2471843,114,23,5,6
2025-05-03 06:14:00+00:00,2471843,114,13,5,6
2025-05-03 06:15:00+00:00,2471843,112,11,5,6
2025-05-03 06:16:00+00:00,2471843,114,12,5,6
2025-05-03 06:17:00+00:00,2471843,111,15,5,6
2025-05-03 06:18:00+00:00,2471843,110,14,5,6
2025-05-03 06:19:00+00:00,2471843,99,23,5,6
2025-05-03 06:20:00+00:00,2471843,99,23,5,6
2025-05-03 06:21:00+00:00,2471843,99,24,5,6
2025-05-03 06:22:00+00:00,2471843,100,21,5,6
2025-05-03 06:23:00+00:00,2471843,104,20,5,6
2025-05-03 06:24:00+00:00,2471843,106,19,5,6
2025-05-03 06:25:00+00:00,2471843,106,22,5,6
2025-05-03 06:26:00+00:00,2471843,108,20,5,6
2025-05-03 06:27:00+00:00,2471843,107,19,5,6
2025-05-03 06:28:00+00:00,2471843,106,22,5,6
2025-05-03 06:29:00+00:00,2471843,105,18,5,6
2025-05-03 06:30:00+00:00,2471843,109,16,5,6
2025-05-03 06:31:00+00:00,2471843,108,16,5,6
2025-05-03 06:32:00+00:00,2471843,104,18,5,6
2025-05-03 06:33:00+00:00,2471843,107,17,5,6
2025-05-03 06:34:00+00:00,2471843,105,17,5,6
2025-05-03 06:35:00+00:00,2471843,103,17,5,6
2025-05-03 06:36:00+00:00,2471843,102,23,5,6
2025-05-03 06:37:00+00:00,2471843,104,24,5,6
2025-05-03 06:38:00+00:00,2471843,106,26,5,6
2025-05-03 06:39:00+00:00,2471843,108,31,5,6
2025-05-03 06:40:00+00:00,2471843,112,28,5,6
2025-05-03 06:41:00+00:00,2471843,113,24,5,6
2025-05-03 06:42:00+00:00,2471843,109,23,5,6
2025-05-03 06:43:00+00:00,2471843,110,25,5,6
2025-05-03 06:44:00+00:00,2471843,109,34,5,6
2025-05-03 06:45:00+00:00,2471843,110,34,5,6
2025-05-03 06:46:00+00:00,2471843,101,40,5,6
2025-05-03 06:47:00+00:00,2471843,105,35,5,6
2025-05-03 06:48:00+00:00,2471843,107,32,5,6
2025-05-03 06:49:00+00:00,2471843,112,30,5,6
2025-05-03 06:50:00+00:00,2471843,111,25,5,6
2025-05-03 06:51:00+00:00,2471843,104,22,5,6
2025-05-03 06:52:00+00:00,2471843,97,28,5,6
2025-05-03 06:53:00+00:00,2471843,105,31,5,6
2025-05-03 06:54:00+00:00,2471843,104,32,5,6
2025-05-03 06:55:00+00:00,2471843,106,29,5,6
2025-05-03 06:56:00+00:00,2471843,105,33,5,6
2025-05-03 06:57:00+00:00,2471843,105,28,5,6
2025-05-03 06:58:00+00:00,2471843,108,25,5,6
2025-05-03 06:59:00+00:00,2471843,104,24,5,6
2025-05-03 07:00:00+00:00,2471843,105,24,5,7
2025-05-03 07:01:00+00:00,2471843,103,21,5,7
2025-05-03 07:02:00+00:00,2471843,113,22,5,7
2025-05-03 07:03:00+00:00,2471843,113,26,5,7
2025-05-03 07:04:00+00:00,2471843,112,25,5,7
2025-05-03 07:05:00+00:00,2471843,112,32,5,7
2025-05-03 07:06:00+00:00,2471843,108,36,5,7
2025-05-03 07:07:00+00:00,2471843,112,37,5,7
2025-05-03 07:08:00+00:00,2471843,104,41,5,7
2025-05-03 07:09:00+00:00,2471843,102,40,5,7
2025-05-03 07:10:00+00:00,2471843,105,38,5,7
2025-05-03 07:11:00+00:00,2471843,105,31,5,7
2025-05-03 07:12:00+00:00,2471843,106,34,5,7
2025-05-03 07:13:00+00:00,2471843,109,30,5,7
2025-05-03 07:14:00+00:00,2471843,108,31,5,7
2025-05-03 07:15:00+00:00,2471843,107,29,5,7
2025-05-03 07:16:00+00:00,2471843,107,30,5,7
2025-05-03 07:17:00+00:00,2471843,112,27,5,7
2025-05-03 07:18:00+00:00,2471843,109,25,5,7
2025-05-03 07:19:00+00:00,2471843,108,22,5,7
2025-05-03 07:20:00+00:00,2471843,111,27,5,7
2025-05-03 07:21:00+00:00,2471843,111,30,5,7
2025-05-03 07:22:00+00:00,2471843,112,30,5,7
2025-05-03 07:23:00+00:00,2471843,110,38,5,7
2025-05-03 07:24:00+00:00,2471843,112,36,5,7
2025-05-03 07:25:00+00:00,2471843,112,32,5,7
2025-05-03 07:26:00+00:00,2471843,111,31,5,7
2025-05-03 07:27:00+00:00,2471843,113,29,5,7
2025-05-03 07:28:00+00:00,2471843,111,32,5,7
2025-05-03 07:29:00+00:00,2471843,108,40,5,7
2025-05-03 07:30:00+00:00,2471843,109,47,5,7
2025-05-03 07:31:00+00:00,2471843,106,50,5,7
2025-05-03 07:32:00+00:00,2471843,103,53,5,7
2025-05-03 07:33:00+00:00,2471843,104,52,5,7
2025-05-03 07:34:00+00:00,2471843,105,46,5,7
2025-05-03 07:35:00+00:00,2471843,111,46,5,7
2025-05-03 07:36:00+00:00,2471843,112,41,5,7
2025-05-03 07:37:00+00:00,2471843,114,34,5,7
2025-05-03 07:38:00+00:00,2471843,111,33,5,7
2025-05-03 07:39:00+00:00,2471843,103,36,5,7
2025-05-03 07:40:00+00:00,2471843,102,36,5,7
2025-05-03 07:41:00+00:00,2471843,112,48,5,7
2025-05-03 07:42:00+00:00,2471843,110,48,5,7
2025-05-03 07:43:00+00:00,2471843,106,42,5,7
2025-05-03 07:44:00+00:00,2471843,106,41,5,7
2025-05-03 07:45:00+00:00,2471843,104,52,5,7
2025-05-03 07:46:00+00:00,2471843,110,37,5,7
2025-05-03 07:47:00+00:00,2471843,106,37,5,7
2025-05-03 07:48:00+00:00,2471843,105,48,5,7
2025-05-03 07:49:00+00:00,2471843,102,49,5,7
2025-05-03 07:50:00+00:00,2471843,104,41,5,7
2025-05-03 07:51:00+00:00,2471843,105,50,5,7
2025-05-03 07:52:00+00:00,2471843,105,51,5,7
2025-05-03 07:53:00+00:00,2471843,102,41,5,7
2025-05-03 07:54:00+00:00,2471843,103,37,5,7
2025-05-03 07:55:00+00:00,2471843,104,30,5,7
2025-05-03 07:56:00+00:00,2471843,104,22,5,7
2025-05-03 07:57:00+00:00,2471843,104,9,5,7
2025-05-03 07:58:00+00:00,2471843,104,4,5,7
2025-05-03 07:59:00+00:00,2471843,79,20,5,7
2025-05-03 08:00:00+00:00,2471843,101,31,5,8
2025-05-03 08:01:00+00:00,2471843,106,40,5,8
2025-05-03 08:02:00+00:00,2471843,104,51,5,8
2025-05-03 08:03:00+00:00,2471843,102,60,5,8
2025-05-03 08:04:00+00:00,2471843,106,48,5,8
2025-05-03 08:05:00+00:00,2471843,109,38,5,8
2025-05-03 08:06:00+00:00,2471843,106,32,5,8
2025-05-03 08:07:00+00:00,2471843,110,26,5,8
2025-05-03 08:08:00+00:00,2471843,104,28,5,8
2025-05-03 08:09:00+00:00,2471843,105,28,5,8
2025-05-03 08:10:00+00:00,2471843,105,31,5,8
2025-05-03 08:11:00+00:00,2471843,107,37,5,8
2025-05-03 08:12:00+00:00,2471843,103,37,5,8
2025-05-03 08:13:00+00:00,2471843,105,37,5,8
2025-05-03 08:14:00+00:00,2471843,104,43,5,8
2025-05-03 08:15:00+00:00,2471843,101,41,5,8
2025-05-03 08:16:00+00:00,2471843,108,37,5,8
2025-05-03 08:17:00+00:00,2471843,106,36,5,8
2025-05-03 08:18:00+00:00,2471843,110,28,5,8
2025-05-03 08:19:00+00:00,2471843,104,29,5,8
2025-05-03 08:20:00+00:00,2471843,100,27,5,8
2025-05-03 08:21:00+00:00,2471843,103,29,5,8
2025-05-03 08:22:00+00:00,2471843,107,38,5,8
2025-05-03 08:23:00+00:00,2471843,106,46,5,8
2025-05-03 08:24:00+00:00,2471843,110,45,5,8
2025-05-03 08:25:00+00:00,2471843,109,50,5,8
2025-05-03 08:26:00+00:00,2471843,115,45,5,8
2025-05-03 08:27:00+00:00,2471843,113,38,5,8
2025-05-03 08:28:00+00:00,2471843,105,41,5,8
2025-05-03 08:29:00+00:00,2471843,106,36,5,8
2025-05-03 08:30:00+00:00,2471843,114,37,5,8
2025-05-03 08:31:00+00:00,2471843,110,33,5,8
2025-05-03 08:32:00+00:00,2471843,103,31,5,8
2025-05-03 08:33:00+00:00,2471843,105,30,5,8
2025-05-03 08:34:00+00:00,2471843,107,30,5,8
2025-05-03 08:35:00+00:00,2471843,104,29,5,8
2025-05-03 08:36:00+00:00,2471843,106,28,5,8
2025-05-03 08:37:00+00:00,2471843,103,29,5,8
2025-05-03 08:38:00+00:00,2471843,112,30,5,8
2025-05-03 08:39:00+00:00,2471843,108,34,5,8
2025-05-03 08:40:00+00:00,2471843,109,35,5,8
2025-05-03 08:41:00+00:00,2471843,102,34,5,8
2025-05-03 08:42:00+00:00,2471843,106,40,5,8
2025-05-03 08:43:00+00:00,2471843,107,39,5,8
2025-05-03 08:44:00+00:00,2471843,113,38,5,8
2025-05-03 08:45:00+00:00,2471843,103,40,5,8
2025-05-03 08:46:00+00:00,2471843,109,52,5,8
2025-05-03 08:47:00+00:00,2471843,111,50,5,8
2025-05-03 08:48:00+00:00,2471843,108,47,5,8
2025-05-03 08:49:00+00:00,2471843,104,42,5,8
2025-05-03 08:50:00+00:00,2471843,106,49,5,8
2025-05-03 08:51:00+00:00,2471843,112,47,5,8
2025-05-03 08:52:00+00:00,2471843,110,48,5,8
2025-05-03 08:53:00+00:00,2471843,104,54,5,8
2025-05-03 08:54:00+00:00,2471843,101,60,5,8
2025-05-03 08:55:00+00:00,2471843,107,50,5,8
2025-05-03 08:56:00+00:00,2471843,109,41,5,8
2025-05-03 08:57:00+00:00,2471843,112,42,5,8
2025-05-03 08:58:00+00:00,2471843,113,36,5,8
2025-05-03 08:59:00+00:00,2471843,106,39,5,8
2025-05-03 09:00:00+00:00,2471843,107,36,5,9
2025-05-03 09:01:00+00:00,2471843,108,38,5,9
2025-05-03 09:02:00+00:00,2471843,106,35,5,9
2025-05-03 09:03:00+00:00,2471843,106,38,5,9
2025-05-03 09:04:00+00:00,2471843,107,41,5,9
2025-05-03 09:05:00+00:00,2471843,110,44,5,9
2025-05-03 09:06:00+00:00,2471843,109,42,5,9
2025-05-03 09:07:00+00:00,2471843,110,39,5,9
2025-05-03 09:08:00+00:00,2471843,108,44,5,9
2025-05-03 09:09:00+00:00,2471843,109,46,5,9
2025-05-03 09:10:00+00:00,2471843,110,41,5,9
2025-05-03 09:11:00+00:00,2471843,104,43,5,9
2025-05-03 09:12:00+00:00,2471843,104,50,5,9
2025-05-03 09:13:00+00:00,2471843,106,38,5,9
2025-05-03 09:14:00+00:00,2471843,109,36,5,9
2025-05-03 09:15:00+00:00,2471843,110,36,5,9
2025-05-03 09:16:00+00:00,2471843,113,35,5,9
2025-05-03 09:17:00+00:00,2471843,112,36,5,9
2025-05-03 09:18:00+00:00,2471843,107,32,5,9
2025-05-03 09:19:00+00:00,2471843,103,31,5,9
2025-05-03 09:20:00+00:00,2471843,106,35,5,9
2025-05-03 09:21:00+00:00,2471843,102,37,5,9
2025-05-03 09:22:00+00:00,2471843,106,34,5,9
2025-05-03 09:23:00+00:00,2471843,107,34,5,9
2025-05-03 09:24:00+00:00,2471843,105,32,5,9
2025-05-03 09:25:00+00:00,2471843,99,34,5,9
2025-05-03 09:26:00+00:00,2471843,102,30,5,9
2025-05-03 09:27:00+00:00,2471843,105,33,5,9
2025-05-03 09:28:00+00:00,2471843,102,33,5,9
2025-05-03 09:29:00+00:00,2471843,104,43,5,9
2025-05-03 09:30:00+00:00,2471843,110,42,5,9
2025-05-03 09:31:00+00:00,2471843,104,46,5,9
2025-05-03 09:32:00+00:00,2471843,104,47,5,9
2025-05-03 09:33:00+00:00,2471843,108,52,5,9
2025-05-03 09:34:00+00:00,2471843,108,41,5,9
2025-05-03 09:35:00+00:00,2471843,109,40,5,9
2025-05-03 09:36:00+00:00,2471843,109,33,5,9
2025-05-03 09:37:00+00:00,2471843,108,32,5,9
2025-05-03 09:38:00+00:00,2471843,108,35,5,9
2025-05-03 09:39:00+00:00,2471843,109,33,5,9
2025-05-03 09:40:00+00:00,2471843,115,33,5,9
2025-05-03 09:41:00+00:00,2471843,110,36,5,9
2025-05-03 09:42:00+00:00,2471843,106,36,5,9
2025-05-03 09:43:00+00:00,2471843,106,34,5,9
2025-05-03 09:44:00+00:00,2471843,109,35,5,9
2025-05-03 09:45:00+00:00,2471843,110,34,5,9
2025-05-03 09:46:00+00:00,2471843,102,35,5,9
2025-05-03 09:47:00+00:00,2471843,100,33,5,9
2025-05-03 09:48:00+00:00,2471843,108,31,5,9
2025-05-03 09:49:00+00:00,2471843,115,30,5,9
2025-05-03 09:50:00+00:00,2471843,107,36,5,9
2025-05-03 09:51:00+00:00,2471843,115,35,5,9
2025-05-03 09:52:00+00:00,2471843,115,38,5,9
2025-05-03 09:53:00+00:00,2471843,113,38,5,9
2025-05-03 09:54:00+00:00,2471843,111,40,5,9
2025-05-03 09:55:00+00:00,2471843,106,34,5,9
2025-05-03 09:56:00+00:00,2471843,111,32,5,9
2025-05-03 09:57:00+00:00,2471843,107,33,5,9
2025-05-03 09:58:00+00:00,2471843,104,39,5,9
2025-05-03 09:59:00+00:00,2471843,106,41,5,9
2025-05-03 10:00:00+00:00,2471843,113,43,5,10
2025-05-03 10:01:00+00:00,2471843,108,47,5,10
2025-05-03 10:02:00+00:00,2471843,106,47,5,10
2025-05-03 10:03:00+00:00,2471843,109,41,5,10
2025-05-03 10:04:00+00:00,2471843,103,40,5,10
2025-05-03 10:05:00+00:00,2471843,100,37,5,10
2025-05-03 10:06:00+00:00,2471843,107,34,5,10
2025-05-03 10:07:00+00:00,2471843,109,36,5,10
2025-05-03 10:08:00+00:00,2471843,111,43,5,10
2025-05-03 10:09:00+00:00,2471843,108,46,5,10
2025-05-03 10:10:00+00:00,2471843,116,51,5,10
2025-05-03 10:11:00+00:00,2471843,103,53,5,10
2025-05-03 10:12:00+00:00,2471843,103,44,5,10
2025-05-03 10:13:00+00:00,2471843,112,45,5,10
2025-05-03 10:14:00+00:00,2471843,105,41,5,10
2025-05-03 10:15:00+00:00,2471843,108,41,5,10
2025-05-03 10:16:00+00:00,2471843,110,41,5,10
2025-05-03 10:17:00+00:00,2471843,106,43,5,10
2025-05-03 10:18:00+00:00,2471843,103,41,5,10
2025-05-03 10:19:00+00:00,2471843,105,37,5,10
2025-05-03 10:20:00+00:00,2471843,104,41,5,10
2025-05-03 10:21:00+00:00,2471843,105,36,5,10
2025-05-03 10:22:00+00:00,2471843,111,40,5,10
2025-05-03 10:23:00+00:00,2471843,106,43,5,10
2025-05-03 10:24:00+00:00,2471843,108,40,5,10
2025-05-03 10:25:00+00:00,2471843,113,33,5,10
2025-05-03 10:26:00+00:00,2471843,114,38,5,10
2025-05-03 10:27:00+00:00,2471843,116,39,5,10
2025-05-03 10:28:00+00:00,2471843,108,48,5,10
2025-05-03 10:29:00+00:00,2471843,106,51,5,10
2025-05-03 10:30:00+00:00,2471843,103,61,5,10
2025-05-03 10:31:00+00:00,2471843,105,68,5,10
2025-05-03 10:32:00+00:00,2471843,106,69,5,10
2025-05-03 10:33:00+00:00,2471843,102,65,5,10
2025-05-03 10:34:00+00:00,2471843,108,63,5,10
2025-05-03 10:35:00+00:00,2471843,109,55,5,10
2025-05-03 10:36:00+00:00,2471843,111,50,5,10
2025-05-03 10:37:00+00:00,2471843,105,55,5,10
2025-05-03 10:38:00+00:00,2471843,111,51,5,10
2025-05-03 10:39:00+00:00,2471843,114,53,5,10
2025-05-03 10:40:00+00:00,2471843,112,52,5,10
2025-05-03 10:41:00+00:00,2471843,102,52,5,10
2025-05-03 10:42:00+00:00,2471843,103,45,5,10
2025-05-03 10:43:00+00:00,2471843,105,50,5,10
2025-05-03 10:44:00+00:00,2471843,111,52,5,10
2025-05-03 10:45:00+00:00,2471843,108,53,5,10
2025-05-03 10:46:00+00:00,2471843,109,51,5,10
2025-05-03 10:47:00+00:00,2471843,108,49,5,10
2025-05-03 10:48:00+00:00,2471843,103,45,5,10
2025-05-03 10:49:00+00:00,2471843,108,44,5,10
2025-05-03 10:50:00+00:00,2471843,105,38,5,10
2025-05-03 10:51:00+00:00,2471843,108,41,5,10
2025-05-03 10:52:00+00:00,2471843,109,40,5,10
2025-05-03 10:53:00+00:00,2471843,114,45,5,10
2025-05-03 10:54:00+00:00,2471843,106,47,5,10
2025-05-03 10:55:00+00:00,2471843,103,49,5,10
2025-05-03 10:56:00+00:00,2471843,105,45,5,10
2025-05-03 10:57:00+00:00,2471843,108,43,5,10
2025-05-03 10:58:00+00:00,2471843,107,41,5,10
2025-05-03 10:59:00+00:00,2471843,108,38,5,10
2025-05-03 11:00:00+00:00,2471843,107,32,5,11
2025-05-03 11:01:00+00:00,2471843,102,36,5,11
2025-05-03 11:02:00+00:00,2471843,111,37,5,11
2025-05-03 11:03:00+00:00,2471843,104,38,5,11
2025-05-03 11:04:00+00:00,2471843,104,40,5,11
2025-05-03 11:05:00+00:00,2471843,108,41,5,11
2025-05-03 11:06:00+00:00,2471843,111,37,5,11
2025-05-03 11:07:00+00:00,2471843,109,37,5,11
2025-05-03 11:08:00+00:00,2471843,101,38,5,11
2025-05-03 11:09:00+00:00,2471843,110,42,5,11
2025-05-03 11:10:00+00:00,2471843,107,46,5,11
2025-05-03 11:11:00+00:00,2471843,105,48,5,11
2025-05-03 11:12:00+00:00,2471843,107,43,5,11
2025-05-03 11:13:00+00:00,2471843,100,45,5,11
2025-05-03 11:14:00+00:00,2471843,104,41,5,11
2025-05-03 11:15:00+00:00,2471843,104,51,5,11
2025-05-03 11:16:00+00:00,2471843,110,51,5,11
2025-05-03 11:17:00+00:00,2471843,106,55,5,11
2025-05-03 11:18:00+00:00,2471843,104,50,5,11
2025-05-03 11:19:00+00:00,2471843,104,51,5,11
2025-05-03 11:20:00+00:00,2471843,112,50,5,11
2025-05-03 11:21:00+00:00,2471843,112,45,5,11
2025-05-03 11:22:00+00:00,2471843,106,43,5,11
2025-05-03 11:23:00+00:00,2471843,104,46,5,11
2025-05-03 11:24:00+00:00,2471843,108,45,5,11
2025-05-03 11:25:00+00:00,2471843,103,48,5,11
2025-05-03 11:26:00+00:00,2471843,104,41,5,11
2025-05-03 11:27:00+00:00,2471843,105,44,5,11
2025-05-03 11:28:00+00:00,2471843,107,43,5,11
2025-05-03 11:29:00+00:00,2471843,108,43,5,11
2025-05-03 11:30:00+00:00,2471843,101,52,5,11
2025-05-03 11:31:00+00:00,2471843,105,52,5,11
2025-05-03 11:32:00+00:00,2471843,106,46,5,11
2025-05-03 11:33:00+00:00,2471843,105,52,5,11
2025-05-03 11:34:00+00:00,2471843,104,50,5,11
2025-05-03 11:35:00+00:00,2471843,109,41,5,11
2025-05-03 11:36:00+00:00,2471843,114,47,5,11
2025-05-03 11:37:00+00:00,2471843,110,50,5,11
2025-05-03 11:38:00+00:00,2471843,108,51,5,11
2025-05-03 11:39:00+00:00,2471843,103,50,5,11
2025-05-03 11:40:00+00:00,2471843,109,62,5,11
2025-05-03 11:41:00+00:00,2471843,111,59,5,11
2025-05-03 11:42:00+00:00,2471843,113,56,5,11
2025-05-03 11:43:00+00:00,2471843,111,50,5,11
2025-05-03 11:44:00+00:00,2471843,103,50,5,11
2025-05-03 11:45:00+00:00,2471843,105,35,5,11
2025-05-03 11:46:00+00:00,2471843,107,33,5,11
2025-05-03 11:47:00+00:00,2471843,104,40,5,11
2025-05-03 11:48:00+00:00,2471843,108,37,5,11
2025-05-03 11:49:00+00:00,2471843,112,42,5,11
2025-05-03 11:50:00+00:00,2471843,101,50,5,11
2025-05-03 11:51:00+00:00,2471843,108,55,5,11
2025-05-03 11:52:00+00:00,2471843,106,54,5,11
2025-05-03 11:53:00+00:00,2471843,110,57,5,11
2025-05-03 11:54:00+00:00,2471843,110,60,5,11
2025-05-03 11:55:00+00:00,2471843,109,55,5,11
2025-05-03 11:56:00+00:00,2471843,107,56,5,11
2025-05-03 11:57:00+00:00,2471843,108,50,5,11
2025-05-03 11:58:00+00:00,2471843,112,53,5,11
2025-05-03 11:59:00+00:00,2471843,116,55,5,11
2025-05-03 12:00:00+00:00,2471843,114,61,5,12
2025-05-03 12:01:00+00:00,2471843,113,58,5,12
2025-05-03 12:02:00+00:00,2471843,110,56,5,12
2025-05-03 12:03:00+00:00,2471843,108,49,5,12
2025-05-03 12:04:00+00:00,2471843,108,49,5,12
2025-05-03 12:05:00+00:00,2471843,113,40,5,12
2025-05-03 12:06:00+00:00,2471843,110,44,5,12
2025-05-03 12:07:00+00:00,2471843,109,43,5,12
2025-05-03 12:08:00+00:00,2471843,107,53,5,12
2025-05-03 12:09:00+00:00,2471843,106,56,5,12
2025-05-03 12:10:00+00:00,2471843,106,63,5,12
2025-05-03 12:11:00+00:00,2471843,113,67,5,12
2025-05-03 12:12:00+00:00,2471843,114,75,5,12
2025-05-03 12:13:00+00:00,2471843,110,69,5,12
2025-05-03 12:14:00+00:00,2471843,101,65,5,12
2025-05-03 12:15:00+00:00,2471843,107,56,5,12
2025-05-03 12:16:00+00:00,2471843,108,53,5,12
2025-05-03 12:17:00+00:00,2471843,111,54,5,12
2025-05-03 12:18:00+00:00,2471843,109,44,5,12
2025-05-03 12:19:00+00:00,2471843,107,41,5,12
2025-05-03 12:20:00+00:00,2471843,107,47,5,12
2025-05-03 12:21:00+00:00,2471843,108,49,5,12
2025-05-03 12:22:00+00:00,2471843,111,51,5,12
2025-05-03 12:23:00+00:00,2471843,101,52,5,12
2025-05-03 12:24:00+00:00,2471843,106,56,5,12
2025-05-03 12:25:00+00:00,2471843,110,59,5,12
2025-05-03 12:26:00+00:00,2471843,111,62,5,12
2025-05-03 12:27:00+00:00,2471843,113,63,5,12
2025-05-03 12:28:00+00:00,2471843,112,70,5,12
2025-05-03 12:29:00+00:00,2471843,116,69,5,12
2025-05-03 12:30:00+00:00,2471843,106,70,5,12
2025-05-03 12:31:00+00:00,2471843,109,71,5,12
2025-05-03 12:32:00+00:00,2471843,111,72,5,12
2025-05-03 12:33:00+00:00,2471843,110,74,5,12
2025-05-03 12:34:00+00:00,2471843,107,74,5,12
2025-05-03 12:35:00+00:00,2471843,105,68,5,12
2025-05-03 12:36:00+00:00,2471843,107,61,5,12
2025-05-03 12:37:00+00:00,2471843,108,50,5,12
2025-05-03 12:38:00+00:00,2471843,110,48,5,12
2025-05-03 12:39:00+00:00,2471843,112,43,5,12
2025-05-03 12:40:00+00:00,2471843,111,44,5,12
2025-05-03 12:41:00+00:00,2471843,110,49,5,12
2025-05-03 12:42:00+00:00,2471843,114,55,5,12
2025-05-03 12:43:00+00:00,2471843,117,60,5,12
2025-05-03 12:44:00+00:00,2471843,104,71,5,12
2025-05-03 12:45:00+00:00,2471843,107,75,5,12
2025-05-03 12:46:00+00:00,2471843,110,74,5,12
2025-05-03 12:47:00+00:00,2471843,107,73,5,12
2025-05-03 12:48:00+00:00,2471843,105,61,5,12
2025-05-03 12:49:00+00:00,2471843,105,52,5,12
2025-05-03 12:50:00+00:00,2471843,105,47,5,12
2025-05-03 12:51:00+00:00,2471843,110,44,5,12
2025-05-03 12:52:00+00:00,2471843,109,48,5,12
2025-05-03 12:53:00+00:00,2471843,111,60,5,12
2025-05-03 12:54:00+00:00,2471843,108,56,5,12
2025-05-03 12:55:00+00:00,2471843,108,69,5,12
2025-05-03 12:56:00+00:00,2471843,113,66,5,12
2025-05-03 12:57:00+00:00,2471843,111,64,5,12
2025-05-03 12:58:00+00:00,2471843,116,54,5,12
2025-05-03 12:59:00+00:00,2471843,112,55,5,12
2025-05-03 13:00:00+00:00,2471843,111,42,5,13
2025-05-03 13:01:00+00:00,2471843,111,41,5,13
2025-05-03 13:02:00+00:00,2471843,107,36,5,13
2025-05-03 13:03:00+00:00,2471843,107,41,5,13
2025-05-03 13:04:00+00:00,2471843,109,47,5,13
2025-05-03 13:05:00+00:00,2471843,105,54,5,13
2025-05-03 13:06:00+00:00,2471843,110,56,5,13
2025-05-03 13:07:00+00:00,2471843,113,54,5,13
2025-05-03 13:08:00+00:00,2471843,107,55,5,13
2025-05-03 13:09:00+00:00,2471843,112,52,5,13
2025-05-03 13:10:00+00:00,2471843,112,52,5,13
2025-05-03 13:11:00+00:00,2471843,111,45,5,13
2025-05-03 13:12:00+00:00,2471843,112,49,5,13
2025-05-03 13:13:00+00:00,2471843,110,53,5,13
2025-05-03 13:14:00+00:00,2471843,109,53,5,13
2025-05-03 13:15:00+00:00,2471843,108,57,5,13
2025-05-03 13:16:00+00:00,2471843,110,58,5,13
2025-05-03 13:17:00+00:00,2471843,107,62,5,13
2025-05-03 13:18:00+00:00,2471843,101,63,5,13
2025-05-03 13:19:00+00:00,2471843,110,71,5,13
2025-05-03 13:20:00+00:00,2471843,107,72,5,13
2025-05-03 13:21:00+00:00,2471843,111,87,5,13
2025-05-03 13:22:00+00:00,2471843,113,81,5,13
2025-05-03 13:23:00+00:00,2471843,108,80,5,13
2025-05-03 13:24:00+00:00,2471843,106,73,5,13
2025-05-03 13:25:00+00:00,2471843,109,73,5,13
2025-05-03 13:26:00+00:00,2471843,109,61,5,13
2025-05-03 13:27:00+00:00,2471843,107,56,5,13
2025-05-03 13:28:00+00:00,2471843,105,49,5,13
2025-05-03 13:29:00+00:00,2471843,109,46,5,13
2025-05-03 13:30:00+00:00,2471843,111,45,5,13
2025-05-03 13:31:00+00:00,2471843,111,52,5,13
2025-05-03 13:32:00+00:00,2471843,111,57,5,13
2025-05-03 13:33:00+00:00,2471843,110,70,5,13
2025-05-03 13:34:00+00:00,2471843,111,67,5,13
2025-05-03 13:35:00+00:00,2471843,116,63,5,13
2025-05-03 13:36:00+00:00,2471843,113,58,5,13
2025-05-03 13:37:00+00:00,2471843,119,59,5,13
2025-05-03 13:38:00+00:00,2471843,108,51,5,13
2025-05-03 13:39:00+00:00,2471843,110,43,5,13
2025-05-03 13:40:00+00:00,2471843,113,43,5,13
2025-05-03 13:41:00+00:00,2471843,106,50,5,13
2025-05-03 13:42:00+00:00,2471843,104,51,5,13
2025-05-03 13:43:00+00:00,2471843,112,54,5,13
2025-05-03 13:44:00+00:00,2471843,111,58,5,13
2025-05-03 13:45:00+00:00,2471843,114,69,5,13
2025-05-03 13:46:00+00:00,2471843,106,68,5,13
2025-05-03 13:47:00+00:00,2471843,109,76,5,13
2025-05-03 13:48:00+00:00,2471843,112,75,5,13
2025-05-03 13:49:00+00:00,2471843,109,75,5,13
2025-05-03 13:50:00+00:00,2471843,107,65,5,13
2025-05-03 13:51:00+00:00,2471843,103,56,5,13
2025-05-03 13:52:00+00:00,2471843,117,49,5,13
2025-05-03 13:53:00+00:00,2471843,115,49,5,13
2025-05-03 13:54:00+00:00,2471843,108,54,5,13
2025-05-03 13:55:00+00:00,2471843,102,53,5,13
2025-05-03 13:56:00+00:00,2471843,110,65,5,13
2025-05-03 13:57:00+00:00,2471843,108,65,5,13
2025-05-03 13:58:00+00:00,2471843,109,70,5,13
2025-05-03 13:59:00+00:00,2471843,104,69,5,13
2025-05-03 14:00:00+00:00,2471843,114,72,5,14
2025-05-03 14:01:00+00:00,2471843,107,70,5,14
2025-05-03 14:02:00+00:00,2471843,107,65,5,14
2025-05-03 14:03:00+00:00,2471843,111,61,5,14
2025-05-03 14:04:00+00:00,2471843,107,58,5,14
2025-05-03 14:05:00+00:00,2471843,106,54,5,14
2025-05-03 14:06:00+00:00,2471843,107,54,5,14
2025-05-03 14:07:00+00:00,2471843,105,46,5,14
2025-05-03 14:08:00+00:00,2471843,108,40,5,14
2025-05-03 14:09:00+00:00,2471843,113,46,5,14
2025-05-03 14:10:00+00:00,2471843,109,41,5,14
2025-05-03 14:11:00+00:00,2471843,113,40,5,14
2025-05-03 14:12:00+00:00,2471843,108,45,5,14
2025-05-03 14:13:00+00:00,2471843,108,49,5,14
2025-05-03 14:14:00+00:00,2471843,113,44,5,14
2025-05-03 14:15:00+00:00,2471843,105,48,5,14
2025-05-03 14:16:00+00:00,2471843,104,51,5,14
2025-05-03 14:17:00+00:00,2471843,109,57,5,14
2025-05-03 14:18:00+00:00,2471843,111,64,5,14
2025-05-03 14:19:00+00:00,2471843,111,67,5,14
2025-05-03 14:20:00+00:00,2471843,114,72,5,14
2025-05-03 14:21:00+00:00,2471843,109,71,5,14
2025-05-03 14:22:00+00:00,2471843,106,67,5,14
2025-05-03 14:23:00+00:00,2471843,111,58,5,14
2025-05-03 14:24:00+00:00,2471843,109,56,5,14
2025-05-03 14:25:00+00:00,2471843,106,41,5,14
2025-05-03 14:26:00+00:00,2471843,110,36,5,14
2025-05-03 14:27:00+00:00,2471843,109,39,5,14
2025-05-03 14:28:00+00:00,2471843,110,41,5,14
2025-05-03 14:29:00+00:00,2471843,110,44,5,14
2025-05-03 14:30:00+00:00,2471843,108,52,5,14
2025-05-03 14:31:00+00:00,2471843,109,64,5,14
2025-05-03 14:32:00+00:00,2471843,106,65,5,14
2025-05-03 14:33:00+00:00,2471843,108,69,5,14
2025-05-03 14:34:00+00:00,2471843,108,78,5,14
2025-05-03 14:35:00+00:00,2471843,105,79,5,14
2025-05-03 14:36:00+00:00,2471843,103,79,5,14
2025-05-03 14:37:00+00:00,2471843,110,85,5,14
2025-05-03 14:38:00+00:00,2471843,114,80,5,14
2025-05-03 14:39:00+00:00,2471843,115,76,5,14
2025-05-03 14:40:00+00:00,2471843,112,75,5,14
2025-05-03 14:41:00+00:00,2471843,110,73,5,14
2025-05-03 14:42:00+00:00,2471843,113,63,5,14
2025-05-03 14:43:00+00:00,2471843,109,72,5,14
2025-05-03 14:44:00+00:00,2471843,106,74,5,14
2025-05-03 14:45:00+00:00,2471843,106,79,5,14
2025-05-03 14:46:00+00:00,2471843,113,71,5,14
2025-05-03 14:47:00+00:00,2471843,114,64,5,14
2025-05-03 14:48:00+00:00,2471843,106,57,5,14
2025-05-03 14:49:00+00:00,2471843,116,55,5,14
2025-05-03 14:50:00+00:00,2471843,112,47,5,14
2025-05-03 14:51:00+00:00,2471843,110,48,5,14
2025-05-03 14:52:00+00:00,2471843,111,47,5,14
2025-05-03 14:53:00+00:00,2471843,112,52,5,14
2025-05-03 14:54:00+00:00,2471843,108,48,5,14
2025-05-03 14:55:00+00:00,2471843,115,52,5,14
2025-05-03 14:56:00+00:00,2471843,111,56,5,14
2025-05-03 14:57:00+00:00,2471843,114,59,5,14
2025-05-03 14:58:00+00:00,2471843,106,58,5,14
2025-05-03 14:59:00+00:00,2471843,113,65,5,14
2025-05-03 15:00:00+00:00,2471843,111,56,5,15
2025-05-03 15:01:00+00:00,2471843,107,55,5,15
2025-05-03 15:02:00+00:00,2471843,109,52,5,15
2025-05-03 15:03:00+00:00,2471843,113,52,5,15
2025-05-03 15:04:00+00:00,2471843,113,45,5,15
2025-05-03 15:05:00+00:00,2471843,119,50,5,15
2025-05-03 15:06:00+00:00,2471843,112,48,5,15
2025-05-03 15:07:00+00:00,2471843,110,48,5,15
2025-05-03 15:08:00+00:00,2471843,116,40,5,15
2025-05-03 15:09:00+00:00,2471843,113,39,5,15
2025-05-03 15:10:00+00:00,2471843,110,35,5,15
2025-05-03 15:11:00+00:00,2471843,108,32,5,15
2025-05-03 15:12:00+00:00,2471843,111,34,5,15
2025-05-03 15:13:00+00:00,2471843,107,33,5,15
2025-05-03 15:14:00+00:00,2471843,111,36,5,15
2025-05-03 15:15:00+00:00,2471843,111,32,5,15
2025-05-03 15:16:00+00:00,2471843,112,31,5,15
2025-05-03 15:17:00+00:00,2471843,113,29,5,15
2025-05-03 15:18:00+00:00,2471843,112,37,5,15
2025-05-03 15:19:00+00:00,2471843,112,39,5,15
2025-05-03 15:20:00+00:00,2471843,113,37,5,15
2025-05-03 15:21:00+00:00,2471843,104,41,5,15
2025-05-03 15:22:00+00:00,2471843,110,52,5,15
2025-05-03 15:23:00+00:00,2471843,107,44,5,15
2025-05-03 15:24:00+00:00,2471843,113,48,5,15
2025-05-03 15:25:00+00:00,2471843,112,52,5,15
2025-05-03 15:26:00+00:00,2471843,106,43,5,15
2025-05-03 15:27:00+00:00,2471843,108,38,5,15
2025-05-03 15:28:00+00:00,2471843,110,43,5,15
2025-05-03 15:29:00+00:00,2471843,112,38,5,15
2025-05-03 15:30:00+00:00,2471843,110,45,5,15
2025-05-03 15:31:00+00:00,2471843,113,50,5,15
2025-05-03 15:32:00+00:00,2471843,109,51,5,15
2025-05-03 15:33:00+00:00,2471843,113,40,5,15
2025-05-03 15:34:00+00:00,2471843,110,43,5,15
2025-05-03 15:35:00+00:00,2471843,110,35,5,15
2025-05-03 15:36:00+00:00,2471843,109,36,5,15
2025-05-03 15:37:00+00:00,2471843,108,35,5,15
2025-05-03 15:38:00+00:00,2471843,103,44,5,15
2025-05-03 15:39:00+00:00,2471843,106,44,5,15
2025-05-03 15:40:00+00:00,2471843,105,47,5,15
2025-05-03 15:41:00+00:00,2471843,114,46,5,15
2025-05-03 15:42:00+00:00,2471843,108,48,5,15
2025-05-03 15:43:00+00:00,2471843,113,48,5,15
2025-05-03 15:44:00+00:00,2471843,111,46,5,15
2025-05-03 15:45:00+00:00,2471843,110,45,5,15
2025-05-03 15:46:00+00:00,2471843,112,46,5,15
2025-05-03 15:47:00+00:00,2471843,108,41,5,15
2025-05-03 15:48:00+00:00,2471843,107,41,5,15
2025-05-03 15:49:00+00:00,2471843,112,48,5,15
2025-05-03 15:50:00+00:00,2471843,108,55,5,15
2025-05-03 15:51:00+00:00,2471843,109,57,5,15
2025-05-03 15:52:00+00:00,2471843,109,60,5,15
2025-05-03 15:53:00+00:00,2471843,108,70,5,15
2025-05-03 15:54:00+00:00,2471843,111,66,5,15
2025-05-03 15:55:00+00:00,2471843,112,57,5,15
2025-05-03 15:56:00+00:00,2471843,108,49,5,15
2025-05-03 15:57:00+00:00,2471843,104,41,5,15
2025-05-03 15:58:00+00:00,2471843,108,43,5,15
2025-05-03 15:59:00+00:00,2471843,114,45,5,15
2025-05-03 16:00:00+00:00,2471843,116,48,5,16
2025-05-03 16:01:00+00:00,2471843,108,54,5,16
2025-05-03 16:02:00+00:00,2471843,111,54,5,16
2025-05-03 16:03:00+00:00,2471843,112,48,5,16
2025-05-03 16:04:00+00:00,2471843,109,43,5,16
2025-05-03 16:05:00+00:00,2471843,110,42,5,16
2025-05-03 16:06:00+00:00,2471843,114,40,5,16
2025-05-03 16:07:00+00:00,2471843,120,34,5,16
2025-05-03 16:08:00+00:00,2471843,115,34,5,16
2025-05-03 16:09:00+00:00,2471843,115,33,5,16
2025-05-03 16:10:00+00:00,2471843,117,38,5,16
2025-05-03 16:11:00+00:00,2471843,107,43,5,16
2025-05-03 16:12:00+00:00,2471843,115,49,5,16
2025-05-03 16:13:00+00:00,2471843,112,50,5,16
2025-05-03 16:14:00+00:00,2471843,117,50,5,16
2025-05-03 16:15:00+00:00,2471843,116,51,5,16
2025-05-03 16:16:00+00:00,2471843,119,47,5,16
2025-05-03 16:17:00+00:00,2471843,117,42,5,16
2025-05-03 16:18:00+00:00,2471843,114,43,5,16
2025-05-03 16:19:00+00:00,2471843,110,35,5,16
2025-05-03 16:20:00+00:00,2471843,115,37,5,16
2025-05-03 16:21:00+00:00,2471843,109,33,5,16
2025-05-03 16:22:00+00:00,2471843,113,36,5,16
2025-05-03 16:23:00+00:00,2471843,117,42,5,16
2025-05-03 16:24:00+00:00,2471843,116,45,5,16
2025-05-03 16:25:00+00:00,2471843,107,43,5,16
2025-05-03 16:26:00+00:00,2471843,109,45,5,16
2025-05-03 16:27:00+00:00,2471843,111,46,5,16
2025-05-03 16:28:00+00:00,2471843,118,47,5,16
2025-05-03 16:29:00+00:00,2471843,120,49,5,16
2025-05-03 16:30:00+00:00,2471843,119,43,5,16
2025-05-03 16:31:00+00:00,2471843,110,45,5,16
2025-05-03 16:32:00+00:00,2471843,108,38,5,16
2025-05-03 16:33:00+00:00,2471843,112,28,5,16
2025-05-03 16:34:00+00:00,2471843,106,32,5,16
2025-05-03 16:35:00+00:00,2471843,106,34,5,16
2025-05-03 16:36:00+00:00,2471843,110,30,5,16
2025-05-03 16:37:00+00:00,2471843,114,35,5,16
2025-05-03 16:38:00+00:00,2471843,110,38,5,16
2025-05-03 16:39:00+00:00,2471843,109,38,5,16
2025-05-03 16:40:00+00:00,2471843,108,31,5,16
2025-05-03 16:41:00+00:00,2471843,116,34,5,16
2025-05-03 16:42:00+00:00,2471843,118,33,5,16
2025-05-03 16:43:00+00:00,2471843,120,30,5,16
2025-05-03 16:44:00+00:00,2471843,120,32,5,16
2025-05-03 16:45:00+00:00,2471843,116,29,5,16
2025-05-03 16:46:00+00:00,2471843,113,26,5,16
2025-05-03 16:47:00+00:00,2471843,102,24,5,16
2025-05-03 16:48:00+00:00,2471843,115,33,5,16
2025-05-03 16:49:00+00:00,2471843,109,33,5,16
2025-05-03 16:50:00+00:00,2471843,113,34,5,16
2025-05-03 16:51:00+00:00,2471843,107,40,5,16
2025-05-03 16:52:00+00:00,2471843,107,42,5,16
2025-05-03 16:53:00+00:00,2471843,111,38,5,16
2025-05-03 16:54:00+00:00,2471843,113,40,5,16
2025-05-03 16:55:00+00:00,2471843,116,47,5,16
2025-05-03 16:56:00+00:00,2471843,115,42,5,16
2025-05-03 16:57:00+00:00,2471843,112,47,5,16
2025-05-03 16:58:00+00:00,2471843,114,47,5,16
2025-05-03 16:59:00+00:00,2471843,115,47,5,16
2025-05-03 17:00:00+00:00,2471843,109,46,5,17
2025-05-03 17:01:00+00:00,2471843,101,40,5,17
2025-05-03 17:02:00+00:00,2471843,114,40,5,17
2025-05-03 17:03:00+00:00,2471843,116,38,5,17
2025-05-03 17:04:00+00:00,2471843,117,36,5,17
2025-05-03 17:05:00+00:00,2471843,111,33,5,17
2025-05-03 17:06:00+00:00,2471843,107,32,5,17
2025-05-03 17:07:00+00:00,2471843,112,33,5,17
2025-05-03 17:08:00+00:00,2471843,111,35,5,17
2025-05-03 17:09:00+00:00,2471843,114,37,5,17
2025-05-03 17:10:00+00:00,2471843,118,36,5,17
2025-05-03 17:11:00+00:00,2471843,114,39,5,17
2025-05-03 17:12:00+00:00,2471843,112,39,5,17
2025-05-03 17:13:00+00:00,2471843,111,41,5,17
2025-05-03 17:14:00+00:00,2471843,112,41,5,17
2025-05-03 17:15:00+00:00,2471843,107,49,5,17
2025-05-03 17:16:00+00:00,2471843,116,50,5,17
2025-05-03 17:17:00+00:00,2471843,120,56,5,17
2025-05-03 17:18:00+00:00,2471843,120,51,5,17
2025-05-03 17:19:00+00:00,2471843,115,50,5,17
2025-05-03 17:20:00+00:00,2471843,107,46,5,17
2025-05-03 17:21:00+00:00,2471843,109,42,5,17
2025-05-03 17:22:00+00:00,2471843,115,36,5,17
2025-05-03 17:23:00+00:00,2471843,117,42,5,17
2025-05-03 17:24:00+00:00,2471843,112,42,5,17
2025-05-03 17:25:00+00:00,2471843,113,47,5,17
2025-05-03 17:26:00+00:00,2471843,114,44,5,17
2025-05-03 17:27:00+00:00,2471843,113,42,5,17
2025-05-03 17:28:00+00:00,2471843,113,39,5,17
2025-05-03 17:29:00+00:00,2471843,118,31,5,17
2025-05-03 17:30:00+00:00,2471843,119,27,5,17
2025-05-03 17:31:00+00:00,2471843,117,28,5,17
2025-05-03 17:32:00+00:00,2471843,112,32,5,17
2025-05-03 17:33:00+00:00,2471843,111,30,5,17
2025-05-03 17:34:00+00:00,2471843,110,31,5,17
2025-05-03 17:35:00+00:00,2471843,110,33,5,17
2025-05-03 17:36:00+00:00,2471843,112,30,5,17
2025-05-03 17:37:00+00:00,2471843,108,23,5,17
2025-05-03 17:38:00+00:00,2471843,110,24,5,17
2025-05-03 17:39:00+00:00,2471843,109,22,5,17
2025-05-03 17:40:00+00:00,2471843,112,19,5,17
2025-05-03 17:41:00+00:00,2471843,110,21,5,17
2025-05-03 17:42:00+00:00,2471843,115,24,5,17
2025-05-03 17:43:00+00:00,2471843,111,21,5,17
2025-05-03 17:44:00+00:00,2471843,106,20,5,17
2025-05-03 17:45:00+00:00,2471843,106,20,5,17
2025-05-03 17:46:00+00:00,2471843,111,23,5,17
2025-05-03 17:47:00+00:00,2471843,116,28,5,17
2025-05-03 17:48:00+00:00,2471843,120,30,5,17
2025-05-03 17:49:00+00:00,2471843,109,36,5,17
2025-05-03 17:50:00+00:00,2471843,114,37,5,17
2025-05-03 17:51:00+00:00,2471843,113,35,5,17
2025-05-03 17:52:00+00:00,2471843,107,28,5,17
2025-05-03 17:53:00+00:00,2471843,113,32,5,17
2025-05-03 17:54:00+00:00,2471843,109,30,5,17
2025-05-03 17:55:00+00:00,2471843,115,28,5,17
2025-05-03 17:56:00+00:00,2471843,117,35,5,17
2025-05-03 17:57:00+00:00,2471843,116,35,5,17
2025-05-03 17:58:00+00:00,2471843,111,37,5,17
2025-05-03 17:59:00+00:00,2471843,112,39,5,17
2025-05-03 18:00:00+00:00,2471843,115,37,5,18
2025-05-03 18:01:00+00:00,2471843,109,37,5,18
2025-05-03 18:02:00+00:00,2471843,113,40,5,18
2025-05-03 18:03:00+00:00,2471843,113,33,5,18
2025-05-03 18:04:00+00:00,2471843,114,28,5,18
2025-05-03 18:05:00+00:00,2471843,113,28,5,18
2025-05-03 18:06:00+00:00,2471843,119,26,5,18
2025-05-03 18:07:00+00:00,2471843,120,23,5,18
2025-05-03 18:08:00+00:00,2471843,113,23,5,18
2025-05-03 18:09:00+00:00,2471843,111,23,5,18
2025-05-03 18:10:00+00:00,2471843,113,25,5,18
2025-05-03 18:11:00+00:00,2471843,113,28,5,18
2025-05-03 18:12:00+00:00,2471843,108,31,5,18
2025-05-03 18:13:00+00:00,2471843,108,25,5,18
2025-05-03 18:14:00+00:00,2471843,112,26,5,18
2025-05-03 18:15:00+00:00,2471843,113,22,5,18
2025-05-03 18:16:00+00:00,2471843,112,28,5,18
2025-05-03 18:17:00+00:00,2471843,109,34,5,18
2025-05-03 18:18:00+00:00,2471843,112,40,5,18
2025-05-03 18:19:00+00:00,2471843,113,44,5,18
2025-05-03 18:20:00+00:00,2471843,114,41,5,18
2025-05-03 18:21:00+00:00,2471843,118,35,5,18
2025-05-03 18:22:00+00:00,2471843,116,27,5,18
2025-05-03 18:23:00+00:00,2471843,114,30,5,18
2025-05-03 18:24:00+00:00,2471843,109,32,5,18
2025-05-03 18:25:00+00:00,2471843,115,37,5,18
2025-05-03 18:26:00+00:00,2471843,116,41,5,18
2025-05-03 18:27:00+00:00,2471843,114,40,5,18
2025-05-03 18:28:00+00:00,2471843,118,35,5,18
2025-05-03 18:29:00+00:00,2471843,119,30,5,18
2025-05-03 18:30:00+00:00,2471843,117,27,5,18
2025-05-03 18:31:00+00:00,2471843,115,20,5,18
2025-05-03 18:32:00+00:00,2471843,108,26,5,18
2025-05-03 18:33:00+00:00,2471843,112,27,5,18
2025-05-03 18:34:00+00:00,2471843,110,30,5,18
2025-05-03 18:35:00+00:00,2471843,110,39,5,18
2025-05-03 18:36:00+00:00,2471843,113,42,5,18
2025-05-03 18:37:00+00:00,2471843,113,46,5,18
2025-05-03 18:38:00+00:00,2471843,118,48,5,18
2025-05-03 18:39:00+00:00,2471843,114,40,5,18
2025-05-03 18:40:00+00:00,2471843,111,40,5,18
2025-05-03 18:41:00+00:00,2471843,114,39,5,18
2025-05-03 18:42:00+00:00,2471843,118,33,5,18
2025-05-03 18:43:00+00:00,2471843,112,30,5,18
2025-05-03 18:44:00+00:00,2471843,110,37,5,18
2025-05-03 18:45:00+00:00,2471843,116,28,5,18
2025-05-03 18:46:00+00:00,2471843,112,27,5,18
2025-05-03 18:47:00+00:00,2471843,114,27,5,18
2025-05-03 18:48:00+00:00,2471843,116,22,5,18
2025-05-03 18:49:00+00:00,2471843,117,17,5,18
2025-05-03 18:50:00+00:00,2471843,110,24,5,18
2025-05-03 18:51:00+00:00,2471843,109,29,5,18
2025-05-03 18:52:00+00:00,2471843,107,29,5,18
2025-05-03 18:53:00+00:00,2471843,109,33,5,18
2025-05-03 18:54:00+00:00,2471843,116,31,5,18
2025-05-03 18:55:00+00:00,2471843,113,26,5,18
2025-05-03 18:56:00+00:00,2471843,108,25,5,18
2025-05-03 18:57:00+00:00,2471843,107,26,5,18
2025-05-03 18:58:00+00:00,2471843,107,20,5,18
2025-05-03 18:59:00+00:00,2471843,110,22,5,18
2025-05-03 19:00:00+00:00,2471843,105,20,5,19
2025-05-03 19:01:00+00:00,2471843,109,18,5,19
2025-05-03 19:02:00+00:00,2471843,109,17,5,19
2025-05-03 19:03:00+00:00,2471843,112,24,5,19
2025-05-03 19:04:00+00:00,2471843,110,22,5,19
2025-05-03 19:05:00+00:00,2471843,114,26,5,19
2025-05-03 19:06:00+00:00,2471843,113,29,5,19
2025-05-03 19:07:00+00:00,2471843,118,27,5,19
2025-05-03 19:08:00+00:00,2471843,108,25,5,19
2025-05-03 19:09:00+00:00,2471843,107,25,5,19
2025-05-03 19:10:00+00:00,2471843,107,18,5,19
2025-05-03 19:11:00+00:00,2471843,110,19,5,19
2025-05-03 19:12:00+00:00,2471843,110,25,5,19
2025-05-03 19:13:00+00:00,2471843,112,23,5,19
2025-05-03 19:14:00+00:00,2471843,113,31,5,19
2025-05-03 19:15:00+00:00,2471843,115,38,5,19
2025-05-03 19:16:00+00:00,2471843,112,35,5,19
2025-05-03 19:17:00+00:00,2471843,111,34,5,19
2025-05-03 19:18:00+00:00,2471843,112,37,5,19
2025-05-03 19:19:00+00:00,2471843,111,31,5,19
2025-05-03 19:20:00+00:00,2471843,113,28,5,19
2025-05-03 19:21:00+00:00,2471843,109,28,5,19
2025-05-03 19:22:00+00:00,2471843,112,26,5,19
2025-05-03 19:23:00+00:00,2471843,114,22,5,19
2025-05-03 19:24:00+00:00,2471843,112,23,5,19
2025-05-03 19:25:00+00:00,2471843,113,23,5,19
2025-05-03 19:26:00+00:00,2471843,111,21,5,19
2025-05-03 19:27:00+00:00,2471843,114,28,5,19
2025-05-03 19:28:00+00:00,2471843,109,30,5,19
2025-05-03 19:29:00+00:00,2471843,109,31,5,19
2025-05-03 19:30:00+00:00,2471843,108,31,5,19
2025-05-03 19:31:00+00:00,2471843,109,31,5,19
2025-05-03 19:32:00+00:00,2471843,112,25,5,19
2025-05-03 19:33:00+00:00,2471843,108,22,5,19
2025-05-03 19:34:00+00:00,2471843,115,21,5,19
2025-05-03 19:35:00+00:00,2471843,116,21,5,19
2025-05-03 19:36:00+00:00,2471843,115,23,5,19
2025-05-03 19:37:00+00:00,2471843,117,22,5,19
2025-05-03 19:38:00+00:00,2471843,119,23,5,19
2025-05-03 19:39:00+00:00,2471843,114,25,5,19
2025-05-03 19:40:00+00:00,2471843,115,22,5,19
2025-05-03 19:41:00+00:00,2471843,116,15,5,19
2025-05-03 19:42:00+00:00,2471843,111,20,5,19
2025-05-03 19:43:00+00:00,2471843,108,21,5,19
2025-05-03 19:44:00+00:00,2471843,111,20,5,19
2025-05-03 19:45:00+00:00,2471843,107,29,5,19
2025-05-03 19:46:00+00:00,2471843,108,35,5,19
2025-05-03 19:47:00+00:00,2471843,109,29,5,19
2025-05-03 19:48:00+00:00,2471843,110,31,5,19
2025-05-03 19:49:00+00:00,2471843,108,28,5,19
2025-05-03 19:50:00+00:00,2471843,110,24,5,19
2025-05-03 19:51:00+00:00,2471843,110,23,5,19
2025-05-03 19:52:00+00:00,2471843,104,25,5,19
2025-05-03 19:53:00+00:00,2471843,106,26,5,19
2025-05-03 19:54:00+00:00,2471843,108,33,5,19
2025-05-03 19:55:00+00:00,2471843,111,28,5,19
2025-05-03 19:56:00+00:00,2471843,113,24,5,19
2025-05-03 19:57:00+00:00,2471843,107,28,5,19
2025-05-03 19:58:00+00:00,2471843,107,19,5,19
2025-05-03 19:59:00+00:00,2471843,107,16,5,19
2025-05-03 20:00:00+00:00,2471843,109,18,5,20
2025-05-03 20:01:00+00:00,2471843,112,18,5,20
2025-05-03 20:02:00+00:00,2471843,117,22,5,20
2025-05-03 20:03:00+00:00,2471843,116,27,5,20
2025-05-03 20:04:00+00:00,2471843,115,26,5,20
2025-05-03 20:05:00+00:00,2471843,112,24,5,20
2025-05-03 20:06:00+00:00,2471843,112,23,5,20
2025-05-03 20:07:00+00:00,2471843,109,17,5,20
2025-05-03 20:08:00+00:00,2471843,111,18,5,20
2025-05-03 20:09:00+00:00,2471843,110,17,5,20
2025-05-03 20:10:00+00:00,2471843,105,20,5,20
2025-05-03 20:11:00+00:00,2471843,105,21,5,20
2025-05-03 20:12:00+00:00,2471843,106,25,5,20
2025-05-03 20:13:00+00:00,2471843,108,21,5,20
2025-05-03 20:14:00+00:00,2471843,110,23,5,20
2025-05-03 20:15:00+00:00,2471843,111,21,5,20
2025-05-03 20:16:00+00:00,2471843,106,25,5,20
2025-05-03 20:17:00+00:00,2471843,109,25,5,20
2025-05-03 20:18:00+00:00,2471843,111,29,5,20
2025-05-03 20:19:00+00:00,2471843,108,29,5,20
2025-05-03 20:20:00+00:00,2471843,106,28,5,20
2025-05-03 20:21:00+00:00,2471843,107,18,5,20
2025-05-03 20:22:00+00:00,2471843,105,16,5,20
2025-05-03 20:23:00+00:00,2471843,113,16,5,20
2025-05-03 20:24:00+00:00,2471843,111,20,5,20
2025-05-03 20:25:00+00:00,2471843,113,19,5,20
2025-05-03 20:26:00+00:00,2471843,110,18,5,20
2025-05-03 20:27:00+00:00,2471843,111,18,5,20
2025-05-03 20:28:00+00:00,2471843,119,18,5,20
2025-05-03 20:29:00+00:00,2471843,117,16,5,20
2025-05-03 20:30:00+00:00,2471843,108,22,5,20
2025-05-03 20:31:00+00:00,2471843,110,29,5,20
2025-05-03 20:32:00+00:00,2471843,113,33,5,20
2025-05-03 20:33:00+00:00,2471843,117,29,5,20
2025-05-03 20:34:00+00:00,2471843,110,36,5,20
2025-05-03 20:35:00+00:00,2471843,109,32,5,20
2025-05-03 20:36:00+00:00,2471843,108,25,5,20
2025-05-03 20:37:00+00:00,2471843,111,25,5,20
2025-05-03 20:38:00+00:00,2471843,108,28,5,20
2025-05-03 20:39:00+00:00,2471843,111,21,5,20
2025-05-03 20:40:00+00:00,2471843,111,24,5,20
2025-05-03 20:41:00+00:00,2471843,110,30,5,20
2025-05-03 20:42:00+00:00,2471843,110,31,5,20
2025-05-03 20:43:00+00:00,2471843,105,26,5,20
2025-05-03 20:44:00+00:00,2471843,112,27,5,20
2025-05-03 20:45:00+00:00,2471843,113,27,5,20
2025-05-03 20:46:00+00:00,2471843,107,28,5,20
2025-05-03 20:47:00+00:00,2471843,107,34,5,20
2025-05-03 20:48:00+00:00,2471843,110,33,5,20
2025-05-03 20:49:00+00:00,2471843,111,36,5,20
2025-05-03 20:50:00+00:00,2471843,114,30,5,20
2025-05-03 20:51:00+00:00,2471843,113,22,5,20
2025-05-03 20:52:00+00:00,2471843,116,18,5,20
2025-05-03 20:53:00+00:00,2471843,119,16,5,20
2025-05-03 20:54:00+00:00,2471843,119,15,5,20
2025-05-03 20:55:00+00:00,2471843,112,20,5,20
2025-05-03 20:56:00+00:00,2471843,114,24,5,20
2025-05-03 20:57:00+00:00,2471843,108,23,5,20
2025-05-03 20:58:00+00:00,2471843,107,22,5,20
2025-05-03 20:59:00+00:00,2471843,120,27,5,20
2025-05-03 21:00:00+00:00,2471843,118,25,5,21
2025-05-03 21:01:00+00:00,2471843,111,24,5,21
2025-05-03 21:02:00+00:00,2471843,111,25,5,21
2025-05-03 21:03:00+00:00,2471843,108,21,5,21
2025-05-03 21:04:00+00:00,2471843,109,21,5,21
2025-05-03 21:05:00+00:00,2471843,110,17,5,21
2025-05-03 21:06:00+00:00,2471843,109,17,5,21
2025-05-03 21:07:00+00:00,2471843,110,20,5,21
2025-05-03 21:08:00+00:00,2471843,113,19,5,21
2025-05-03 21:09:00+00:00,2471843,115,16,5,21
2025-05-03 21:10:00+00:00,2471843,115,14,5,21
2025-05-03 21:11:00+00:00,2471843,112,11,5,21
2025-05-03 21:12:00+00:00,2471843,112,7,5,21
2025-05-03 21:13:00+00:00,2471843,114,8,5,21
2025-05-03 21:14:00+00:00,2471843,113,9,5,21
2025-05-03 21:15:00+00:00,2471843,109,10,5,21
2025-05-03 21:16:00+00:00,2471843,109,12,5,21
2025-05-03 21:17:00+00:00,2471843,109,13,5,21
2025-05-03 21:18:00+00:00,2471843,107,16,5,21
2025-05-03 21:19:00+00:00,2471843,108,21,5,21
2025-05-03 21:20:00+00:00,2471843,111,23,5,21
2025-05-03 21:21:00+00:00,2471843,111,25,5,21
2025-05-03 21:22:00+00:00,2471843,113,26,5,21
2025-05-03 21:23:00+00:00,2471843,111,25,5,21
2025-05-03 21:24:00+00:00,2471843,113,20,5,21
2025-05-03 21:25:00+00:00,2471843,115,25,5,21
2025-05-03 21:26:00+00:00,2471843,113,24,5,21
2025-05-03 21:27:00+00:00,2471843,112,25,5,21
2025-05-03 21:28:00+00:00,2471843,112,21,5,21
2025-05-03 21:29:00+00:00,2471843,108,26,5,21
2025-05-03 21:30:00+00:00,2471843,116,26,5,21
2025-05-03 21:31:00+00:00,2471843,113,26,5,21
2025-05-03 21:32:00+00:00,2471843,111,28,5,21
2025-05-03 21:33:00+00:00,2471843,108,24,5,21
2025-05-03 21:34:00+00:00,2471843,108,21,5,21
2025-05-03 21:35:00+00:00,2471843,112,21,5,21
2025-05-03 21:36:00+00:00,2471843,111,16,5,21
2025-05-03 21:37:00+00:00,2471843,112,20,5,21
2025-05-02 17:48:00+00:00,2471844,109,26,4,17
2025-05-02 17:49:00+00:00,2471844,110,24,4,17
2025-05-02 17:50:00+00:00,2471844,109,26,4,17
2025-05-02 17:51:00+00:00,2471844,107,25,4,17
2025-05-02 17:52:00+00:00,2471844,109,30,4,17
2025-05-02 17:53:00+00:00,2471844,111,31,4,17
2025-05-02 17:54:00+00:00,2471844,112,29,4,17
2025-05-02 17:55:00+00:00,2471844,112,27,4,17
2025-05-02 17:56:00+00:00,2471844,114,34,4,17
2025-05-02 17:57:00+00:00,2471844,114,31,4,17
2025-05-02 17:58:00+00:00,2471844,115,29,4,17
2025-05-02 17:59:00+00:00,2471844,113,30,4,17
2025-05-02 18:00:00+00:00,2471844,113,24,4,18
2025-05-02 18:01:00+00:00,2471844,106,23,4,18
2025-05-02 18:02:00+00:00,2471844,110,35,4,18
2025-05-02 18:03:00+00:00,2471844,112,42,4,18
2025-05-02 18:04:00+00:00,2471844,109,44,4,18
2025-05-02 18:05:00+00:00,2471844,116,44,4,18
2025-05-02 18:06:00+00:00,2471844,111,39,4,18
2025-05-02 18:07:00+00:00,2471844,106,34,4,18
2025-05-02 18:08:00+00:00,2471844,102,31,4,18
2025-05-02 18:09:00+00:00,2471844,108,33,4,18
2025-05-02 18:10:00+00:00,2471844,108,33,4,18
2025-05-02 18:11:00+00:00,2471844,104,35,4,18
2025-05-02 18:12:00+00:00,2471844,111,36,4,18
2025-05-02 18:13:00+00:00,2471844,109,38,4,18
2025-05-02 18:14:00+00:00,2471844,114,38,4,18
2025-05-02 18:15:00+00:00,2471844,117,35,4,18
2025-05-02 18:16:00+00:00,2471844,116,39,4,18
2025-05-02 18:17:00+00:00,2471844,114,35,4,18
2025-05-02 18:18:00+00:00,2471844,111,34,4,18
2025-05-02 18:19:00+00:00,2471844,114,32,4,18
2025-05-02 18:20:00+00:00,2471844,114,35,4,18
2025-05-02 18:21:00+00:00,2471844,106,40,4,18
2025-05-02 18:22:00+00:00,2471844,111,37,4,18
2025-05-02 18:23:00+00:00,2471844,115,41,4,18
2025-05-02 18:24:00+00:00,2471844,111,44,4,18
2025-05-02 18:25:00+00:00,2471844,110,38,4,18
2025-05-02 18:26:00+00:00,2471844,107,27,4,18
2025-05-02 18:27:00+00:00,2471844,119,33,4,18
2025-05-02 18:28:00+00:00,2471844,116,30,4,18
2025-05-02 18:29:00+00:00,2471844,112,22,4,18
2025-05-02 18:30:00+00:00,2471844,119,28,4,18
2025-05-02 18:31:00+00:00,2471844,111,29,4,18
2025-05-02 18:32:00+00:00,2471844,109,28,4,18
2025-05-02 18:33:00+00:00,2471844,109,25,4,18
2025-05-02 18:34:00+00:00,2471844,108,27,4,18
2025-05-02 18:35:00+00:00,2471844,116,29,4,18
2025-05-02 18:36:00+00:00,2471844,115,29,4,18
2025-05-02 18:37:00+00:00,2471844,114,25,4,18
2025-05-02 18:38:00+00:00,2471844,114,25,4,18
2025-05-02 18:39:00+00:00,2471844,109,26,4,18
2025-05-02 18:40:00+00:00,2471844,106,22,4,18
2025-05-02 18:41:00+00:00,2471844,108,24,4,18
2025-05-02 18:42:00+00:00,2471844,107,32,4,18
2025-05-02 18:43:00+00:00,2471844,108,30,4,18
2025-05-02 18:44:00+00:00,2471844,108,29,4,18
2025-05-02 18:45:00+00:00,2471844,109,32,4,18
2025-05-02 18:46:00+00:00,2471844,114,30,4,18
2025-05-02 18:47:00+00:00,2471844,114,25,4,18
2025-05-02 18:48:00+00:00,2471844,111,31,4,18
2025-05-02 18:49:00+00:00,2471844,110,30,4,18
2025-05-02 18:50:00+00:00,2471844,109,30,4,18
2025-05-02 18:51:00+00:00,2471844,108,37,4,18
2025-05-02 18:52:00+00:00,2471844,110,39,4,18
2025-05-02 18:53:00+00:00,2471844,116,39,4,18
2025-05-02 18:54:00+00:00,2471844,108,43,4,18
2025-05-02 18:55:00+00:00,2471844,105,37,4,18
2025-05-02 18:56:00+00:00,2471844,103,33,4,18
2025-05-02 18:57:00+00:00,2471844,114,38,4,18
2025-05-02 18:58:00+00:00,2471844,109,40,4,18
2025-05-02 18:59:00+00:00,2471844,107,36,4,18
2025-05-02 19:00:00+00:00,2471844,109,35,4,19
2025-05-02 19:01:00+00:00,2471844,110,29,4,19
2025-05-02 19:02:00+00:00,2471844,115,28,4,19
2025-05-02 19:03:00+00:00,2471844,115,22,4,19
2025-05-02 19:04:00+00:00,2471844,115,29,4,19
2025-05-02 19:05:00+00:00,2471844,110,36,4,19
2025-05-02 19:06:00+00:00,2471844,112,36,4,19
2025-05-02 19:07:00+00:00,2471844,116,33,4,19
2025-05-02 19:08:00+00:00,2471844,114,38,4,19
2025-05-02 19:09:00+00:00,2471844,110,35,4,19
2025-05-02 19:10:00+00:00,2471844,112,33,4,19
2025-05-02 19:11:00+00:00,2471844,110,36,4,19
2025-05-02 19:12:00+00:00,2471844,113,42,4,19
2025-05-02 19:13:00+00:00,2471844,108,38,4,19
2025-05-02 19:14:00+00:00,2471844,112,36,4,19
2025-05-02 19:15:00+00:00,2471844,118,36,4,19
2025-05-02 19:16:00+00:00,2471844,119,37,4,19
2025-05-02 19:17:00+00:00,2471844,110,30,4,19
2025-05-02 19:18:00+00:00,2471844,107,30,4,19
2025-05-02 19:19:00+00:00,2471844,106,36,4,19
2025-05-02 19:20:00+00:00,2471844,107,28,4,19
2025-05-02 19:21:00+00:00,2471844,106,29,4,19
2025-05-02 19:22:00+00:00,2471844,110,31,4,19
2025-05-02 19:23:00+00:00,2471844,106,27,4,19
2025-05-02 19:24:00+00:00,2471844,105,25,4,19
2025-05-02 19:25:00+00:00,2471844,105,27,4,19
2025-05-02 19:26:00+00:00,2471844,104,25,4,19
2025-05-02 19:27:00+00:00,2471844,105,27,4,19
2025-05-02 19:28:00+00:00,2471844,112,29,4,19
2025-05-02 19:29:00+00:00,2471844,109,33,4,19
2025-05-02 19:30:00+00:00,2471844,111,35,4,19
2025-05-02 19:31:00+00:00,2471844,105,38,4,19
2025-05-02 19:32:00+00:00,2471844,106,33,4,19
2025-05-02 19:33:00+00:00,2471844,103,36,4,19
2025-05-02 19:34:00+00:00,2471844,106,32,4,19
2025-05-02 19:35:00+00:00,2471844,104,36,4,19
2025-05-02 19:36:00+00:00,2471844,109,33,4,19
2025-05-02 19:37:00+00:00,2471844,117,32,4,19
2025-05-02 19:38:00+00:00,2471844,118,38,4,19
2025-05-02 19:39:00+00:00,2471844,117,35,4,19
2025-05-02 19:40:00+00:00,2471844,113,30,4,19
2025-05-02 19:41:00+00:00,2471844,112,32,4,19
2025-05-02 19:42:00+00:00,2471844,106,35,4,19
2025-05-02 19:43:00+00:00,2471844,111,33,4,19
2025-05-02 19:44:00+00:00,2471844,109,37,4,19
2025-05-02 19:45:00+00:00,2471844,112,39,4,19
2025-05-02 19:46:00+00:00,2471844,114,38,4,19
2025-05-02 19:47:00+00:00,2471844,110,31,4,19
2025-05-02 19:48:00+00:00,2471844,111,34,4,19
2025-05-02 19:49:00+00:00,2471844,120,38,4,19
2025-05-02 19:50:00+00:00,2471844,115,33,4,19
2025-05-02 19:51:00+00:00,2471844,113,35,4,19
2025-05-02 19:52:00+00:00,2471844,106,34,4,19
2025-05-02 19:53:00+00:00,2471844,112,32,4,19
2025-05-02 19:54:00+00:00,2471844,114,33,4,19
2025-05-02 19:55:00+00:00,2471844,111,35,4,19
2025-05-02 19:56:00+00:00,2471844,113,36,4,19
2025-05-02 19:57:00+00:00,2471844,102,42,4,19
2025-05-02 19:58:00+00:00,2471844,105,41,4,19
2025-05-02 19:59:00+00:00,2471844,109,37,4,19
2025-05-02 20:00:00+00:00,2471844,107,33,4,20
2025-05-02 20:01:00+00:00,2471844,106,32,4,20
2025-05-02 20:02:00+00:00,2471844,120,35,4,20
2025-05-02 20:03:00+00:00,2471844,109,37,4,20
2025-05-02 20:04:00+00:00,2471844,111,35,4,20
2025-05-02 20:05:00+00:00,2471844,118,40,4,20
2025-05-02 20:06:00+00:00,2471844,114,38,4,20
2025-05-02 20:07:00+00:00,2471844,110,26,4,20
2025-05-02 20:08:00+00:00,2471844,113,28,4,20
2025-05-02 20:09:00+00:00,2471844,117,28,4,20
2025-05-02 20:10:00+00:00,2471844,114,27,4,20
2025-05-02 20:11:00+00:00,2471844,106,30,4,20
2025-05-02 20:12:00+00:00,2471844,108,34,4,20
2025-05-02 20:13:00+00:00,2471844,110,32,4,20
2025-05-02 20:14:00+00:00,2471844,109,32,4,20
2025-05-02 20:15:00+00:00,2471844,113,32,4,20
2025-05-02 20:16:00+00:00,2471844,111,34,4,20
2025-05-02 20:17:00+00:00,2471844,109,36,4,20
2025-05-02 20:18:00+00:00,2471844,107,41,4,20
2025-05-02 20:19:00+00:00,2471844,107,40,4,20
2025-05-02 20:20:00+00:00,2471844,116,37,4,20
2025-05-02 20:21:00+00:00,2471844,120,33,4,20
2025-05-02 20:22:00+00:00,2471844,114,30,4,20
2025-05-02 20:23:00+00:00,2471844,114,35,4,20
2025-05-02 20:24:00+00:00,2471844,120,36,4,20
2025-05-02 20:25:00+00:00,2471844,117,32,4,20
2025-05-02 20:26:00+00:00,2471844,108,35,4,20
2025-05-02 20:27:00+00:00,2471844,109,35,4,20
2025-05-02 20:28:00+00:00,2471844,108,31,4,20
2025-05-02 20:29:00+00:00,2471844,109,26,4,20
2025-05-02 20:30:00+00:00,2471844,119,30,4,20
2025-05-02 20:31:00+00:00,2471844,117,25,4,20
2025-05-02 20:32:00+00:00,2471844,113,33,4,20
2025-05-02 20:33:00+00:00,2471844,115,35,4,20
2025-05-02 20:34:00+00:00,2471844,112,40,4,20
2025-05-02 20:35:00+00:00,2471844,111,40,4,20
2025-05-02 20:36:00+00:00,2471844,108,40,4,20
2025-05-02 20:37:00+00:00,2471844,112,33,4,20
2025-05-02 20:38:00+00:00,2471844,109,33,4,20
2025-05-02 20:39:00+00:00,2471844,112,29,4,20
2025-05-02 20:40:00+00:00,2471844,110,25,4,20
2025-05-02 20:41:00+00:00,2471844,111,24,4,20
2025-05-02 20:42:00+00:00,2471844,112,27,4,20
2025-05-02 20:43:00+00:00,2471844,115,26,4,20
2025-05-02 20:44:00+00:00,2471844,112,30,4,20
2025-05-02 20:45:00+00:00,2471844,117,32,4,20
2025-05-02 20:46:00+00:00,2471844,113,36,4,20
2025-05-02 20:47:00+00:00,2471844,113,30,4,20
2025-05-02 20:48:00+00:00,2471844,112,29,4,20
2025-05-02 20:49:00+00:00,2471844,112,29,4,20
2025-05-02 20:50:00+00:00,2471844,116,30,4,20
2025-05-02 20:51:00+00:00,2471844,109,32,4,20
2025-05-02 20:52:00+00:00,2471844,111,34,4,20
2025-05-02 20:53:00+00:00,2471844,120,39,4,20
2025-05-02 20:54:00+00:00,2471844,111,37,4,20
2025-05-02 20:55:00+00:00,2471844,106,38,4,20
2025-05-02 20:56:00+00:00,2471844,106,29,4,20
2025-05-02 20:57:00+00:00,2471844,110,30,4,20
2025-05-02 20:58:00+00:00,2471844,110,25,4,20
2025-05-02 20:59:00+00:00,2471844,115,20,4,20
2025-05-02 21:00:00+00:00,2471844,117,24,4,21
2025-05-02 21:01:00+00:00,2471844,120,20,4,21
2025-05-02 21:02:00+00:00,2471844,115,25,4,21
2025-05-02 21:03:00+00:00,2471844,109,27,4,21
2025-05-02 21:04:00+00:00,2471844,112,27,4,21
2025-05-02 21:05:00+00:00,2471844,114,24,4,21
2025-05-02 21:06:00+00:00,2471844,117,27,4,21
2025-05-02 21:07:00+00:00,2471844,115,21,4,21
2025-05-02 21:08:00+00:00,2471844,114,23,4,21
2025-05-02 21:09:00+00:00,2471844,111,22,4,21
2025-05-02 21:10:00+00:00,2471844,113,26,4,21
2025-05-02 21:11:00+00:00,2471844,117,24,4,21
2025-05-02 21:12:00+00:00,2471844,116,23,4,21
2025-05-02 21:13:00+00:00,2471844,116,23,4,21
2025-05-02 21:14:00+00:00,2471844,112,25,4,21
2025-05-02 21:15:00+00:00,2471844,109,21,4,21
2025-05-02 21:16:00+00:00,2471844,115,25,4,21
2025-05-02 21:17:00+00:00,2471844,109,32,4,21
2025-05-02 21:18:00+00:00,2471844,112,31,4,21
2025-05-02 21:19:00+00:00,2471844,116,28,4,21
2025-05-02 21:20:00+00:00,2471844,118,26,4,21
2025-05-02 21:21:00+00:00,2471844,118,31,4,21
2025-05-02 21:22:00+00:00,2471844,113,29,4,21
2025-05-02 21:23:00+00:00,2471844,108,26,4,21
2025-05-02 21:24:00+00:00,2471844,112,28,4,21
2025-05-02 21:25:00+00:00,2471844,111,29,4,21
2025-05-02 21:26:00+00:00,2471844,112,28,4,21
2025-05-02 21:27:00+00:00,2471844,112,20,4,21
2025-05-02 21:28:00+00:00,2471844,112,24,4,21
2025-05-02 21:29:00+00:00,2471844,107,23,4,21
2025-05-02 21:30:00+00:00,2471844,112,30,4,21
2025-05-02 21:31:00+00:00,2471844,117,32,4,21
2025-05-02 21:32:00+00:00,2471844,118,35,4,21
2025-05-02 21:33:00+00:00,2471844,119,33,4,21
2025-05-02 21:34:00+00:00,2471844,113,39,4,21
2025-05-02 21:35:00+00:00,2471844,113,34,4,21
2025-05-02 21:36:00+00:00,2471844,117,30,4,21
2025-05-02 21:37:00+00:00,2471844,117,26,4,21
2025-05-02 21:38:00+00:00,2471844,114,25,4,21
2025-05-02 21:39:00+00:00,2471844,111,21,4,21
2025-05-02 21:40:00+00:00,2471844,113,18,4,21
2025-05-02 21:41:00+00:00,2471844,108,20,4,21
2025-05-02 21:42:00+00:00,2471844,109,20,4,21
2025-05-02 21:43:00+00:00,2471844,113,25,4,21
2025-05-02 21:44:00+00:00,2471844,112,24,4,21
2025-05-02 21:45:00+00:00,2471844,111,21,4,21
2025-05-02 21:46:00+00:00,2471844,109,21,4,21
2025-05-02 21:47:00+00:00,2471844,110,26,4,21
2025-05-02 21:48:00+00:00,2471844,108,18,4,21
2025-05-02 21:49:00+00:00,2471844,109,17,4,21
2025-05-02 21:50:00+00:00,2471844,114,17,4,21
2025-05-02 21:51:00+00:00,2471844,114,15,4,21
2025-05-02 21:52:00+00:00,2471844,110,11,4,21
2025-05-02 21:53:00+00:00,2471844,109,20,4,21
2025-05-02 21:54:00+00:00,2471844,110,19,4,21
2025-05-02 21:55:00+00:00,2471844,109,19,4,21
2025-05-02 21:56:00+00:00,2471844,110,18,4,21
2025-05-02 21:57:00+00:00,2471844,110,16,4,21
2025-05-02 21:58:00+00:00,2471844,111,15,4,21
2025-05-02 21:59:00+00:00,2471844,114,16,4,21
2025-05-02 22:00:00+00:00,2471844,117,16,4,22
2025-05-02 22:01:00+00:00,2471844,108,21,4,22
2025-05-02 22:02:00+00:00,2471844,109,21,4,22
2025-05-02 22:03:00+00:00,2471844,112,19,4,22
2025-05-02 22:04:00+00:00,2471844,114,18,4,22
2025-05-02 22:05:00+00:00,2471844,117,22,4,22
2025-05-02 22:06:00+00:00,2471844,117,21,4,22
2025-05-02 22:07:00+00:00,2471844,116,17,4,22
2025-05-02 22:08:00+00:00,2471844,108,17,4,22
2025-05-02 22:09:00+00:00,2471844,107,17,4,22
2025-05-02 22:10:00+00:00,2471844,106,12,4,22
2025-05-02 22:11:00+00:00,2471844,107,11,4,22
2025-05-02 22:12:00+00:00,2471844,110,10,4,22
2025-05-02 22:13:00+00:00,2471844,114,8,4,22
2025-05-02 22:14:00+00:00,2471844,111,9,4,22
2025-05-02 22:15:00+00:00,2471844,109,11,4,22
2025-05-02 22:16:00+00:00,2471844,111,11,4,22
2025-05-02 22:17:00+00:00,2471844,110,13,4,22
2025-05-02 22:18:00+00:00,2471844,107,12,4,22
2025-05-02 22:19:00+00:00,2471844,109,13,4,22
2025-05-02 22:20:00+00:00,2471844,109,17,4,22
2025-05-02 22:21:00+00:00,2471844,110,15,4,22
2025-05-02 22:22:00+00:00,2471844,111,16,4,22
2025-05-02 22:23:00+00:00,2471844,112,19,4,22
2025-05-02 22:24:00+00:00,2471844,112,15,4,22
2025-05-02 22:25:00+00:00,2471844,108,13,4,22
2025-05-02 22:26:00+00:00,2471844,111,12,4,22
2025-05-02 22:27:00+00:00,2471844,114,10,4,22
2025-05-02 22:28:00+00:00,2471844,116,11,4,22
2025-05-02 22:29:00+00:00,2471844,114,12,4,22
2025-05-02 22:30:00+00:00,2471844,120,12,4,22
2025-05-02 22:31:00+00:00,2471844,120,16,4,22
2025-05-02 22:32:00+00:00,2471844,115,20,4,22
2025-05-02 22:33:00+00:00,2471844,115,19,4,22
2025-05-02 22:34:00+00:00,2471844,114,17,4,22
2025-05-02 22:35:00+00:00,2471844,111,15,4,22
2025-05-02 22:36:00+00:00,2471844,110,12,4,22
2025-05-02 22:37:00+00:00,2471844,107,11,4,22
2025-05-02 22:38:00+00:00,2471844,105,9,4,22
2025-05-02 22:39:00+00:00,2471844,107,11,4,22
2025-05-02 22:40:00+00:00,2471844,107,9,4,22
2025-05-02 22:41:00+00:00,2471844,107,7,4,22
2025-05-02 22:42:00+00:00,2471844,109,6,4,22
2025-05-02 22:43:00+00:00,2471844,109,9,4,22
2025-05-02 22:44:00+00:00,2471844,112,6,4,22
2025-05-02 22:45:00+00:00,2471844,112,9,4,22
2025-05-02 22:46:00+00:00,2471844,114,13,4,22
2025-05-02 22:47:00+00:00,2471844,110,16,4,22
2025-05-02 22:48:00+00:00,2471844,107,13,4,22
2025-05-02 22:49:00+00:00,2471844,107,16,4,22
2025-05-02 22:50:00+00:00,2471844,107,15,4,22
2025-05-02 22:51:00+00:00,2471844,106,14,4,22
2025-05-02 22:52:00+00:00,2471844,105,12,4,22
2025-05-02 22:53:00+00:00,2471844,107,14,4,22
2025-05-02 22:54:00+00:00,2471844,109,12,4,22
2025-05-02 22:55:00+00:00,2471844,106,14,4,22
2025-05-02 22:56:00+00:00,2471844,109,12,4,22
2025-05-02 22:57:00+00:00,2471844,110,14,4,22
2025-05-02 22:58:00+00:00,2471844,108,15,4,22
2025-05-02 22:59:00+00:00,2471844,108,14,4,22
2025-05-02 23:00:00+00:00,2471844,108,11,4,23
2025-05-02 23:01:00+00:00,2471844,108,8,4,23
2025-05-02 23:02:00+00:00,2471844,109,3,4,23
2025-05-02 23:03:00+00:00,2471844,109,4,4,23
2025-05-02 23:04:00+00:00,2471844,106,7,4,23
2025-05-02 23:05:00+00:00,2471844,110,9,4,23
2025-05-02 23:06:00+00:00,2471844,112,11,4,23
2025-05-02 23:07:00+00:00,2471844,108,11,4,23
2025-05-02 23:08:00+00:00,2471844,106,11,4,23
2025-05-02 23:09:00+00:00,2471844,108,11,4,23
2025-05-02 23:10:00+00:00,2471844,108,10,4,23
2025-05-02 23:11:00+00:00,2471844,109,10,4,23
2025-05-02 23:12:00+00:00,2471844,111,9,4,23
2025-05-02 23:13:00+00:00,2471844,111,9,4,23
2025-05-02 23:14:00+00:00,2471844,113,7,4,23
2025-05-02 23:15:00+00:00,2471844,110,12,4,23
2025-05-02 23:16:00+00:00,2471844,110,12,4,23
2025-05-02 23:17:00+00:00,2471844,109,15,4,23
2025-05-02 23:18:00+00:00,2471844,108,15,4,23
2025-05-02 23:19:00+00:00,2471844,108,17,4,23
2025-05-02 23:20:00+00:00,2471844,107,14,4,23
2025-05-02 23:21:00+00:00,2471844,107,11,4,23
2025-05-02 23:22:00+00:00,2471844,107,7,4,23
2025-05-02 23:23:00+00:00,2471844,108,4,4,23
2025-05-02 23:24:00+00:00,2471844,106,5,4,23
2025-05-02 23:25:00+00:00,2471844,106,2,4,23
2025-05-02 23:26:00+00:00,2471844,105,5,4,23
2025-05-02 23:27:00+00:00,2471844,99,9,4,23
2025-05-02 23:28:00+00:00,2471844,103,10,4,23
2025-05-02 23:29:00+00:00,2471844,104,8,4,23
2025-05-02 23:30:00+00:00,2471844,106,10,4,23
2025-05-02 23:31:00+00:00,2471844,105,9,4,23
2025-05-02 23:32:00+00:00,2471844,105,8,4,23
2025-05-02 23:33:00+00:00,2471844,103,9,4,23
2025-05-02 23:34:00+00:00,2471844,103,8,4,23
2025-05-02 23:35:00+00:00,2471844,105,6,4,23
2025-05-02 23:36:00+00:00,2471844,109,6,4,23
2025-05-02 23:37:00+00:00,2471844,113,6,4,23
2025-05-02 23:38:00+00:00,2471844,113,4,4,23
2025-05-02 23:39:00+00:00,2471844,112,4,4,23
2025-05-02 23:40:00+00:00,2471844,112,4,4,23
2025-05-02 23:41:00+00:00,2471844,109,6,4,23
2025-05-02 23:42:00+00:00,2471844,103,8,4,23
2025-05-02 23:43:00+00:00,2471844,103,9,4,23
2025-05-02 23:44:00+00:00,2471844,105,10,4,23
2025-05-02 23:45:00+00:00,2471844,104,14,4,23
2025-05-02 23:46:00+00:00,2471844,102,12,4,23
2025-05-02 23:47:00+00:00,2471844,102,8,4,23
2025-05-02 23:48:00+00:00,2471844,104,8,4,23
2025-05-02 23:49:00+00:00,2471844,104,5,4,23
2025-05-02 23:50:00+00:00,2471844,108,2,4,23
2025-05-02 23:51:00+00:00,2471844,108,2,4,23
2025-05-02 23:52:00+00:00,2471844,110,4,4,23
2025-05-02 23:53:00+00:00,2471844,114,5,4,23
2025-05-02 23:54:00+00:00,2471844,114,5,4,23
2025-05-02 23:55:00+00:00,2471844,113,8,4,23
2025-05-02 23:56:00+00:00,2471844,112,10,4,23
2025-05-02 23:57:00+00:00,2471844,112,9,4,23
2025-05-02 23:58:00+00:00,2471844,112,7,4,23
2025-05-02 23:59:00+00:00,2471844,112,8,4,23
2025-05-03 00:00:00+00:00,2471844,113,7,5,0
2025-05-03 00:01:00+00:00,2471844,116,8,5,0
2025-05-03 00:02:00+00:00,2471844,116,8,5,0
2025-05-03 00:03:00+00:00,2471844,116,7,5,0
2025-05-03 00:04:00+00:00,2471844,114,7,5,0
2025-05-03 00:05:00+00:00,2471844,110,7,5,0
2025-05-03 00:06:00+00:00,2471844,108,6,5,0
2025-05-03 00:07:00+00:00,2471844,107,7,5,0
2025-05-03 00:08:00+00:00,2471844,110,10,5,0
2025-05-03 00:09:00+00:00,2471844,114,11,5,0
2025-05-03 00:10:00+00:00,2471844,112,10,5,0
2025-05-03 00:11:00+00:00,2471844,112,8,5,0
2025-05-03 00:12:00+00:00,2471844,114,9,5,0
2025-05-03 00:13:00+00:00,2471844,112,9,5,0
2025-05-03 00:14:00+00:00,2471844,114,8,5,0
2025-05-03 00:15:00+00:00,2471844,107,9,5,0
2025-05-03 00:16:00+00:00,2471844,103,10,5,0
2025-05-03 00:17:00+00:00,2471844,103,9,5,0
2025-05-03 00:18:00+00:00,2471844,106,8,5,0
2025-05-03 00:19:00+00:00,2471844,102,9,5,0
2025-05-03 00:20:00+00:00,2471844,106,13,5,0
2025-05-03 00:21:00+00:00,2471844,102,13,5,0
2025-05-03 00:22:00+00:00,2471844,102,10,5,0
2025-05-03 00:23:00+00:00,2471844,102,10,5,0
2025-05-03 00:24:00+00:00,2471844,107,8,5,0
2025-05-03 00:25:00+00:00,2471844,103,5,5,0
2025-05-03 00:26:00+00:00,2471844,104,5,5,0
2025-05-03 00:27:00+00:00,2471844,103,6,5,0
2025-05-03 00:28:00+00:00,2471844,101,6,5,0
2025-05-03 00:29:00+00:00,2471844,101,3,5,0
2025-05-03 00:30:00+00:00,2471844,98,7,5,0
2025-05-03 00:31:00+00:00,2471844,98,7,5,0
2025-05-03 00:32:00+00:00,2471844,95,7,5,0
2025-05-03 00:33:00+00:00,2471844,92,8,5,0
2025-05-03 00:34:00+00:00,2471844,96,8,5,0
2025-05-03 00:35:00+00:00,2471844,95,6,5,0
2025-05-03 00:36:00+00:00,2471844,101,9,5,0
2025-05-03 00:37:00+00:00,2471844,103,10,5,0
2025-05-03 00:38:00+00:00,2471844,102,9,5,0
2025-05-03 00:39:00+00:00,2471844,102,8,5,0
2025-05-03 00:40:00+00:00,2471844,103,8,5,0
2025-05-03 00:41:00+00:00,2471844,98,4,5,0
2025-05-03 00:42:00+00:00,2471844,101,4,5,0
2025-05-03 00:43:00+00:00,2471844,105,4,5,0
2025-05-03 00:44:00+00:00,2471844,107,5,5,0
2025-05-03 00:45:00+00:00,2471844,107,5,5,0
2025-05-03 00:46:00+00:00,2471844,107,4,5,0
2025-05-03 00:47:00+00:00,2471844,107,3,5,0
2025-05-03 00:48:00+00:00,2471844,106,3,5,0
2025-05-03 00:49:00+00:00,2471844,109,3,5,0
2025-05-03 00:50:00+00:00,2471844,109,3,5,0
2025-05-03 00:51:00+00:00,2471844,105,4,5,0
2025-05-03 00:52:00+00:00,2471844,100,5,5,0
2025-05-03 00:53:00+00:00,2471844,102,7,5,0
2025-05-03 00:54:00+00:00,2471844,102,7,5,0
2025-05-03 00:55:00+00:00,2471844,79,8,5,0
2025-05-03 00:56:00+00:00,2471844,79,6,5,0
2025-05-03 00:57:00+00:00,2471844,82,9,5,0
2025-05-03 00:58:00+00:00,2471844,84,6,5,0
2025-05-03 00:59:00+00:00,2471844,88,7,5,0
2025-05-03 01:00:00+00:00,2471844,88,5,5,1
2025-05-03 01:01:00+00:00,2471844,89,6,5,1
2025-05-03 01:02:00+00:00,2471844,93,4,5,1
2025-05-03 01:03:00+00:00,2471844,95,5,5,1
2025-05-03 01:04:00+00:00,2471844,97,4,5,1
2025-05-03 01:05:00+00:00,2471844,98,6,5,1
2025-05-03 01:06:00+00:00,2471844,98,5,5,1
2025-05-03 01:07:00+00:00,2471844,98,4,5,1
2025-05-03 01:08:00+00:00,2471844,98,3,5,1
2025-05-03 01:09:00+00:00,2471844,98,2,5,1
2025-05-03 01:10:00+00:00,2471844,100,1,5,1
2025-05-03 01:11:00+00:00,2471844,100,1,5,1
2025-05-03 01:12:00+00:00,2471844,107,4,5,1
2025-05-03 01:13:00+00:00,2471844,103,5,5,1
2025-05-03 01:14:00+00:00,2471844,103,5,5,1
2025-05-03 01:15:00+00:00,2471844,106,6,5,1
2025-05-03 01:16:00+00:00,2471844,106,8,5,1
2025-05-03 01:17:00+00:00,2471844,108,6,5,1
2025-05-03 01:18:00+00:00,2471844,108,5,5,1
2025-05-03 01:19:00+00:00,2471844,108,7,5,1
2025-05-03 01:20:00+00:00,2471844,108,4,5,1
2025-05-03 01:21:00+00:00,2471844,108,2,5,1
2025-05-03 01:22:00+00:00,2471844,114,2,5,1
2025-05-03 01:23:00+00:00,2471844,108,7,5,1
2025-05-03 01:24:00+00:00,2471844,108,6,5,1
2025-05-03 01:25:00+00:00,2471844,108,6,5,1
2025-05-03 01:26:00+00:00,2471844,107,7,5,1
2025-05-03 01:27:00+00:00,2471844,107,6,5,1
2025-05-03 01:28:00+00:00,2471844,109,2,5,1
2025-05-03 01:29:00+00:00,2471844,109,2,5,1
2025-05-03 01:30:00+00:00,2471844,114,3,5,1
2025-05-03 01:31:00+00:00,2471844,114,3,5,1
2025-05-03 01:32:00+00:00,2471844,113,4,5,1
2025-05-03 01:33:00+00:00,2471844,113,3,5,1
2025-05-03 01:34:00+00:00,2471844,117,5,5,1
2025-05-03 01:35:00+00:00,2471844,118,5,5,1
2025-05-03 01:36:00+00:00,2471844,116,6,5,1
2025-05-03 01:37:00+00:00,2471844,116,5,5,1
2025-05-03 01:38:00+00:00,2471844,113,6,5,1
2025-05-03 01:39:00+00:00,2471844,113,3,5,1
2025-05-03 01:40:00+00:00,2471844,109,5,5,1
2025-05-03 01:41:00+00:00,2471844,109,4,5,1
2025-05-03 01:42:00+00:00,2471844,109,4,5,1
2025-05-03 01:43:00+00:00,2471844,113,4,5,1
2025-05-03 01:44:00+00:00,2471844,112,5,5,1
2025-05-03 01:45:00+00:00,2471844,112,4,5,1
2025-05-03 01:46:00+00:00,2471844,112,4,5,1
2025-05-03 01:47:00+00:00,2471844,112,7,5,1
2025-05-03 01:48:00+00:00,2471844,112,7,5,1
2025-05-03 01:49:00+00:00,2471844,111,7,5,1
2025-05-03 01:50:00+00:00,2471844,111,7,5,1
2025-05-03 01:51:00+00:00,2471844,112,8,5,1
2025-05-03 01:52:00+00:00,2471844,112,3,5,1
2025-05-03 01:53:00+00:00,2471844,112,3,5,1
2025-05-03 01:54:00+00:00,2471844,112,1,5,1
2025-05-03 01:55:00+00:00,2471844,107,1,5,1
2025-05-03 01:56:00+00:00,2471844,107,1,5,1
2025-05-03 01:57:00+00:00,2471844,107,1,5,1
2025-05-03 01:58:00+00:00,2471844,107,1,5,1
2025-05-03 01:59:00+00:00,2471844,107,2,5,1
2025-05-03 02:00:00+00:00,2471844,107,2,5,2
2025-05-03 02:01:00+00:00,2471844,107,2,5,2
2025-05-03 02:02:00+00:00,2471844,106,4,5,2
2025-05-03 02:03:00+00:00,2471844,106,3,5,2
2025-05-03 02:04:00+00:00,2471844,106,3,5,2
2025-05-03 02:05:00+00:00,2471844,107,3,5,2
2025-05-03 02:06:00+00:00,2471844,107,3,5,2
2025-05-03 02:07:00+00:00,2471844,107,1,5,2
2025-05-03 02:08:00+00:00,2471844,109,2,5,2
2025-05-03 02:09:00+00:00,2471844,105,5,5,2
2025-05-03 02:10:00+00:00,2471844,106,5,5,2
2025-05-03 02:11:00+00:00,2471844,103,6,5,2
2025-05-03 02:12:00+00:00,2471844,103,6,5,2
2025-05-03 02:13:00+00:00,2471844,105,7,5,2
2025-05-03 02:14:00+00:00,2471844,105,4,5,2
2025-05-03 02:15:00+00:00,2471844,104,4,5,2
2025-05-03 02:16:00+00:00,2471844,106,5,5,2
2025-05-03 02:17:00+00:00,2471844,106,5,5,2
2025-05-03 02:18:00+00:00,2471844,96,4,5,2
2025-05-03 02:19:00+00:00,2471844,96,5,5,2
2025-05-03 02:20:00+00:00,2471844,96,4,5,2
2025-05-03 02:21:00+00:00,2471844,96,3,5,2
2025-05-03 02:22:00+00:00,2471844,96,3,5,2
2025-05-03 02:23:00+00:00,2471844,96,0,5,2
2025-05-03 02:24:00+00:00,2471844,99,1,5,2
2025-05-03 02:25:00+00:00,2471844,100,2,5,2
2025-05-03 02:26:00+00:00,2471844,100,2,5,2
2025-05-03 02:27:00+00:00,2471844,100,2,5,2
2025-05-03 02:28:00+00:00,2471844,100,2,5,2
2025-05-03 02:29:00+00:00,2471844,100,2,5,2
2025-05-03 02:30:00+00:00,2471844,100,1,5,2
2025-05-03 02:31:00+00:00,2471844,103,3,5,2
2025-05-03 02:32:00+00:00,2471844,106,4,5,2
2025-05-03 02:33:00+00:00,2471844,103,5,5,2
2025-05-03 02:34:00+00:00,2471844,102,7,5,2
2025-05-03 02:35:00+00:00,2471844,102,7,5,2
2025-05-03 02:36:00+00:00,2471844,102,5,5,2
2025-05-03 02:37:00+00:00,2471844,102,3,5,2
2025-05-03 02:38:00+00:00,2471844,104,3,5,2
2025-05-03 02:39:00+00:00,2471844,104,2,5,2
2025-05-03 02:40:00+00:00,2471844,104,2,5,2
2025-05-03 02:41:00+00:00,2471844,108,4,5,2
2025-05-03 02:42:00+00:00,2471844,108,4,5,2
2025-05-03 02:43:00+00:00,2471844,108,3,5,2
2025-05-03 02:44:00+00:00,2471844,108,2,5,2
2025-05-03 02:45:00+00:00,2471844,108,3,5,2
2025-05-03 02:46:00+00:00,2471844,107,2,5,2
2025-05-03 02:47:00+00:00,2471844,109,3,5,2
2025-05-03 02:48:00+00:00,2471844,110,7,5,2
2025-05-03 02:49:00+00:00,2471844,111,8,5,2
2025-05-03 02:50:00+00:00,2471844,111,7,5,2
2025-05-03 02:51:00+00:00,2471844,111,6,5,2
2025-05-03 02:52:00+00:00,2471844,109,3,5,2
2025-05-03 02:53:00+00:00,2471844,109,3,5,2
2025-05-03 02:54:00+00:00,2471844,105,5,5,2
2025-05-03 02:55:00+00:00,2471844,105,5,5,2
2025-05-03 02:56:00+00:00,2471844,105,5,5,2
2025-05-03 02:57:00+00:00,2471844,105,4,5,2
2025-05-03 02:58:00+00:00,2471844,107,3,5,2
2025-05-03 02:59:00+00:00,2471844,107,1,5,2
2025-05-03 03:00:00+00:00,2471844,108,2,5,3
2025-05-03 03:01:00+00:00,2471844,106,3,5,3
2025-05-03 03:02:00+00:00,2471844,106,3,5,3
2025-05-03 03:03:00+00:00,2471844,107,4,5,3
2025-05-03 03:04:00+00:00,2471844,105,6,5,3
2025-05-03 03:05:00+00:00,2471844,105,5,5,3
2025-05-03 03:06:00+00:00,2471844,108,6,5,3
2025-05-03 03:07:00+00:00,2471844,108,5,5,3
2025-05-03 03:08:00+00:00,2471844,103,4,5,3
2025-05-03 03:09:00+00:00,2471844,101,4,5,3
2025-05-03 03:10:00+00:00,2471844,101,4,5,3
2025-05-03 03:11:00+00:00,2471844,104,3,5,3
2025-05-03 03:12:00+00:00,2471844,106,4,5,3
2025-05-03 03:13:00+00:00,2471844,109,6,5,3
2025-05-03 03:14:00+00:00,2471844,109,5,5,3
2025-05-03 03:15:00+00:00,2471844,107,7,5,3
2025-05-03 03:16:00+00:00,2471844,107,6,5,3
2025-05-03 03:17:00+00:00,2471844,110,6,5,3
2025-05-03 03:18:00+00:00,2471844,112,4,5,3
2025-05-03 03:19:00+00:00,2471844,108,4,5,3
2025-05-03 03:20:00+00:00,2471844,111,4,5,3
2025-05-03 03:21:00+00:00,2471844,111,4,5,3
2025-05-03 03:22:00+00:00,2471844,112,6,5,3
2025-05-03 03:23:00+00:00,2471844,115,5,5,3
2025-05-03 03:24:00+00:00,2471844,110,5,5,3
2025-05-03 03:25:00+00:00,2471844,104,7,5,3
2025-05-03 03:26:00+00:00,2471844,104,7,5,3
2025-05-03 03:27:00+00:00,2471844,102,7,5,3
2025-05-03 03:28:00+00:00,2471844,102,7,5,3
2025-05-03 03:29:00+00:00,2471844,103,7,5,3
2025-05-03 03:30:00+00:00,2471844,103,4,5,3
2025-05-03 03:31:00+00:00,2471844,104,5,5,3
2025-05-03 03:32:00+00:00,2471844,106,6,5,3
2025-05-03 03:33:00+00:00,2471844,106,6,5,3
2025-05-03 03:34:00+00:00,2471844,108,7,5,3
2025-05-03 03:35:00+00:00,2471844,108,7,5,3
2025-05-03 03:36:00+00:00,2471844,111,8,5,3
2025-05-03 03:37:00+00:00,2471844,111,10,5,3
2025-05-03 03:38:00+00:00,2471844,109,11,5,3
2025-05-03 03:39:00+00:00,2471844,109,11,5,3
2025-05-03 03:40:00+00:00,2471844,109,11,5,3
2025-05-03 03:41:00+00:00,2471844,109,6,5,3
2025-05-03 03:42:00+00:00,2471844,109,3,5,3
2025-05-03 03:43:00+00:00,2471844,108,3,5,3
2025-05-03 03:44:00+00:00,2471844,105,2,5,3
2025-05-03 03:45:00+00:00,2471844,102,5,5,3
2025-05-03 03:46:00+00:00,2471844,104,7,5,3
2025-05-03 03:47:00+00:00,2471844,104,8,5,3
2025-05-03 03:48:00+00:00,2471844,104,7,5,3
2025-05-03 03:49:00+00:00,2471844,107,7,5,3
2025-05-03 03:50:00+00:00,2471844,107,6,5,3
2025-05-03 03:51:00+00:00,2471844,109,6,5,3
2025-05-03 03:52:00+00:00,2471844,104,7,5,3
2025-05-03 03:53:00+00:00,2471844,103,9,5,3
2025-05-03 03:54:00+00:00,2471844,107,9,5,3
2025-05-03 03:55:00+00:00,2471844,107,8,5,3
2025-05-03 03:56:00+00:00,2471844,107,6,5,3
2025-05-03 03:57:00+00:00,2471844,108,3,5,3
2025-05-03 03:58:00+00:00,2471844,110,9,5,3
2025-05-03 03:59:00+00:00,2471844,111,10,5,3
2025-05-03 04:00:00+00:00,2471844,117,14,5,4
2025-05-03 04:01:00+00:00,2471844,115,15,5,4
2025-05-03 04:02:00+00:00,2471844,118,16,5,4
2025-05-03 04:03:00+00:00,2471844,118,10,5,4
2025-05-03 04:04:00+00:00,2471844,117,8,5,4
2025-05-03 04:05:00+00:00,2471844,117,6,5,4
2025-05-03 04:06:00+00:00,2471844,119,6,5,4
2025-05-03 04:07:00+00:00,2471844,117,7,5,4
2025-05-03 04:08:00+00:00,2471844,118,9,5,4
2025-05-03 04:09:00+00:00,2471844,118,10,5,4
2025-05-03 04:10:00+00:00,2471844,116,17,5,4
2025-05-03 04:11:00+00:00,2471844,116,16,5,4
2025-05-03 04:12:00+00:00,2471844,110,11,5,4
2025-05-03 04:13:00+00:00,2471844,110,11,5,4
2025-05-03 04:14:00+00:00,2471844,109,12,5,4
2025-05-03 04:15:00+00:00,2471844,106,6,5,4
2025-05-03 04:16:00+00:00,2471844,107,6,5,4
2025-05-03 04:17:00+00:00,2471844,111,7,5,4
2025-05-03 04:18:00+00:00,2471844,111,11,5,4
2025-05-03 04:19:00+00:00,2471844,110,11,5,4
2025-05-03 04:20:00+00:00,2471844,106,13,5,4
2025-05-03 04:21:00+00:00,2471844,106,13,5,4
2025-05-03 04:22:00+00:00,2471844,108,16,5,4
2025-05-03 04:23:00+00:00,2471844,103,13,5,4
2025-05-03 04:24:00+00:00,2471844,105,12,5,4
2025-05-03 04:25:00+00:00,2471844,107,13,5,4
2025-05-03 04:26:00+00:00,2471844,111,13,5,4
2025-05-03 04:27:00+00:00,2471844,113,8,5,4
2025-05-03 04:28:00+00:00,2471844,112,9,5,4
2025-05-03 04:29:00+00:00,2471844,115,11,5,4
2025-05-03 04:30:00+00:00,2471844,110,11,5,4
2025-05-03 04:31:00+00:00,2471844,111,13,5,4
2025-05-03 04:32:00+00:00,2471844,116,15,5,4
2025-05-03 04:33:00+00:00,2471844,110,16,5,4
2025-05-03 04:34:00+00:00,2471844,109,15,5,4
2025-05-03 04:35:00+00:00,2471844,108,16,5,4
2025-05-03 04:36:00+00:00,2471844,108,12,5,4
2025-05-03 04:37:00+00:00,2471844,108,9,5,4
2025-05-03 04:38:00+00:00,2471844,110,9,5,4
2025-05-03 04:39:00+00:00,2471844,110,7,5,4
2025-05-03 04:40:00+00:00,2471844,107,8,5,4
2025-05-03 04:41:00+00:00,2471844,110,9,5,4
2025-05-03 04:42:00+00:00,2471844,108,15,5,4
2025-05-03 04:43:00+00:00,2471844,103,15,5,4
2025-05-03 04:44:00+00:00,2471844,105,21,5,4
2025-05-03 04:45:00+00:00,2471844,105,20,5,4
2025-05-03 04:46:00+00:00,2471844,109,22,5,4
2025-05-03 04:47:00+00:00,2471844,93,18,5,4
2025-05-03 04:48:00+00:00,2471844,93,13,5,4
2025-05-03 04:49:00+00:00,2471844,94,12,5,4
2025-05-03 04:50:00+00:00,2471844,101,15,5,4
2025-05-03 04:51:00+00:00,2471844,103,14,5,4
2025-05-03 04:52:00+00:00,2471844,106,14,5,4
2025-05-03 04:53:00+00:00,2471844,104,16,5,4
2025-05-03 04:54:00+00:00,2471844,115,17,5,4
2025-05-03 04:55:00+00:00,2471844,115,13,5,4
2025-05-03 04:56:00+00:00,2471844,112,16,5,4
2025-05-03 04:57:00+00:00,2471844,112,14,5,4
2025-05-03 04:58:00+00:00,2471844,112,11,5,4
2025-05-03 04:59:00+00:00,2471844,111,10,5,4
2025-05-03 05:00:00+00:00,2471844,109,9,5,5
2025-05-03 05:01:00+00:00,2471844,109,8,5,5
2025-05-03 05:02:00+00:00,2471844,110,8,5,5
2025-05-03 05:03:00+00:00,2471844,110,9,5,5
2025-05-03 05:04:00+00:00,2471844,112,11,5,5
2025-05-03 05:05:00+00:00,2471844,112,15,5,5
2025-05-03 05:06:00+00:00,2471844,110,14,5,5
2025-05-03 05:07:00+00:00,2471844,113,18,5,5
2025-05-03 05:08:00+00:00,2471844,113,25,5,5
2025-05-03 05:09:00+00:00,2471844,113,22,5,5
2025-05-03 05:10:00+00:00,2471844,113,23,5,5
2025-05-03 05:11:00+00:00,2471844,107,30,5,5
2025-05-03 05:12:00+00:00,2471844,109,27,5,5
2025-05-03 05:13:00+00:00,2471844,110,24,5,5
2025-05-03 05:14:00+00:00,2471844,110,24,5,5
2025-05-03 05:15:00+00:00,2471844,112,20,5,5
2025-05-03 05:16:00+00:00,2471844,107,15,5,5
2025-05-03 05:17:00+00:00,2471844,108,16,5,5
2025-05-03 05:18:00+00:00,2471844,113,13,5,5
2025-05-03 05:19:00+00:00,2471844,115,13,5,5
2025-05-03 05:20:00+00:00,2471844,112,16,5,5
2025-05-03 05:21:00+00:00,2471844,116,22,5,5
2025-05-03 05:22:00+00:00,2471844,117,18,5,5
2025-05-03 05:23:00+00:00,2471844,115,16,5,5
2025-05-03 05:24:00+00:00,2471844,112,16,5,5
2025-05-03 05:25:00+00:00,2471844,107,13,5,5
2025-05-03 05:26:00+00:00,2471844,102,12,5,5
2025-05-03 05:27:00+00:00,2471844,102,17,5,5
2025-05-03 05:28:00+00:00,2471844,109,16,5,5
2025-05-03 05:29:00+00:00,2471844,114,22,5,5
2025-05-03 05:30:00+00:00,2471844,116,24,5,5
2025-05-03 05:31:00+00:00,2471844,116,24,5,5
2025-05-03 05:32:00+00:00,2471844,114,25,5,5
2025-05-03 05:33:00+00:00,2471844,99,25,5,5
2025-05-03 05:34:00+00:00,2471844,103,21,5,5
2025-05-03 05:35:00+00:00,2471844,106,22,5,5
2025-05-03 05:36:00+00:00,2471844,106,18,5,5
2025-05-03 05:37:00+00:00,2471844,102,12,5,5
2025-05-03 05:38:00+00:00,2471844,106,15,5,5
2025-05-03 05:39:00+00:00,2471844,104,13,5,5
2025-05-03 05:40:00+00:00,2471844,106,11,5,5
2025-05-03 05:41:00+00:00,2471844,108,13,5,5
2025-05-03 05:42:00+00:00,2471844,115,17,5,5
2025-05-03 05:43:00+00:00,2471844,115,11,5,5
2025-05-03 05:44:00+00:00,2471844,113,16,5,5
2025-05-03 05:45:00+00:00,2471844,110,14,5,5
2025-05-03 05:46:00+00:00,2471844,103,18,5,5
2025-05-03 05:47:00+00:00,2471844,103,16,5,5
2025-05-03 05:48:00+00:00,2471844,102,22,5,5
2025-05-03 05:49:00+00:00,2471844,103,19,5,5
2025-05-03 05:50:00+00:00,2471844,107,19,5,5
2025-05-03 05:51:00+00:00,2471844,103,20,5,5
2025-05-03 05:52:00+00:00,2471844,107,23,5,5
2025-05-03 05:53:00+00:00,2471844,110,23,5,5
2025-05-03 05:54:00+00:00,2471844,108,23,5,5
2025-05-03 05:55:00+00:00,2471844,108,19,5,5
2025-05-03 05:56:00+00:00,2471844,106,20,5,5
2025-05-03 05:57:00+00:00,2471844,105,15,5,5
2025-05-03 05:58:00+00:00,2471844,103,13,5,5
2025-05-03 05:59:00+00:00,2471844,106,13,5,5
2025-05-03 06:00:00+00:00,2471844,116,16,5,6
2025-05-03 06:01:00+00:00,2471844,114,13,5,6
2025-05-03 06:02:00+00:00,2471844,108,15,5,6
2025-05-03 06:03:00+00:00,2471844,108,15,5,6
2025-05-03 06:04:00+00:00,2471844,105,15,5,6
2025-05-03 06:05:00+00:00,2471844,109,17,5,6
2025-05-03 06:06:00+00:00,2471844,110,18,5,6
2025-05-03 06:07:00+00:00,2471844,107,20,5,6
2025-05-03 06:08:00+00:00,2471844,115,23,5,6
2025-05-03 06:09:00+00:00,2471844,110,28,5,6
2025-05-03 06:10:00+00:00,2471844,107,28,5,6
2025-05-03 06:11:00+00:00,2471844,106,26,5,6
2025-05-03 06:12:00+00:00,2471844,112,24,5,6
2025-05-03 06:13:00+00:00,2471844,114,23,5,6
2025-05-03 06:14:00+00:00,2471844,114,13,5,6
2025-05-03 06:15:00+00:00,2471844,112,11,5,6
2025-05-03 06:16:00+00:00,2471844,114,12,5,6
2025-05-03 06:17:00+00:00,2471844,111,15,5,6
2025-05-03 06:18:00+00:00,2471844,110,14,5,6
2025-05-03 06:19:00+00:00,2471844,99,23,5,6
2025-05-03 06:20:00+00:00,2471844,103,23,5,6
2025-05-03 06:21:00+00:00,2471844,103,24,5,6
2025-05-03 06:22:00+00:00,2471844,102,22,5,6
2025-05-03 06:23:00+00:00,2471844,105,20,5,6
2025-05-03 06:24:00+00:00,2471844,106,19,5,6
2025-05-03 06:25:00+00:00,2471844,106,22,5,6
2025-05-03 06:26:00+00:00,2471844,108,21,5,6
2025-05-03 06:27:00+00:00,2471844,107,19,5,6
2025-05-03 06:28:00+00:00,2471844,106,22,5,6
2025-05-03 06:29:00+00:00,2471844,104,18,5,6
2025-05-03 06:30:00+00:00,2471844,108,17,5,6
2025-05-03 06:31:00+00:00,2471844,106,15,5,6
2025-05-03 06:32:00+00:00,2471844,103,18,5,6
2025-05-03 06:33:00+00:00,2471844,107,17,5,6
2025-05-03 06:34:00+00:00,2471844,105,17,5,6
2025-05-03 06:35:00+00:00,2471844,103,17,5,6
2025-05-03 06:36:00+00:00,2471844,102,23,5,6
2025-05-03 06:37:00+00:00,2471844,104,24,5,6
2025-05-03 06:38:00+00:00,2471844,106,25,5,6
2025-05-03 06:39:00+00:00,2471844,107,31,5,6
2025-05-03 06:40:00+00:00,2471844,109,28,5,6
2025-05-03 06:41:00+00:00,2471844,112,25,5,6
2025-05-03 06:42:00+00:00,2471844,108,23,5,6
2025-05-03 06:43:00+00:00,2471844,110,25,5,6
2025-05-03 06:44:00+00:00,2471844,109,34,5,6
2025-05-03 06:45:00+00:00,2471844,109,34,5,6
2025-05-03 06:46:00+00:00,2471844,101,40,5,6
2025-05-03 06:47:00+00:00,2471844,105,35,5,6
2025-05-03 06:48:00+00:00,2471844,107,33,5,6
2025-05-03 06:49:00+00:00,2471844,112,30,5,6
2025-05-03 06:50:00+00:00,2471844,111,26,5,6
2025-05-03 06:51:00+00:00,2471844,103,22,5,6
2025-05-03 06:52:00+00:00,2471844,95,27,5,6
2025-05-03 06:53:00+00:00,2471844,105,31,5,6
2025-05-03 06:54:00+00:00,2471844,104,32,5,6
2025-05-03 06:55:00+00:00,2471844,106,29,5,6
2025-05-03 06:56:00+00:00,2471844,103,32,5,6
2025-05-03 06:57:00+00:00,2471844,105,28,5,6
2025-05-03 06:58:00+00:00,2471844,108,25,5,6
2025-05-03 06:59:00+00:00,2471844,103,25,5,6
2025-05-03 07:00:00+00:00,2471844,105,24,5,7
2025-05-03 07:01:00+00:00,2471844,102,21,5,7
2025-05-03 07:02:00+00:00,2471844,113,22,5,7
2025-05-03 07:03:00+00:00,2471844,112,26,5,7
2025-05-03 07:04:00+00:00,2471844,111,26,5,7
2025-05-03 07:05:00+00:00,2471844,111,32,5,7
2025-05-03 07:06:00+00:00,2471844,108,37,5,7
2025-05-03 07:07:00+00:00,2471844,112,37,5,7
2025-05-03 07:08:00+00:00,2471844,106,40,5,7
2025-05-03 07:09:00+00:00,2471844,102,41,5,7
2025-05-03 07:10:00+00:00,2471844,105,38,5,7
2025-05-03 07:11:00+00:00,2471844,105,31,5,7
2025-05-03 07:12:00+00:00,2471844,105,34,5,7
2025-05-03 07:13:00+00:00,2471844,109,31,5,7
2025-05-03 07:14:00+00:00,2471844,108,31,5,7
2025-05-03 07:15:00+00:00,2471844,107,29,5,7
2025-05-03 07:16:00+00:00,2471844,102,30,5,7
2025-05-03 07:17:00+00:00,2471844,109,27,5,7
2025-05-03 07:18:00+00:00,2471844,106,25,5,7
2025-05-03 07:19:00+00:00,2471844,107,22,5,7
2025-05-03 07:20:00+00:00,2471844,111,27,5,7
2025-05-03 07:21:00+00:00,2471844,111,30,5,7
2025-05-03 07:22:00+00:00,2471844,112,30,5,7
2025-05-03 07:23:00+00:00,2471844,110,38,5,7
2025-05-03 07:24:00+00:00,2471844,113,36,5,7
2025-05-03 07:25:00+00:00,2471844,113,32,5,7
2025-05-03 07:26:00+00:00,2471844,112,31,5,7
2025-05-03 07:27:00+00:00,2471844,113,29,5,7
2025-05-03 07:28:00+00:00,2471844,111,33,5,7
2025-05-03 07:29:00+00:00,2471844,110,39,5,7
2025-05-03 07:30:00+00:00,2471844,106,47,5,7
2025-05-03 07:31:00+00:00,2471844,106,50,5,7
2025-05-03 07:32:00+00:00,2471844,105,54,5,7
2025-05-03 07:33:00+00:00,2471844,104,52,5,7
2025-05-03 07:34:00+00:00,2471844,105,46,5,7
2025-05-03 07:35:00+00:00,2471844,111,46,5,7
2025-05-03 07:36:00+00:00,2471844,112,41,5,7
2025-05-03 07:37:00+00:00,2471844,114,34,5,7
2025-05-03 07:38:00+00:00,2471844,110,33,5,7
2025-05-03 07:39:00+00:00,2471844,104,36,5,7
2025-05-03 07:40:00+00:00,2471844,103,36,5,7
2025-05-03 07:41:00+00:00,2471844,112,48,5,7
2025-05-03 07:42:00+00:00,2471844,110,48,5,7
2025-05-03 07:43:00+00:00,2471844,106,42,5,7
2025-05-03 07:44:00+00:00,2471844,106,41,5,7
2025-05-03 07:45:00+00:00,2471844,104,52,5,7
2025-05-03 07:46:00+00:00,2471844,109,37,5,7
2025-05-03 07:47:00+00:00,2471844,105,37,5,7
2025-05-03 07:48:00+00:00,2471844,105,48,5,7
2025-05-03 07:49:00+00:00,2471844,102,49,5,7
2025-05-03 07:50:00+00:00,2471844,105,41,5,7
2025-05-03 07:51:00+00:00,2471844,105,50,5,7
2025-05-03 07:52:00+00:00,2471844,103,52,5,7
2025-05-03 07:53:00+00:00,2471844,100,42,5,7
2025-05-03 07:54:00+00:00,2471844,103,37,5,7
2025-05-03 07:55:00+00:00,2471844,106,30,5,7
2025-05-03 07:56:00+00:00,2471844,106,22,5,7
2025-05-03 07:57:00+00:00,2471844,106,9,5,7
2025-05-03 07:58:00+00:00,2471844,106,4,5,7
2025-05-03 07:59:00+00:00,2471844,79,20,5,7
2025-05-03 08:00:00+00:00,2471844,101,31,5,8
2025-05-03 08:01:00+00:00,2471844,107,40,5,8
2025-05-03 08:02:00+00:00,2471844,106,50,5,8
2025-05-03 08:03:00+00:00,2471844,102,60,5,8
2025-05-03 08:04:00+00:00,2471844,105,48,5,8
2025-05-03 08:05:00+00:00,2471844,110,40,5,8
2025-05-03 08:06:00+00:00,2471844,106,33,5,8
2025-05-03 08:07:00+00:00,2471844,110,27,5,8
2025-05-03 08:08:00+00:00,2471844,106,28,5,8
2025-05-03 08:09:00+00:00,2471844,106,28,5,8
2025-05-03 08:10:00+00:00,2471844,103,30,5,8
2025-05-03 08:11:00+00:00,2471844,106,36,5,8
2025-05-03 08:12:00+00:00,2471844,103,37,5,8
2025-05-03 08:13:00+00:00,2471844,104,37,5,8
2025-05-03 08:14:00+00:00,2471844,104,43,5,8
2025-05-03 08:15:00+00:00,2471844,102,40,5,8
2025-05-03 08:16:00+00:00,2471844,108,37,5,8
2025-05-03 08:17:00+00:00,2471844,106,36,5,8
2025-05-03 08:18:00+00:00,2471844,110,28,5,8
2025-05-03 08:19:00+00:00,2471844,106,28,5,8
2025-05-03 08:20:00+00:00,2471844,101,27,5,8
2025-05-03 08:21:00+00:00,2471844,102,29,5,8
2025-05-03 08:22:00+00:00,2471844,106,37,5,8
2025-05-03 08:23:00+00:00,2471844,105,46,5,8
2025-05-03 08:24:00+00:00,2471844,109,44,5,8
2025-05-03 08:25:00+00:00,2471844,108,51,5,8
2025-05-03 08:26:00+00:00,2471844,115,45,5,8
2025-05-03 08:27:00+00:00,2471844,113,38,5,8
2025-05-03 08:28:00+00:00,2471844,104,41,5,8
2025-05-03 08:29:00+00:00,2471844,106,36,5,8
2025-05-03 08:30:00+00:00,2471844,114,37,5,8
2025-05-03 08:31:00+00:00,2471844,110,33,5,8
2025-05-03 08:32:00+00:00,2471844,103,31,5,8
2025-05-03 08:33:00+00:00,2471844,104,30,5,8
2025-05-03 08:34:00+00:00,2471844,107,30,5,8
2025-05-03 08:35:00+00:00,2471844,104,30,5,8
2025-05-03 08:36:00+00:00,2471844,106,28,5,8
2025-05-03 08:37:00+00:00,2471844,102,30,5,8
2025-05-03 08:38:00+00:00,2471844,112,31,5,8
2025-05-03 08:39:00+00:00,2471844,108,33,5,8
2025-05-03 08:40:00+00:00,2471844,109,35,5,8
2025-05-03 08:41:00+00:00,2471844,112,32,5,8
2025-05-03 08:42:00+00:00,2471844,110,40,5,8
2025-05-03 08:43:00+00:00,2471844,107,38,5,8
2025-05-03 08:44:00+00:00,2471844,112,38,5,8
2025-05-03 08:45:00+00:00,2471844,102,39,5,8
2025-05-03 08:46:00+00:00,2471844,109,52,5,8
2025-05-03 08:47:00+00:00,2471844,111,50,5,8
2025-05-03 08:48:00+00:00,2471844,108,47,5,8
2025-05-03 08:49:00+00:00,2471844,103,41,5,8
2025-05-03 08:50:00+00:00,2471844,104,50,5,8
2025-05-03 08:51:00+00:00,2471844,112,47,5,8
2025-05-03 08:52:00+00:00,2471844,111,48,5,8
2025-05-03 08:53:00+00:00,2471844,104,54,5,8
2025-05-03 08:54:00+00:00,2471844,102,60,5,8
2025-05-03 08:55:00+00:00,2471844,107,50,5,8
2025-05-03 08:56:00+00:00,2471844,109,41,5,8
2025-05-03 08:57:00+00:00,2471844,111,42,5,8
2025-05-03 08:58:00+00:00,2471844,113,37,5,8
2025-05-03 08:59:00+00:00,2471844,107,38,5,8
2025-05-03 09:00:00+00:00,2471844,107,36,5,9
2025-05-03 09:01:00+00:00,2471844,107,39,5,9
2025-05-03 09:02:00+00:00,2471844,106,35,5,9
2025-05-03 09:03:00+00:00,2471844,106,38,5,9
2025-05-03 09:04:00+00:00,2471844,107,41,5,9
2025-05-03 09:05:00+00:00,2471844,108,43,5,9
2025-05-03 09:06:00+00:00,2471844,109,42,5,9
2025-05-03 09:07:00+00:00,2471844,109,41,5,9
2025-05-03 09:08:00+00:00,2471844,108,45,5,9
2025-05-03 09:09:00+00:00,2471844,109,47,5,9
2025-05-03 09:10:00+00:00,2471844,109,42,5,9
2025-05-03 09:11:00+00:00,2471844,105,43,5,9
2025-05-03 09:12:00+00:00,2471844,107,49,5,9
2025-05-03 09:13:00+00:00,2471844,106,38,5,9
2025-05-03 09:14:00+00:00,2471844,107,37,5,9
2025-05-03 09:15:00+00:00,2471844,110,36,5,9
2025-05-03 09:16:00+00:00,2471844,113,36,5,9
2025-05-03 09:17:00+00:00,2471844,112,36,5,9
2025-05-03 09:18:00+00:00,2471844,107,34,5,9
2025-05-03 09:19:00+00:00,2471844,104,30,5,9
2025-05-03 09:20:00+00:00,2471844,106,34,5,9
2025-05-03 09:21:00+00:00,2471844,102,37,5,9
2025-05-03 09:22:00+00:00,2471844,106,34,5,9
2025-05-03 09:23:00+00:00,2471844,107,35,5,9
2025-05-03 09:24:00+00:00,2471844,103,32,5,9
2025-05-03 09:25:00+00:00,2471844,99,35,5,9
2025-05-03 09:26:00+00:00,2471844,103,30,5,9
2025-05-03 09:27:00+00:00,2471844,105,33,5,9
2025-05-03 09:28:00+00:00,2471844,102,34,5,9
2025-05-03 09:29:00+00:00,2471844,104,44,5,9
2025-05-03 09:30:00+00:00,2471844,110,42,5,9
2025-05-03 09:31:00+00:00,2471844,104,46,5,9
2025-05-03 09:32:00+00:00,2471844,104,47,5,9
2025-05-03 09:33:00+00:00,2471844,108,52,5,9
2025-05-03 09:34:00+00:00,2471844,107,41,5,9
2025-05-03 09:35:00+00:00,2471844,108,40,5,9
2025-05-03 09:36:00+00:00,2471844,108,34,5,9
2025-05-03 09:37:00+00:00,2471844,108,33,5,9
2025-05-03 09:38:00+00:00,2471844,108,35,5,9
2025-05-03 09:39:00+00:00,2471844,109,33,5,9
2025-05-03 09:40:00+00:00,2471844,115,35,5,9
2025-05-03 09:41:00+00:00,2471844,110,36,5,9
2025-05-03 09:42:00+00:00,2471844,104,35,5,9
2025-05-03 09:43:00+00:00,2471844,105,34,5,9
2025-05-03 09:44:00+00:00,2471844,110,34,5,9
2025-05-03 09:45:00+00:00,2471844,110,34,5,9
2025-05-03 09:46:00+00:00,2471844,102,35,5,9
2025-05-03 09:47:00+00:00,2471844,100,33,5,9
2025-05-03 09:48:00+00:00,2471844,109,31,5,9
2025-05-03 09:49:00+00:00,2471844,116,31,5,9
2025-05-03 09:50:00+00:00,2471844,107,36,5,9
2025-05-03 09:51:00+00:00,2471844,114,35,5,9
2025-05-03 09:52:00+00:00,2471844,115,38,5,9
2025-05-03 09:53:00+00:00,2471844,113,38,5,9
2025-05-03 09:54:00+00:00,2471844,111,40,5,9
2025-05-03 09:55:00+00:00,2471844,106,37,5,9
2025-05-03 09:56:00+00:00,2471844,111,33,5,9
2025-05-03 09:57:00+00:00,2471844,106,33,5,9
2025-05-03 09:58:00+00:00,2471844,104,39,5,9
2025-05-03 09:59:00+00:00,2471844,105,41,5,9
2025-05-03 10:00:00+00:00,2471844,113,43,5,10
2025-05-03 10:01:00+00:00,2471844,107,47,5,10
2025-05-03 10:02:00+00:00,2471844,107,47,5,10
2025-05-03 10:03:00+00:00,2471844,109,41,5,10
2025-05-03 10:04:00+00:00,2471844,103,40,5,10
2025-05-03 10:05:00+00:00,2471844,101,37,5,10
2025-05-03 10:06:00+00:00,2471844,107,35,5,10
2025-05-03 10:07:00+00:00,2471844,107,38,5,10
2025-05-03 10:08:00+00:00,2471844,111,44,5,10
2025-05-03 10:09:00+00:00,2471844,107,47,5,10
2025-05-03 10:10:00+00:00,2471844,115,53,5,10
2025-05-03 10:11:00+00:00,2471844,103,54,5,10
2025-05-03 10:12:00+00:00,2471844,103,45,5,10
2025-05-03 10:13:00+00:00,2471844,112,45,5,10
2025-05-03 10:14:00+00:00,2471844,105,41,5,10
2025-05-03 10:15:00+00:00,2471844,108,41,5,10
2025-05-03 10:16:00+00:00,2471844,106,42,5,10
2025-05-03 10:17:00+00:00,2471844,105,44,5,10
2025-05-03 10:18:00+00:00,2471844,103,42,5,10
2025-05-03 10:19:00+00:00,2471844,105,37,5,10
2025-05-03 10:20:00+00:00,2471844,104,41,5,10
2025-05-03 10:21:00+00:00,2471844,105,36,5,10
2025-05-03 10:22:00+00:00,2471844,111,41,5,10
2025-05-03 10:23:00+00:00,2471844,106,42,5,10
2025-05-03 10:24:00+00:00,2471844,109,40,5,10
2025-05-03 10:25:00+00:00,2471844,115,34,5,10
2025-05-03 10:26:00+00:00,2471844,114,39,5,10
2025-05-03 10:27:00+00:00,2471844,116,40,5,10
2025-05-03 10:28:00+00:00,2471844,107,49,5,10
2025-05-03 10:29:00+00:00,2471844,106,51,5,10
2025-05-03 10:30:00+00:00,2471844,103,61,5,10
2025-05-03 10:31:00+00:00,2471844,104,68,5,10
2025-05-03 10:32:00+00:00,2471844,105,69,5,10
2025-05-03 10:33:00+00:00,2471844,101,65,5,10
2025-05-03 10:34:00+00:00,2471844,107,63,5,10
2025-05-03 10:35:00+00:00,2471844,109,55,5,10
2025-05-03 10:36:00+00:00,2471844,111,50,5,10
2025-05-03 10:37:00+00:00,2471844,106,54,5,10
2025-05-03 10:38:00+00:00,2471844,109,51,5,10
2025-05-03 10:39:00+00:00,2471844,112,52,5,10
2025-05-03 10:40:00+00:00,2471844,112,51,5,10
2025-05-03 10:41:00+00:00,2471844,102,53,5,10
2025-05-03 10:42:00+00:00,2471844,103,45,5,10
2025-05-03 10:43:00+00:00,2471844,106,50,5,10
2025-05-03 10:44:00+00:00,2471844,111,52,5,10
2025-05-03 10:45:00+00:00,2471844,106,53,5,10
2025-05-03 10:46:00+00:00,2471844,109,51,5,10
2025-05-03 10:47:00+00:00,2471844,108,48,5,10
2025-05-03 10:48:00+00:00,2471844,104,45,5,10
2025-05-03 10:49:00+00:00,2471844,108,45,5,10
2025-05-03 10:50:00+00:00,2471844,104,38,5,10
2025-05-03 10:51:00+00:00,2471844,107,41,5,10
2025-05-03 10:52:00+00:00,2471844,108,39,5,10
2025-05-03 10:53:00+00:00,2471844,113,45,5,10
2025-05-03 10:54:00+00:00,2471844,106,47,5,10
2025-05-03 10:55:00+00:00,2471844,104,49,5,10
2025-05-03 10:56:00+00:00,2471844,105,46,5,10
2025-05-03 10:57:00+00:00,2471844,108,43,5,10
2025-05-03 10:58:00+00:00,2471844,107,39,5,10
2025-05-03 10:59:00+00:00,2471844,107,38,5,10
2025-05-03 11:00:00+00:00,2471844,106,32,5,11
2025-05-03 11:01:00+00:00,2471844,102,36,5,11
2025-05-03 11:02:00+00:00,2471844,111,37,5,11
2025-05-03 11:03:00+00:00,2471844,104,38,5,11
2025-05-03 11:04:00+00:00,2471844,109,38,5,11
2025-05-03 11:05:00+00:00,2471844,112,42,5,11
2025-05-03 11:06:00+00:00,2471844,111,37,5,11
2025-05-03 11:07:00+00:00,2471844,108,38,5,11
2025-05-03 11:08:00+00:00,2471844,100,38,5,11
2025-05-03 11:09:00+00:00,2471844,109,42,5,11
2025-05-03 11:10:00+00:00,2471844,107,46,5,11
2025-05-03 11:11:00+00:00,2471844,105,48,5,11
2025-05-03 11:12:00+00:00,2471844,107,43,5,11
2025-05-03 11:13:00+00:00,2471844,99,45,5,11
2025-05-03 11:14:00+00:00,2471844,103,40,5,11
2025-05-03 11:15:00+00:00,2471844,104,52,5,11
2025-05-03 11:16:00+00:00,2471844,110,51,5,11
2025-05-03 11:17:00+00:00,2471844,108,54,5,11
2025-05-03 11:18:00+00:00,2471844,103,51,5,11
2025-05-03 11:19:00+00:00,2471844,105,50,5,11
2025-05-03 11:20:00+00:00,2471844,112,50,5,11
2025-05-03 11:21:00+00:00,2471844,111,45,5,11
2025-05-03 11:22:00+00:00,2471844,106,43,5,11
2025-05-03 11:23:00+00:00,2471844,105,46,5,11
2025-05-03 11:24:00+00:00,2471844,108,45,5,11
2025-05-03 11:25:00+00:00,2471844,102,47,5,11
2025-05-03 11:26:00+00:00,2471844,103,41,5,11
2025-05-03 11:27:00+00:00,2471844,105,44,5,11
2025-05-03 11:28:00+00:00,2471844,107,44,5,11
2025-05-03 11:29:00+00:00,2471844,107,44,5,11
2025-05-03 11:30:00+00:00,2471844,101,54,5,11
2025-05-03 11:31:00+00:00,2471844,105,53,5,11
2025-05-03 11:32:00+00:00,2471844,106,47,5,11
2025-05-03 11:33:00+00:00,2471844,104,52,5,11
2025-05-03 11:34:00+00:00,2471844,104,49,5,11
2025-05-03 11:35:00+00:00,2471844,108,41,5,11
2025-05-03 11:36:00+00:00,2471844,114,47,5,11
2025-05-03 11:37:00+00:00,2471844,110,49,5,11
2025-05-03 11:38:00+00:00,2471844,109,51,5,11
2025-05-03 11:39:00+00:00,2471844,103,49,5,11
2025-05-03 11:40:00+00:00,2471844,109,62,5,11
2025-05-03 11:41:00+00:00,2471844,111,59,5,11
2025-05-03 11:42:00+00:00,2471844,113,56,5,11
2025-05-03 11:43:00+00:00,2471844,111,50,5,11
2025-05-03 11:44:00+00:00,2471844,103,50,5,11
2025-05-03 11:45:00+00:00,2471844,105,35,5,11
2025-05-03 11:46:00+00:00,2471844,107,33,5,11
2025-05-03 11:47:00+00:00,2471844,104,40,5,11
2025-05-03 11:48:00+00:00,2471844,109,39,5,11
2025-05-03 11:49:00+00:00,2471844,111,42,5,11
2025-05-03 11:50:00+00:00,2471844,102,49,5,11
2025-05-03 11:51:00+00:00,2471844,107,56,5,11
2025-05-03 11:52:00+00:00,2471844,107,52,5,11
2025-05-03 11:53:00+00:00,2471844,109,58,5,11
2025-05-03 11:54:00+00:00,2471844,109,60,5,11
2025-05-03 11:55:00+00:00,2471844,109,57,5,11
2025-05-03 11:56:00+00:00,2471844,107,56,5,11
2025-05-03 11:57:00+00:00,2471844,107,51,5,11
2025-05-03 11:58:00+00:00,2471844,112,51,5,11
2025-05-03 11:59:00+00:00,2471844,116,55,5,11
2025-05-03 12:00:00+00:00,2471844,114,59,5,12
2025-05-03 12:01:00+00:00,2471844,112,58,5,12
2025-05-03 12:02:00+00:00,2471844,112,56,5,12
2025-05-03 12:03:00+00:00,2471844,107,49,5,12
2025-05-03 12:04:00+00:00,2471844,109,49,5,12
2025-05-03 12:05:00+00:00,2471844,113,41,5,12
2025-05-03 12:06:00+00:00,2471844,110,44,5,12
2025-05-03 12:07:00+00:00,2471844,110,42,5,12
2025-05-03 12:08:00+00:00,2471844,108,53,5,12
2025-05-03 12:09:00+00:00,2471844,105,56,5,12
2025-05-03 12:10:00+00:00,2471844,106,63,5,12
2025-05-03 12:11:00+00:00,2471844,112,67,5,12
2025-05-03 12:12:00+00:00,2471844,114,75,5,12
2025-05-03 12:13:00+00:00,2471844,108,70,5,12
2025-05-03 12:14:00+00:00,2471844,101,65,5,12
2025-05-03 12:15:00+00:00,2471844,106,56,5,12
2025-05-03 12:16:00+00:00,2471844,107,53,5,12
2025-05-03 12:17:00+00:00,2471844,109,54,5,12
2025-05-03 12:18:00+00:00,2471844,109,44,5,12
2025-05-03 12:19:00+00:00,2471844,108,41,5,12
2025-05-03 12:20:00+00:00,2471844,106,47,5,12
2025-05-03 12:21:00+00:00,2471844,109,49,5,12
2025-05-03 12:22:00+00:00,2471844,111,51,5,12
2025-05-03 12:23:00+00:00,2471844,101,52,5,12
2025-05-03 12:24:00+00:00,2471844,106,56,5,12
2025-05-03 12:25:00+00:00,2471844,109,58,5,12
2025-05-03 12:26:00+00:00,2471844,111,63,5,12
2025-05-03 12:27:00+00:00,2471844,112,63,5,12
2025-05-03 12:28:00+00:00,2471844,112,70,5,12
2025-05-03 12:29:00+00:00,2471844,116,70,5,12
2025-05-03 12:30:00+00:00,2471844,105,70,5,12
2025-05-03 12:31:00+00:00,2471844,111,70,5,12
2025-05-03 12:32:00+00:00,2471844,106,72,5,12
2025-05-03 12:33:00+00:00,2471844,107,73,5,12
2025-05-03 12:34:00+00:00,2471844,103,73,5,12
2025-05-03 12:35:00+00:00,2471844,104,68,5,12
2025-05-03 12:36:00+00:00,2471844,106,60,5,12
2025-05-03 12:37:00+00:00,2471844,108,49,5,12
2025-05-03 12:38:00+00:00,2471844,110,47,5,12
2025-05-03 12:39:00+00:00,2471844,112,41,5,12
2025-05-03 12:40:00+00:00,2471844,111,43,5,12
2025-05-03 12:41:00+00:00,2471844,110,49,5,12
2025-05-03 12:42:00+00:00,2471844,114,57,5,12
2025-05-03 12:43:00+00:00,2471844,116,60,5,12
2025-05-03 12:44:00+00:00,2471844,103,71,5,12
2025-05-03 12:45:00+00:00,2471844,106,76,5,12
2025-05-03 12:46:00+00:00,2471844,109,74,5,12
2025-05-03 12:47:00+00:00,2471844,109,72,5,12
2025-05-03 12:48:00+00:00,2471844,105,62,5,12
2025-05-03 12:49:00+00:00,2471844,105,52,5,12
2025-05-03 12:50:00+00:00,2471844,106,47,5,12
2025-05-03 12:51:00+00:00,2471844,109,45,5,12
2025-05-03 12:52:00+00:00,2471844,108,49,5,12
2025-05-03 12:53:00+00:00,2471844,111,60,5,12
2025-05-03 12:54:00+00:00,2471844,108,56,5,12
2025-05-03 12:55:00+00:00,2471844,108,69,5,12
2025-05-03 12:56:00+00:00,2471844,110,67,5,12
2025-05-03 12:57:00+00:00,2471844,112,64,5,12
2025-05-03 12:58:00+00:00,2471844,116,54,5,12
2025-05-03 12:59:00+00:00,2471844,111,54,5,12
2025-05-03 13:00:00+00:00,2471844,110,42,5,13
2025-05-03 13:01:00+00:00,2471844,111,41,5,13
2025-05-03 13:02:00+00:00,2471844,112,34,5,13
2025-05-03 13:03:00+00:00,2471844,108,40,5,13
2025-05-03 13:04:00+00:00,2471844,108,47,5,13
2025-05-03 13:05:00+00:00,2471844,104,54,5,13
2025-05-03 13:06:00+00:00,2471844,110,56,5,13
2025-05-03 13:07:00+00:00,2471844,113,55,5,13
2025-05-03 13:08:00+00:00,2471844,107,55,5,13
2025-05-03 13:09:00+00:00,2471844,112,54,5,13
2025-05-03 13:10:00+00:00,2471844,111,52,5,13
2025-05-03 13:11:00+00:00,2471844,111,46,5,13
2025-05-03 13:12:00+00:00,2471844,112,49,5,13
2025-05-03 13:13:00+00:00,2471844,110,52,5,13
2025-05-03 13:14:00+00:00,2471844,108,55,5,13
2025-05-03 13:15:00+00:00,2471844,108,58,5,13
2025-05-03 13:16:00+00:00,2471844,109,57,5,13
2025-05-03 13:17:00+00:00,2471844,107,62,5,13
2025-05-03 13:18:00+00:00,2471844,102,62,5,13
2025-05-03 13:19:00+00:00,2471844,110,71,5,13
2025-05-03 13:20:00+00:00,2471844,104,72,5,13
2025-05-03 13:21:00+00:00,2471844,110,85,5,13
2025-05-03 13:22:00+00:00,2471844,112,82,5,13
2025-05-03 13:23:00+00:00,2471844,107,81,5,13
2025-05-03 13:24:00+00:00,2471844,106,75,5,13
2025-05-03 13:25:00+00:00,2471844,110,74,5,13
2025-05-03 13:26:00+00:00,2471844,110,62,5,13
2025-05-03 13:27:00+00:00,2471844,108,55,5,13
2025-05-03 13:28:00+00:00,2471844,105,49,5,13
2025-05-03 13:29:00+00:00,2471844,109,48,5,13
2025-05-03 13:30:00+00:00,2471844,111,45,5,13
2025-05-03 13:31:00+00:00,2471844,111,52,5,13
2025-05-03 13:32:00+00:00,2471844,111,56,5,13
2025-05-03 13:33:00+00:00,2471844,109,70,5,13
2025-05-03 13:34:00+00:00,2471844,111,67,5,13
2025-05-03 13:35:00+00:00,2471844,116,62,5,13
2025-05-03 13:36:00+00:00,2471844,113,58,5,13
2025-05-03 13:37:00+00:00,2471844,119,59,5,13
2025-05-03 13:38:00+00:00,2471844,109,50,5,13
2025-05-03 13:39:00+00:00,2471844,109,43,5,13
2025-05-03 13:40:00+00:00,2471844,113,43,5,13
2025-05-03 13:41:00+00:00,2471844,106,50,5,13
2025-05-03 13:42:00+00:00,2471844,103,50,5,13
2025-05-03 13:43:00+00:00,2471844,111,54,5,13
2025-05-03 13:44:00+00:00,2471844,110,58,5,13
2025-05-03 13:45:00+00:00,2471844,114,69,5,13
2025-05-03 13:46:00+00:00,2471844,106,68,5,13
2025-05-03 13:47:00+00:00,2471844,110,74,5,13
2025-05-03 13:48:00+00:00,2471844,112,75,5,13
2025-05-03 13:49:00+00:00,2471844,110,74,5,13
2025-05-03 13:50:00+00:00,2471844,108,64,5,13
2025-05-03 13:51:00+00:00,2471844,103,56,5,13
2025-05-03 13:52:00+00:00,2471844,116,48,5,13
2025-05-03 13:53:00+00:00,2471844,115,49,5,13
2025-05-03 13:54:00+00:00,2471844,108,54,5,13
2025-05-03 13:55:00+00:00,2471844,101,53,5,13
2025-05-03 13:56:00+00:00,2471844,110,65,5,13
2025-05-03 13:57:00+00:00,2471844,108,65,5,13
2025-05-03 13:58:00+00:00,2471844,109,71,5,13
2025-05-03 13:59:00+00:00,2471844,104,69,5,13
2025-05-03 14:00:00+00:00,2471844,116,72,5,14
2025-05-03 14:01:00+00:00,2471844,106,70,5,14
2025-05-03 14:02:00+00:00,2471844,107,66,5,14
2025-05-03 14:03:00+00:00,2471844,111,61,5,14
2025-05-03 14:04:00+00:00,2471844,106,57,5,14
2025-05-03 14:05:00+00:00,2471844,105,54,5,14
2025-05-03 14:06:00+00:00,2471844,106,53,5,14
2025-05-03 14:07:00+00:00,2471844,105,46,5,14
2025-05-03 14:08:00+00:00,2471844,108,40,5,14
2025-05-03 14:09:00+00:00,2471844,113,46,5,14
2025-05-03 14:10:00+00:00,2471844,108,43,5,14
2025-05-03 14:11:00+00:00,2471844,112,40,5,14
2025-05-03 14:12:00+00:00,2471844,107,45,5,14
2025-05-03 14:13:00+00:00,2471844,108,50,5,14
2025-05-03 14:14:00+00:00,2471844,112,43,5,14
2025-05-03 14:15:00+00:00,2471844,104,47,5,14
2025-05-03 14:16:00+00:00,2471844,105,52,5,14
2025-05-03 14:17:00+00:00,2471844,109,56,5,14
2025-05-03 14:18:00+00:00,2471844,111,64,5,14
2025-05-03 14:19:00+00:00,2471844,111,67,5,14
2025-05-03 14:20:00+00:00,2471844,113,72,5,14
2025-05-03 14:21:00+00:00,2471844,110,71,5,14
2025-05-03 14:22:00+00:00,2471844,106,69,5,14
2025-05-03 14:23:00+00:00,2471844,110,58,5,14
2025-05-03 14:24:00+00:00,2471844,108,56,5,14
2025-05-03 14:25:00+00:00,2471844,106,41,5,14
2025-05-03 14:26:00+00:00,2471844,109,36,5,14
2025-05-03 14:27:00+00:00,2471844,109,40,5,14
2025-05-03 14:28:00+00:00,2471844,110,41,5,14
2025-05-03 14:29:00+00:00,2471844,110,44,5,14
2025-05-03 14:30:00+00:00,2471844,108,52,5,14
2025-05-03 14:31:00+00:00,2471844,109,64,5,14
2025-05-03 14:32:00+00:00,2471844,107,64,5,14
2025-05-03 14:33:00+00:00,2471844,111,67,5,14
2025-05-03 14:34:00+00:00,2471844,107,78,5,14
2025-05-03 14:35:00+00:00,2471844,105,79,5,14
2025-05-03 14:36:00+00:00,2471844,101,78,5,14
2025-05-03 14:37:00+00:00,2471844,110,85,5,14
2025-05-03 14:38:00+00:00,2471844,114,81,5,14
2025-05-03 14:39:00+00:00,2471844,115,78,5,14
2025-05-03 14:40:00+00:00,2471844,112,75,5,14
2025-05-03 14:41:00+00:00,2471844,110,73,5,14
2025-05-03 14:42:00+00:00,2471844,112,64,5,14
2025-05-03 14:43:00+00:00,2471844,109,72,5,14
2025-05-03 14:44:00+00:00,2471844,106,73,5,14
2025-05-03 14:45:00+00:00,2471844,107,78,5,14
2025-05-03 14:46:00+00:00,2471844,113,71,5,14
2025-05-03 14:47:00+00:00,2471844,114,64,5,14
2025-05-03 14:48:00+00:00,2471844,106,57,5,14
2025-05-03 14:49:00+00:00,2471844,119,54,5,14
2025-05-03 14:50:00+00:00,2471844,110,47,5,14
2025-05-03 14:51:00+00:00,2471844,110,48,5,14
2025-05-03 14:52:00+00:00,2471844,111,47,5,14
2025-05-03 14:53:00+00:00,2471844,112,53,5,14
2025-05-03 14:54:00+00:00,2471844,109,47,5,14
2025-05-03 14:55:00+00:00,2471844,115,52,5,14
2025-05-03 14:56:00+00:00,2471844,112,55,5,14
2025-05-03 14:57:00+00:00,2471844,114,59,5,14
2025-05-03 14:58:00+00:00,2471844,106,58,5,14
2025-05-03 14:59:00+00:00,2471844,112,65,5,14
2025-05-03 15:00:00+00:00,2471844,111,56,5,15
2025-05-03 15:01:00+00:00,2471844,107,53,5,15
2025-05-03 15:02:00+00:00,2471844,109,53,5,15
2025-05-03 15:03:00+00:00,2471844,112,52,5,15
2025-05-03 15:04:00+00:00,2471844,114,45,5,15
2025-05-03 15:05:00+00:00,2471844,119,50,5,15
2025-05-03 15:06:00+00:00,2471844,112,48,5,15
2025-05-03 15:07:00+00:00,2471844,109,47,5,15
2025-05-03 15:08:00+00:00,2471844,116,41,5,15
2025-05-03 15:09:00+00:00,2471844,113,40,5,15
2025-05-03 15:10:00+00:00,2471844,109,35,5,15
2025-05-03 15:11:00+00:00,2471844,108,32,5,15
2025-05-03 15:12:00+00:00,2471844,111,33,5,15
2025-05-03 15:13:00+00:00,2471844,108,33,5,15
2025-05-03 15:14:00+00:00,2471844,111,36,5,15
2025-05-03 15:15:00+00:00,2471844,111,32,5,15
2025-05-03 15:16:00+00:00,2471844,112,32,5,15
2025-05-03 15:17:00+00:00,2471844,113,29,5,15
2025-05-03 15:18:00+00:00,2471844,112,37,5,15
2025-05-03 15:19:00+00:00,2471844,112,39,5,15
2025-05-03 15:20:00+00:00,2471844,113,38,5,15
2025-05-03 15:21:00+00:00,2471844,104,41,5,15
2025-05-03 15:22:00+00:00,2471844,111,52,5,15
2025-05-03 15:23:00+00:00,2471844,107,45,5,15
2025-05-03 15:24:00+00:00,2471844,113,48,5,15
2025-05-03 15:25:00+00:00,2471844,112,52,5,15
2025-05-03 15:26:00+00:00,2471844,106,44,5,15
2025-05-03 15:27:00+00:00,2471844,109,37,5,15
2025-05-03 15:28:00+00:00,2471844,111,44,5,15
2025-05-03 15:29:00+00:00,2471844,112,38,5,15
2025-05-03 15:30:00+00:00,2471844,110,45,5,15
2025-05-03 15:31:00+00:00,2471844,113,50,5,15
2025-05-03 15:32:00+00:00,2471844,108,51,5,15
2025-05-03 15:33:00+00:00,2471844,111,40,5,15
2025-05-03 15:34:00+00:00,2471844,109,44,5,15
2025-05-03 15:35:00+00:00,2471844,110,36,5,15
2025-05-03 15:36:00+00:00,2471844,107,36,5,15
2025-05-03 15:37:00+00:00,2471844,106,35,5,15
2025-05-03 15:38:00+00:00,2471844,100,45,5,15
2025-05-03 15:39:00+00:00,2471844,105,43,5,15
2025-05-03 15:40:00+00:00,2471844,104,47,5,15
2025-05-03 15:41:00+00:00,2471844,114,46,5,15
2025-05-03 15:42:00+00:00,2471844,108,48,5,15
2025-05-03 15:43:00+00:00,2471844,113,47,5,15
2025-05-03 15:44:00+00:00,2471844,114,47,5,15
2025-05-03 15:45:00+00:00,2471844,111,46,5,15
2025-05-03 15:46:00+00:00,2471844,112,47,5,15
2025-05-03 15:47:00+00:00,2471844,108,42,5,15
2025-05-03 15:48:00+00:00,2471844,106,42,5,15
2025-05-03 15:49:00+00:00,2471844,114,47,5,15
2025-05-03 15:50:00+00:00,2471844,108,56,5,15
2025-05-03 15:51:00+00:00,2471844,109,59,5,15
2025-05-03 15:52:00+00:00,2471844,108,61,5,15
2025-05-03 15:53:00+00:00,2471844,107,71,5,15
2025-05-03 15:54:00+00:00,2471844,111,67,5,15
2025-05-03 15:55:00+00:00,2471844,111,57,5,15
2025-05-03 15:56:00+00:00,2471844,108,49,5,15
2025-05-03 15:57:00+00:00,2471844,104,43,5,15
2025-05-03 15:58:00+00:00,2471844,108,43,5,15
2025-05-03 15:59:00+00:00,2471844,107,43,5,15
2025-05-03 16:00:00+00:00,2471844,116,48,5,16
2025-05-03 16:01:00+00:00,2471844,107,55,5,16
2025-05-03 16:02:00+00:00,2471844,111,54,5,16
2025-05-03 16:03:00+00:00,2471844,109,48,5,16
2025-05-03 16:04:00+00:00,2471844,107,43,5,16
2025-05-03 16:05:00+00:00,2471844,109,43,5,16
2025-05-03 16:06:00+00:00,2471844,113,40,5,16
2025-05-03 16:07:00+00:00,2471844,120,35,5,16
2025-05-03 16:08:00+00:00,2471844,115,34,5,16
2025-05-03 16:09:00+00:00,2471844,114,33,5,16
2025-05-03 16:10:00+00:00,2471844,120,37,5,16
2025-05-03 16:11:00+00:00,2471844,107,43,5,16
2025-05-03 16:12:00+00:00,2471844,113,49,5,16
2025-05-03 16:13:00+00:00,2471844,111,50,5,16
2025-05-03 16:14:00+00:00,2471844,116,51,5,16
2025-05-03 16:15:00+00:00,2471844,115,52,5,16
2025-05-03 16:16:00+00:00,2471844,119,47,5,16
2025-05-03 16:17:00+00:00,2471844,114,41,5,16
2025-05-03 16:18:00+00:00,2471844,113,43,5,16
2025-05-03 16:19:00+00:00,2471844,109,35,5,16
2025-05-03 16:20:00+00:00,2471844,114,37,5,16
2025-05-03 16:21:00+00:00,2471844,110,33,5,16
2025-05-03 16:22:00+00:00,2471844,112,35,5,16
2025-05-03 16:23:00+00:00,2471844,116,42,5,16
2025-05-03 16:24:00+00:00,2471844,116,45,5,16
2025-05-03 16:25:00+00:00,2471844,107,42,5,16
2025-05-03 16:26:00+00:00,2471844,109,44,5,16
2025-05-03 16:27:00+00:00,2471844,110,48,5,16
2025-05-03 16:28:00+00:00,2471844,118,47,5,16
2025-05-03 16:29:00+00:00,2471844,120,49,5,16
2025-05-03 16:30:00+00:00,2471844,119,44,5,16
2025-05-03 16:31:00+00:00,2471844,110,45,5,16
2025-05-03 16:32:00+00:00,2471844,108,38,5,16
2025-05-03 16:33:00+00:00,2471844,112,28,5,16
2025-05-03 16:34:00+00:00,2471844,107,32,5,16
2025-05-03 16:35:00+00:00,2471844,105,34,5,16
2025-05-03 16:36:00+00:00,2471844,110,30,5,16
2025-05-03 16:37:00+00:00,2471844,114,35,5,16
2025-05-03 16:38:00+00:00,2471844,109,39,5,16
2025-05-03 16:39:00+00:00,2471844,109,38,5,16
2025-05-03 16:40:00+00:00,2471844,107,31,5,16
2025-05-03 16:41:00+00:00,2471844,115,34,5,16
2025-05-03 16:42:00+00:00,2471844,118,33,5,16
2025-05-03 16:43:00+00:00,2471844,120,29,5,16
2025-05-03 16:44:00+00:00,2471844,120,31,5,16
2025-05-03 16:45:00+00:00,2471844,116,29,5,16
2025-05-03 16:46:00+00:00,2471844,112,26,5,16
2025-05-03 16:47:00+00:00,2471844,101,24,5,16
2025-05-03 16:48:00+00:00,2471844,114,33,5,16
2025-05-03 16:49:00+00:00,2471844,109,33,5,16
2025-05-03 16:50:00+00:00,2471844,112,34,5,16
2025-05-03 16:51:00+00:00,2471844,107,39,5,16
2025-05-03 16:52:00+00:00,2471844,106,42,5,16
2025-05-03 16:53:00+00:00,2471844,111,38,5,16
2025-05-03 16:54:00+00:00,2471844,113,40,5,16
2025-05-03 16:55:00+00:00,2471844,117,46,5,16
2025-05-03 16:56:00+00:00,2471844,115,43,5,16
2025-05-03 16:57:00+00:00,2471844,112,47,5,16
2025-05-03 16:58:00+00:00,2471844,114,47,5,16
2025-05-03 16:59:00+00:00,2471844,115,47,5,16
2025-05-03 17:00:00+00:00,2471844,109,47,5,17
2025-05-03 17:01:00+00:00,2471844,101,40,5,17
2025-05-03 17:02:00+00:00,2471844,114,40,5,17
2025-05-03 17:03:00+00:00,2471844,117,38,5,17
2025-05-03 17:04:00+00:00,2471844,116,36,5,17
2025-05-03 17:05:00+00:00,2471844,111,33,5,17
2025-05-03 17:06:00+00:00,2471844,107,31,5,17
2025-05-03 17:07:00+00:00,2471844,111,33,5,17
2025-05-03 17:08:00+00:00,2471844,112,34,5,17
2025-05-03 17:09:00+00:00,2471844,113,37,5,17
2025-05-03 17:10:00+00:00,2471844,117,36,5,17
2025-05-03 17:11:00+00:00,2471844,114,38,5,17
2025-05-03 17:12:00+00:00,2471844,112,39,5,17
2025-05-03 17:13:00+00:00,2471844,111,41,5,17
2025-05-03 17:14:00+00:00,2471844,111,41,5,17
2025-05-03 17:15:00+00:00,2471844,106,48,5,17
2025-05-03 17:16:00+00:00,2471844,116,50,5,17
2025-05-03 17:17:00+00:00,2471844,120,56,5,17
2025-05-03 17:18:00+00:00,2471844,120,52,5,17
2025-05-03 17:19:00+00:00,2471844,115,51,5,17
2025-05-03 17:20:00+00:00,2471844,106,46,5,17
2025-05-03 17:21:00+00:00,2471844,107,41,5,17
2025-05-03 17:22:00+00:00,2471844,116,36,5,17
2025-05-03 17:23:00+00:00,2471844,117,42,5,17
2025-05-03 17:24:00+00:00,2471844,116,41,5,17
2025-05-03 17:25:00+00:00,2471844,113,47,5,17
2025-05-03 17:26:00+00:00,2471844,114,45,5,17
2025-05-03 17:27:00+00:00,2471844,113,42,5,17
2025-05-03 17:28:00+00:00,2471844,112,40,5,17
2025-05-03 17:29:00+00:00,2471844,117,32,5,17
2025-05-03 17:30:00+00:00,2471844,118,27,5,17
2025-05-03 17:31:00+00:00,2471844,117,28,5,17
2025-05-03 17:32:00+00:00,2471844,112,31,5,17
2025-05-03 17:33:00+00:00,2471844,111,29,5,17
2025-05-03 17:34:00+00:00,2471844,110,31,5,17
2025-05-03 17:35:00+00:00,2471844,110,33,5,17
2025-05-03 17:36:00+00:00,2471844,112,30,5,17
2025-05-03 17:37:00+00:00,2471844,108,23,5,17
2025-05-03 17:38:00+00:00,2471844,110,25,5,17
2025-05-03 17:39:00+00:00,2471844,107,22,5,17
2025-05-03 17:40:00+00:00,2471844,110,19,5,17
2025-05-03 17:41:00+00:00,2471844,109,21,5,17
2025-05-03 17:42:00+00:00,2471844,114,24,5,17
2025-05-03 17:43:00+00:00,2471844,110,21,5,17
2025-05-03 17:44:00+00:00,2471844,106,20,5,17
2025-05-03 17:45:00+00:00,2471844,105,20,5,17
2025-05-03 17:46:00+00:00,2471844,110,22,5,17
2025-05-03 17:47:00+00:00,2471844,115,28,5,17
2025-05-03 17:48:00+00:00,2471844,120,29,5,17
2025-05-03 17:49:00+00:00,2471844,112,35,5,17
2025-05-03 17:50:00+00:00,2471844,114,36,5,17
2025-05-03 17:51:00+00:00,2471844,113,35,5,17
2025-05-03 17:52:00+00:00,2471844,107,28,5,17
2025-05-03 17:53:00+00:00,2471844,114,32,5,17
2025-05-03 17:54:00+00:00,2471844,109,30,5,17
2025-05-03 17:55:00+00:00,2471844,115,28,5,17
2025-05-03 17:56:00+00:00,2471844,116,35,5,17
2025-05-03 17:57:00+00:00,2471844,115,36,5,17
2025-05-03 17:58:00+00:00,2471844,112,37,5,17
2025-05-03 17:59:00+00:00,2471844,112,39,5,17
2025-05-03 18:00:00+00:00,2471844,119,36,5,18
2025-05-03 18:01:00+00:00,2471844,110,37,5,18
2025-05-03 18:02:00+00:00,2471844,114,40,5,18
2025-05-03 18:03:00+00:00,2471844,113,33,5,18
2025-05-03 18:04:00+00:00,2471844,113,28,5,18
2025-05-03 18:05:00+00:00,2471844,113,28,5,18
2025-05-03 18:06:00+00:00,2471844,118,26,5,18
2025-05-03 18:07:00+00:00,2471844,118,22,5,18
2025-05-03 18:08:00+00:00,2471844,113,23,5,18
2025-05-03 18:09:00+00:00,2471844,111,23,5,18
2025-05-03 18:10:00+00:00,2471844,113,25,5,18
2025-05-03 18:11:00+00:00,2471844,112,28,5,18
2025-05-03 18:12:00+00:00,2471844,109,30,5,18
2025-05-03 18:13:00+00:00,2471844,108,25,5,18
2025-05-03 18:14:00+00:00,2471844,111,26,5,18
2025-05-03 18:15:00+00:00,2471844,111,21,5,18
2025-05-03 18:16:00+00:00,2471844,112,28,5,18
2025-05-03 18:17:00+00:00,2471844,109,34,5,18
2025-05-03 18:18:00+00:00,2471844,112,40,5,18
2025-05-03 18:19:00+00:00,2471844,114,44,5,18
2025-05-03 18:20:00+00:00,2471844,114,42,5,18
2025-05-03 18:21:00+00:00,2471844,118,35,5,18
2025-05-03 18:22:00+00:00,2471844,116,27,5,18
2025-05-03 18:23:00+00:00,2471844,114,30,5,18
2025-05-03 18:24:00+00:00,2471844,109,32,5,18
2025-05-03 18:25:00+00:00,2471844,115,37,5,18
2025-05-03 18:26:00+00:00,2471844,115,41,5,18
2025-05-03 18:27:00+00:00,2471844,114,40,5,18
2025-05-03 18:28:00+00:00,2471844,117,35,5,18
2025-05-03 18:29:00+00:00,2471844,119,30,5,18
2025-05-03 18:30:00+00:00,2471844,117,27,5,18
2025-05-03 18:31:00+00:00,2471844,115,20,5,18
2025-05-03 18:32:00+00:00,2471844,108,26,5,18
2025-05-03 18:33:00+00:00,2471844,112,27,5,18
2025-05-03 18:34:00+00:00,2471844,111,29,5,18
2025-05-03 18:35:00+00:00,2471844,110,39,5,18
2025-05-03 18:36:00+00:00,2471844,112,42,5,18
2025-05-03 18:37:00+00:00,2471844,112,46,5,18
2025-05-03 18:38:00+00:00,2471844,117,48,5,18
2025-05-03 18:39:00+00:00,2471844,114,40,5,18
2025-05-03 18:40:00+00:00,2471844,111,40,5,18
2025-05-03 18:41:00+00:00,2471844,115,39,5,18
2025-05-03 18:42:00+00:00,2471844,118,33,5,18
2025-05-03 18:43:00+00:00,2471844,112,30,5,18
2025-05-03 18:44:00+00:00,2471844,110,37,5,18
2025-05-03 18:45:00+00:00,2471844,115,29,5,18
2025-05-03 18:46:00+00:00,2471844,112,27,5,18
2025-05-03 18:47:00+00:00,2471844,114,27,5,18
2025-05-03 18:48:00+00:00,2471844,115,22,5,18
2025-05-03 18:49:00+00:00,2471844,116,17,5,18
2025-05-03 18:50:00+00:00,2471844,109,23,5,18
2025-05-03 18:51:00+00:00,2471844,108,29,5,18
2025-05-03 18:52:00+00:00,2471844,107,29,5,18
2025-05-03 18:53:00+00:00,2471844,109,34,5,18
2025-05-03 18:54:00+00:00,2471844,115,31,5,18
2025-05-03 18:55:00+00:00,2471844,113,26,5,18
2025-05-03 18:56:00+00:00,2471844,108,25,5,18
2025-05-03 18:57:00+00:00,2471844,106,26,5,18
2025-05-03 18:58:00+00:00,2471844,106,20,5,18
2025-05-03 18:59:00+00:00,2471844,111,21,5,18
2025-05-03 19:00:00+00:00,2471844,104,21,5,19
2025-05-03 19:01:00+00:00,2471844,108,19,5,19
2025-05-03 19:02:00+00:00,2471844,109,17,5,19
2025-05-03 19:03:00+00:00,2471844,112,24,5,19
2025-05-03 19:04:00+00:00,2471844,109,24,5,19
2025-05-03 19:05:00+00:00,2471844,113,26,5,19
2025-05-03 19:06:00+00:00,2471844,112,29,5,19
2025-05-03 19:07:00+00:00,2471844,118,27,5,19
2025-05-03 19:08:00+00:00,2471844,114,25,5,19
2025-05-03 19:09:00+00:00,2471844,110,25,5,19
2025-05-03 19:10:00+00:00,2471844,110,18,5,19
2025-05-03 19:11:00+00:00,2471844,109,19,5,19
2025-05-03 19:12:00+00:00,2471844,110,25,5,19
2025-05-03 19:13:00+00:00,2471844,112,22,5,19
2025-05-03 19:14:00+00:00,2471844,113,31,5,19
2025-05-03 19:15:00+00:00,2471844,114,38,5,19
2025-05-03 19:16:00+00:00,2471844,112,34,5,19
2025-05-03 19:17:00+00:00,2471844,110,34,5,19
2025-05-03 19:18:00+00:00,2471844,111,37,5,19
2025-05-03 19:19:00+00:00,2471844,111,31,5,19
2025-05-03 19:20:00+00:00,2471844,113,28,5,19
2025-05-03 19:21:00+00:00,2471844,109,29,5,19
2025-05-03 19:22:00+00:00,2471844,112,26,5,19
2025-05-03 19:23:00+00:00,2471844,115,21,5,19
2025-05-03 19:24:00+00:00,2471844,112,23,5,19
2025-05-03 19:25:00+00:00,2471844,112,23,5,19
2025-05-03 19:26:00+00:00,2471844,112,20,5,19
2025-05-03 19:27:00+00:00,2471844,113,28,5,19
2025-05-03 19:28:00+00:00,2471844,109,30,5,19
2025-05-03 19:29:00+00:00,2471844,109,31,5,19
2025-05-03 19:30:00+00:00,2471844,108,31,5,19
2025-05-03 19:31:00+00:00,2471844,109,31,5,19
2025-05-03 19:32:00+00:00,2471844,112,25,5,19
2025-05-03 19:33:00+00:00,2471844,108,22,5,19
2025-05-03 19:34:00+00:00,2471844,114,20,5,19
2025-05-03 19:35:00+00:00,2471844,116,21,5,19
2025-05-03 19:36:00+00:00,2471844,116,23,5,19
2025-05-03 19:37:00+00:00,2471844,117,23,5,19
2025-05-03 19:38:00+00:00,2471844,118,22,5,19
2025-05-03 19:39:00+00:00,2471844,113,25,5,19
2025-05-03 19:40:00+00:00,2471844,114,22,5,19
2025-05-03 19:41:00+00:00,2471844,116,15,5,19
2025-05-03 19:42:00+00:00,2471844,111,21,5,19
2025-05-03 19:43:00+00:00,2471844,108,21,5,19
2025-05-03 19:44:00+00:00,2471844,111,21,5,19
2025-05-03 19:45:00+00:00,2471844,105,29,5,19
2025-05-03 19:46:00+00:00,2471844,108,35,5,19
2025-05-03 19:47:00+00:00,2471844,108,29,5,19
2025-05-03 19:48:00+00:00,2471844,109,31,5,19
2025-05-03 19:49:00+00:00,2471844,108,28,5,19
2025-05-03 19:50:00+00:00,2471844,110,24,5,19
2025-05-03 19:51:00+00:00,2471844,110,23,5,19
2025-05-03 19:52:00+00:00,2471844,103,25,5,19
2025-05-03 19:53:00+00:00,2471844,105,26,5,19
2025-05-03 19:54:00+00:00,2471844,108,33,5,19
2025-05-03 19:55:00+00:00,2471844,111,28,5,19
2025-05-03 19:56:00+00:00,2471844,111,24,5,19
2025-05-03 19:57:00+00:00,2471844,106,28,5,19
2025-05-03 19:58:00+00:00,2471844,106,19,5,19
2025-05-03 19:59:00+00:00,2471844,107,16,5,19
2025-05-03 20:00:00+00:00,2471844,109,19,5,20
2025-05-03 20:01:00+00:00,2471844,112,19,5,20
2025-05-03 20:02:00+00:00,2471844,116,22,5,20
2025-05-03 20:03:00+00:00,2471844,114,26,5,20
2025-05-03 20:04:00+00:00,2471844,115,26,5,20
2025-05-03 20:05:00+00:00,2471844,111,24,5,20
2025-05-03 20:06:00+00:00,2471844,113,22,5,20
2025-05-03 20:07:00+00:00,2471844,109,17,5,20
2025-05-03 20:08:00+00:00,2471844,111,18,5,20
2025-05-03 20:09:00+00:00,2471844,110,18,5,20
2025-05-03 20:10:00+00:00,2471844,105,20,5,20
2025-05-03 20:11:00+00:00,2471844,105,21,5,20
2025-05-03 20:12:00+00:00,2471844,106,24,5,20
2025-05-03 20:13:00+00:00,2471844,108,21,5,20
2025-05-03 20:14:00+00:00,2471844,109,23,5,20
2025-05-03 20:15:00+00:00,2471844,111,21,5,20
2025-05-03 20:16:00+00:00,2471844,107,25,5,20
2025-05-03 20:17:00+00:00,2471844,109,25,5,20
2025-05-03 20:18:00+00:00,2471844,111,29,5,20
2025-05-03 20:19:00+00:00,2471844,108,29,5,20
2025-05-03 20:20:00+00:00,2471844,106,28,5,20
2025-05-03 20:21:00+00:00,2471844,106,18,5,20
2025-05-03 20:22:00+00:00,2471844,104,16,5,20
2025-05-03 20:23:00+00:00,2471844,113,16,5,20
2025-05-03 20:24:00+00:00,2471844,111,20,5,20
2025-05-03 20:25:00+00:00,2471844,113,19,5,20
2025-05-03 20:26:00+00:00,2471844,111,18,5,20
2025-05-03 20:27:00+00:00,2471844,111,18,5,20
2025-05-03 20:28:00+00:00,2471844,118,18,5,20
2025-05-03 20:29:00+00:00,2471844,117,16,5,20
2025-05-03 20:30:00+00:00,2471844,108,22,5,20
2025-05-03 20:31:00+00:00,2471844,110,29,5,20
2025-05-03 20:32:00+00:00,2471844,113,33,5,20
2025-05-03 20:33:00+00:00,2471844,117,29,5,20
2025-05-03 20:34:00+00:00,2471844,110,36,5,20
2025-05-03 20:35:00+00:00,2471844,109,32,5,20
2025-05-03 20:36:00+00:00,2471844,107,26,5,20
2025-05-03 20:37:00+00:00,2471844,110,25,5,20
2025-05-03 20:38:00+00:00,2471844,108,28,5,20
2025-05-03 20:39:00+00:00,2471844,111,21,5,20
2025-05-03 20:40:00+00:00,2471844,111,24,5,20
2025-05-03 20:41:00+00:00,2471844,110,30,5,20
2025-05-03 20:42:00+00:00,2471844,109,31,5,20
2025-05-03 20:43:00+00:00,2471844,104,26,5,20
2025-05-03 20:44:00+00:00,2471844,111,27,5,20
2025-05-03 20:45:00+00:00,2471844,111,26,5,20
2025-05-03 20:46:00+00:00,2471844,107,29,5,20
2025-05-03 20:47:00+00:00,2471844,107,34,5,20
2025-05-03 20:48:00+00:00,2471844,110,34,5,20
2025-05-03 20:49:00+00:00,2471844,111,36,5,20
2025-05-03 20:50:00+00:00,2471844,113,30,5,20
2025-05-03 20:51:00+00:00,2471844,114,21,5,20
2025-05-03 20:52:00+00:00,2471844,115,18,5,20
2025-05-03 20:53:00+00:00,2471844,117,15,5,20
2025-05-03 20:54:00+00:00,2471844,118,15,5,20
2025-05-03 20:55:00+00:00,2471844,112,20,5,20
2025-05-03 20:56:00+00:00,2471844,113,23,5,20
2025-05-03 20:57:00+00:00,2471844,108,23,5,20
2025-05-03 20:58:00+00:00,2471844,99,22,5,20
2025-05-03 20:59:00+00:00,2471844,115,27,5,20
2025-05-03 21:00:00+00:00,2471844,118,25,5,21
2025-05-03 21:01:00+00:00,2471844,111,24,5,21
2025-05-03 21:02:00+00:00,2471844,110,25,5,21
2025-05-03 21:03:00+00:00,2471844,108,22,5,21
2025-05-03 21:04:00+00:00,2471844,109,21,5,21
2025-05-03 21:05:00+00:00,2471844,110,17,5,21
2025-05-03 21:06:00+00:00,2471844,108,17,5,21
2025-05-03 21:07:00+00:00,2471844,109,20,5,21
2025-05-03 21:08:00+00:00,2471844,112,19,5,21
2025-05-03 21:09:00+00:00,2471844,114,16,5,21
2025-05-03 21:10:00+00:00,2471844,114,14,5,21
2025-05-03 21:11:00+00:00,2471844,110,11,5,21
2025-05-03 21:12:00+00:00,2471844,110,7,5,21
2025-05-03 21:13:00+00:00,2471844,113,8,5,21
2025-05-03 21:14:00+00:00,2471844,112,9,5,21
2025-05-03 21:15:00+00:00,2471844,109,11,5,21
2025-05-03 21:16:00+00:00,2471844,109,12,5,21
2025-05-03 21:17:00+00:00,2471844,109,13,5,21
2025-05-03 21:18:00+00:00,2471844,107,16,5,21
2025-05-03 21:19:00+00:00,2471844,107,21,5,21
2025-05-03 21:20:00+00:00,2471844,111,23,5,21
2025-05-03 21:21:00+00:00,2471844,110,26,5,21
2025-05-03 21:22:00+00:00,2471844,112,26,5,21
2025-05-03 21:23:00+00:00,2471844,111,25,5,21
2025-05-03 21:24:00+00:00,2471844,113,20,5,21
2025-05-03 21:25:00+00:00,2471844,115,25,5,21
2025-05-03 21:26:00+00:00,2471844,113,24,5,21
2025-05-03 21:27:00+00:00,2471844,111,25,5,21
2025-05-03 21:28:00+00:00,2471844,111,21,5,21
2025-05-03 21:29:00+00:00,2471844,108,26,5,21
2025-05-03 21:30:00+00:00,2471844,115,26,5,21
2025-05-03 21:31:00+00:00,2471844,112,27,5,21
2025-05-03 21:32:00+00:00,2471844,111,28,5,21
2025-05-03 21:33:00+00:00,2471844,107,24,5,21
2025-05-03 21:34:00+00:00,2471844,110,20,5,21
2025-05-03 21:35:00+00:00,2471844,112,21,5,21
2025-05-03 21:36:00+00:00,2471844,111,16,5,21
2025-05-03 21:37:00+00:00,2471844,111,20,5,21
