measurement_time,segment,speed_kph,0_5,day_of_week,hour_of_day
2025-05-02 17:48:00+00:00,2332541,105,56,4,17
2025-05-02 17:49:00+00:00,2332541,107,56,4,17
2025-05-02 17:50:00+00:00,2332541,107,48,4,17
2025-05-02 17:51:00+00:00,2332541,106,46,4,17
2025-05-02 17:52:00+00:00,2332541,100,48,4,17
2025-05-02 17:53:00+00:00,2332541,103,46,4,17
2025-05-02 17:54:00+00:00,2332541,108,47,4,17
2025-05-02 17:55:00+00:00,2332541,109,48,4,17
2025-05-02 17:56:00+00:00,2332541,101,54,4,17
2025-05-02 17:57:00+00:00,2332541,106,48,4,17
2025-05-02 17:58:00+00:00,2332541,108,47,4,17
2025-05-02 17:59:00+00:00,2332541,111,47,4,17
2025-05-02 18:00:00+00:00,2332541,109,41,4,18
2025-05-02 18:01:00+00:00,2332541,110,38,4,18
2025-05-02 18:02:00+00:00,2332541,108,43,4,18
2025-05-02 18:03:00+00:00,2332541,111,40,4,18
2025-05-02 18:04:00+00:00,2332541,110,44,4,18
2025-05-02 18:05:00+00:00,2332541,109,54,4,18
2025-05-02 18:06:00+00:00,2332541,109,50,4,18
2025-05-02 18:07:00+00:00,2332541,106,50,4,18
2025-05-02 18:08:00+00:00,2332541,103,49,4,18
2025-05-02 18:09:00+00:00,2332541,106,44,4,18
2025-05-02 18:10:00+00:00,2332541,107,36,4,18
2025-05-02 18:11:00+00:00,2332541,108,41,4,18
2025-05-02 18:12:00+00:00,2332541,102,41,4,18
2025-05-02 18:13:00+00:00,2332541,111,51,4,18
2025-05-02 18:14:00+00:00,2332541,106,55,4,18
2025-05-02 18:15:00+00:00,2332541,109,51,4,18
2025-05-02 18:16:00+00:00,2332541,106,54,4,18
2025-05-02 18:17:00+00:00,2332541,105,48,4,18
2025-05-02 18:18:00+00:00,2332541,107,46,4,18
2025-05-02 18:19:00+00:00,2332541,112,43,4,18
2025-05-02 18:20:00+00:00,2332541,100,48,4,18
2025-05-02 18:21:00+00:00,2332541,104,49,4,18
2025-05-02 18:22:00+00:00,2332541,109,45,4,18
2025-05-02 18:23:00+00:00,2332541,106,44,4,18
2025-05-02 18:24:00+00:00,2332541,103,38,4,18
2025-05-02 18:25:00+00:00,2332541,110,46,4,18
2025-05-02 18:26:00+00:00,2332541,108,46,4,18
2025-05-02 18:27:00+00:00,2332541,106,52,4,18
2025-05-02 18:28:00+00:00,2332541,102,48,4,18
2025-05-02 18:29:00+00:00,2332541,99,43,4,18
2025-05-02 18:30:00+00:00,2332541,102,33,4,18
2025-05-02 18:31:00+00:00,2332541,106,36,4,18
2025-05-02 18:32:00+00:00,2332541,112,35,4,18
2025-05-02 18:33:00+00:00,2332541,109,30,4,18
2025-05-02 18:34:00+00:00,2332541,110,35,4,18
2025-05-02 18:35:00+00:00,2332541,109,39,4,18
2025-05-02 18:36:00+00:00,2332541,107,34,4,18
2025-05-02 18:37:00+00:00,2332541,108,42,4,18
2025-05-02 18:38:00+00:00,2332541,114,44,4,18
2025-05-02 18:39:00+00:00,2332541,106,46,4,18
2025-05-02 18:40:00+00:00,2332541,106,38,4,18
2025-05-02 18:41:00+00:00,2332541,108,37,4,18
2025-05-02 18:42:00+00:00,2332541,108,31,4,18
2025-05-02 18:43:00+00:00,2332541,111,36,4,18
2025-05-02 18:44:00+00:00,2332541,115,34,4,18
2025-05-02 18:45:00+00:00,2332541,116,34,4,18
2025-05-02 18:46:00+00:00,2332541,108,36,4,18
2025-05-02 18:47:00+00:00,2332541,106,36,4,18
2025-05-02 18:48:00+00:00,2332541,114,36,4,18
2025-05-02 18:49:00+00:00,2332541,108,35,4,18
2025-05-02 18:50:00+00:00,2332541,111,40,4,18
2025-05-02 18:51:00+00:00,2332541,111,43,4,18
2025-05-02 18:52:00+00:00,2332541,117,40,4,18
2025-05-02 18:53:00+00:00,2332541,106,42,4,18
2025-05-02 18:54:00+00:00,2332541,103,47,4,18
2025-05-02 18:55:00+00:00,2332541,106,45,4,18
2025-05-02 18:56:00+00:00,2332541,101,40,4,18
2025-05-02 18:57:00+00:00,2332541,104,46,4,18
2025-05-02 18:58:00+00:00,2332541,106,42,4,18
2025-05-02 18:59:00+00:00,2332541,111,34,4,18
2025-05-02 19:00:00+00:00,2332541,107,40,4,19
2025-05-02 19:01:00+00:00,2332541,105,37,4,19
2025-05-02 19:02:00+00:00,2332541,112,35,4,19
2025-05-02 19:03:00+00:00,2332541,106,40,4,19
2025-05-02 19:04:00+00:00,2332541,114,43,4,19
2025-05-02 19:05:00+00:00,2332541,107,41,4,19
2025-05-02 19:06:00+00:00,2332541,107,46,4,19
2025-05-02 19:07:00+00:00,2332541,107,38,4,19
2025-05-02 19:08:00+00:00,2332541,107,38,4,19
2025-05-02 19:09:00+00:00,2332541,111,34,4,19
2025-05-02 19:10:00+00:00,2332541,106,35,4,19
2025-05-02 19:11:00+00:00,2332541,102,31,4,19
2025-05-02 19:12:00+00:00,2332541,105,32,4,19
2025-05-02 19:13:00+00:00,2332541,109,34,4,19
2025-05-02 19:14:00+00:00,2332541,106,43,4,19
2025-05-02 19:15:00+00:00,2332541,109,45,4,19
2025-05-02 19:16:00+00:00,2332541,106,48,4,19
2025-05-02 19:17:00+00:00,2332541,110,47,4,19
2025-05-02 19:18:00+00:00,2332541,107,44,4,19
2025-05-02 19:19:00+00:00,2332541,107,37,4,19
2025-05-02 19:20:00+00:00,2332541,104,43,4,19
2025-05-02 19:21:00+00:00,2332541,103,45,4,19
2025-05-02 19:22:00+00:00,2332541,103,45,4,19
2025-05-02 19:23:00+00:00,2332541,103,50,4,19
2025-05-02 19:24:00+00:00,2332541,108,58,4,19
2025-05-02 19:25:00+00:00,2332541,102,51,4,19
2025-05-02 19:26:00+00:00,2332541,105,51,4,19
2025-05-02 19:27:00+00:00,2332541,102,54,4,19
2025-05-02 19:28:00+00:00,2332541,102,51,4,19
2025-05-02 19:29:00+00:00,2332541,110,48,4,19
2025-05-02 19:30:00+00:00,2332541,97,50,4,19
2025-05-02 19:31:00+00:00,2332541,103,43,4,19
2025-05-02 19:32:00+00:00,2332541,104,46,4,19
2025-05-02 19:33:00+00:00,2332541,96,47,4,19
2025-05-02 19:34:00+00:00,2332541,102,50,4,19
2025-05-02 19:35:00+00:00,2332541,99,56,4,19
2025-05-02 19:36:00+00:00,2332541,100,55,4,19
2025-05-02 19:37:00+00:00,2332541,99,51,4,19
2025-05-02 19:38:00+00:00,2332541,99,53,4,19
2025-05-02 19:39:00+00:00,2332541,95,52,4,19
2025-05-02 19:40:00+00:00,2332541,107,58,4,19
2025-05-02 19:41:00+00:00,2332541,103,58,4,19
2025-05-02 19:42:00+00:00,2332541,102,56,4,19
2025-05-02 19:43:00+00:00,2332541,111,56,4,19
2025-05-02 19:44:00+00:00,2332541,109,48,4,19
2025-05-02 19:45:00+00:00,2332541,104,53,4,19
2025-05-02 19:46:00+00:00,2332541,104,51,4,19
2025-05-02 19:47:00+00:00,2332541,107,44,4,19
2025-05-02 19:48:00+00:00,2332541,107,48,4,19
2025-05-02 19:49:00+00:00,2332541,104,52,4,19
2025-05-02 19:50:00+00:00,2332541,102,40,4,19
2025-05-02 19:51:00+00:00,2332541,103,46,4,19
2025-05-02 19:52:00+00:00,2332541,108,57,4,19
2025-05-02 19:53:00+00:00,2332541,101,56,4,19
2025-05-02 19:54:00+00:00,2332541,100,54,4,19
2025-05-02 19:55:00+00:00,2332541,107,59,4,19
2025-05-02 19:56:00+00:00,2332541,108,59,4,19
2025-05-02 19:57:00+00:00,2332541,104,57,4,19
2025-05-02 19:58:00+00:00,2332541,106,65,4,19
2025-05-02 19:59:00+00:00,2332541,99,68,4,19
2025-05-02 20:00:00+00:00,2332541,105,66,4,20
2025-05-02 20:01:00+00:00,2332541,101,70,4,20
2025-05-02 20:02:00+00:00,2332541,100,71,4,20
2025-05-02 20:03:00+00:00,2332541,100,65,4,20
2025-05-02 20:04:00+00:00,2332541,106,68,4,20
2025-05-02 20:05:00+00:00,2332541,101,73,4,20
2025-05-02 20:06:00+00:00,2332541,108,71,4,20
2025-05-02 20:07:00+00:00,2332541,104,76,4,20
2025-05-02 20:08:00+00:00,2332541,98,78,4,20
2025-05-02 20:09:00+00:00,2332541,97,78,4,20
2025-05-02 20:10:00+00:00,2332541,102,73,4,20
2025-05-02 20:11:00+00:00,2332541,106,64,4,20
2025-05-02 20:12:00+00:00,2332541,104,62,4,20
2025-05-02 20:13:00+00:00,2332541,105,58,4,20
2025-05-02 20:14:00+00:00,2332541,99,55,4,20
2025-05-02 20:15:00+00:00,2332541,102,51,4,20
2025-05-02 20:16:00+00:00,2332541,102,53,4,20
2025-05-02 20:17:00+00:00,2332541,106,48,4,20
2025-05-02 20:18:00+00:00,2332541,106,47,4,20
2025-05-02 20:19:00+00:00,2332541,104,45,4,20
2025-05-02 20:20:00+00:00,2332541,102,47,4,20
2025-05-02 20:21:00+00:00,2332541,103,55,4,20
2025-05-02 20:22:00+00:00,2332541,103,52,4,20
2025-05-02 20:23:00+00:00,2332541,104,53,4,20
2025-05-02 20:24:00+00:00,2332541,95,55,4,20
2025-05-02 20:25:00+00:00,2332541,106,61,4,20
2025-05-02 20:26:00+00:00,2332541,104,67,4,20
2025-05-02 20:27:00+00:00,2332541,109,68,4,20
2025-05-02 20:28:00+00:00,2332541,105,71,4,20
2025-05-02 20:29:00+00:00,2332541,103,70,4,20
2025-05-02 20:30:00+00:00,2332541,107,61,4,20
2025-05-02 20:31:00+00:00,2332541,103,51,4,20
2025-05-02 20:32:00+00:00,2332541,99,52,4,20
2025-05-02 20:33:00+00:00,2332541,98,46,4,20
2025-05-02 20:34:00+00:00,2332541,100,53,4,20
2025-05-02 20:35:00+00:00,2332541,104,56,4,20
2025-05-02 20:36:00+00:00,2332541,98,55,4,20
2025-05-02 20:37:00+00:00,2332541,100,57,4,20
2025-05-02 20:38:00+00:00,2332541,102,59,4,20
2025-05-02 20:39:00+00:00,2332541,104,53,4,20
2025-05-02 20:40:00+00:00,2332541,101,54,4,20
2025-05-02 20:41:00+00:00,2332541,107,53,4,20
2025-05-02 20:42:00+00:00,2332541,106,55,4,20
2025-05-02 20:43:00+00:00,2332541,98,50,4,20
2025-05-02 20:44:00+00:00,2332541,100,57,4,20
2025-05-02 20:45:00+00:00,2332541,102,57,4,20
2025-05-02 20:46:00+00:00,2332541,106,53,4,20
2025-05-02 20:47:00+00:00,2332541,96,55,4,20
2025-05-02 20:48:00+00:00,2332541,99,56,4,20
2025-05-02 20:49:00+00:00,2332541,102,47,4,20
2025-05-02 20:50:00+00:00,2332541,101,37,4,20
2025-05-02 20:51:00+00:00,2332541,106,38,4,20
2025-05-02 20:52:00+00:00,2332541,103,41,4,20
2025-05-02 20:53:00+00:00,2332541,103,40,4,20
2025-05-02 20:54:00+00:00,2332541,101,50,4,20
2025-05-02 20:55:00+00:00,2332541,105,57,4,20
2025-05-02 20:56:00+00:00,2332541,107,58,4,20
2025-05-02 20:57:00+00:00,2332541,102,54,4,20
2025-05-02 20:58:00+00:00,2332541,107,45,4,20
2025-05-02 20:59:00+00:00,2332541,100,44,4,20
2025-05-02 21:00:00+00:00,2332541,100,40,4,21
2025-05-02 21:01:00+00:00,2332541,100,41,4,21
2025-05-02 21:02:00+00:00,2332541,100,42,4,21
2025-05-02 21:03:00+00:00,2332541,108,44,4,21
2025-05-02 21:04:00+00:00,2332541,92,40,4,21
2025-05-02 21:05:00+00:00,2332541,95,41,4,21
2025-05-02 21:06:00+00:00,2332541,98,45,4,21
2025-05-02 21:07:00+00:00,2332541,99,42,4,21
2025-05-02 21:08:00+00:00,2332541,105,49,4,21
2025-05-02 21:09:00+00:00,2332541,100,45,4,21
2025-05-02 21:10:00+00:00,2332541,103,46,4,21
2025-05-02 21:11:00+00:00,2332541,103,44,4,21
2025-05-02 21:12:00+00:00,2332541,100,41,4,21
2025-05-02 21:13:00+00:00,2332541,97,39,4,21
2025-05-02 21:14:00+00:00,2332541,103,45,4,21
2025-05-02 21:15:00+00:00,2332541,100,44,4,21
2025-05-02 21:16:00+00:00,2332541,99,39,4,21
2025-05-02 21:17:00+00:00,2332541,102,39,4,21
2025-05-02 21:18:00+00:00,2332541,105,40,4,21
2025-05-02 21:19:00+00:00,2332541,104,36,4,21
2025-05-02 21:20:00+00:00,2332541,98,39,4,21
2025-05-02 21:21:00+00:00,2332541,105,43,4,21
2025-05-02 21:22:00+00:00,2332541,109,42,4,21
2025-05-02 21:23:00+00:00,2332541,111,44,4,21
2025-05-02 21:24:00+00:00,2332541,107,48,4,21
2025-05-02 21:25:00+00:00,2332541,108,47,4,21
2025-05-02 21:26:00+00:00,2332541,102,49,4,21
2025-05-02 21:27:00+00:00,2332541,111,51,4,21
2025-05-02 21:28:00+00:00,2332541,102,51,4,21
2025-05-02 21:29:00+00:00,2332541,99,48,4,21
2025-05-02 21:30:00+00:00,2332541,100,47,4,21
2025-05-02 21:31:00+00:00,2332541,107,46,4,21
2025-05-02 21:32:00+00:00,2332541,112,47,4,21
2025-05-02 21:33:00+00:00,2332541,114,45,4,21
2025-05-02 21:34:00+00:00,2332541,104,52,4,21
2025-05-02 21:35:00+00:00,2332541,102,45,4,21
2025-05-02 21:36:00+00:00,2332541,104,49,4,21
2025-05-02 21:37:00+00:00,2332541,108,41,4,21
2025-05-02 21:38:00+00:00,2332541,107,42,4,21
2025-05-02 21:39:00+00:00,2332541,103,41,4,21
2025-05-02 21:40:00+00:00,2332541,103,45,4,21
2025-05-02 21:41:00+00:00,2332541,101,47,4,21
2025-05-02 21:42:00+00:00,2332541,106,50,4,21
2025-05-02 21:43:00+00:00,2332541,107,57,4,21
2025-05-02 21:44:00+00:00,2332541,110,53,4,21
2025-05-02 21:45:00+00:00,2332541,108,49,4,21
2025-05-02 21:46:00+00:00,2332541,105,43,4,21
2025-05-02 21:47:00+00:00,2332541,103,40,4,21
2025-05-02 21:48:00+00:00,2332541,110,38,4,21
2025-05-02 21:49:00+00:00,2332541,105,36,4,21
2025-05-02 21:50:00+00:00,2332541,98,45,4,21
2025-05-02 21:51:00+00:00,2332541,102,47,4,21
2025-05-02 21:52:00+00:00,2332541,97,38,4,21
2025-05-02 21:53:00+00:00,2332541,97,40,4,21
2025-05-02 21:54:00+00:00,2332541,99,38,4,21
2025-05-02 21:55:00+00:00,2332541,105,34,4,21
2025-05-02 21:56:00+00:00,2332541,105,31,4,21
2025-05-02 21:57:00+00:00,2332541,106,33,4,21
2025-05-02 21:58:00+00:00,2332541,102,33,4,21
2025-05-02 21:59:00+00:00,2332541,98,36,4,21
2025-05-02 22:00:00+00:00,2332541,104,36,4,22
2025-05-02 22:01:00+00:00,2332541,101,40,4,22
2025-05-02 22:02:00+00:00,2332541,101,34,4,22
2025-05-02 22:03:00+00:00,2332541,104,31,4,22
2025-05-02 22:04:00+00:00,2332541,104,24,4,22
2025-05-02 22:05:00+00:00,2332541,105,27,4,22
2025-05-02 22:06:00+00:00,2332541,103,23,4,22
2025-05-02 22:07:00+00:00,2332541,101,26,4,22
2025-05-02 22:08:00+00:00,2332541,101,32,4,22
2025-05-02 22:09:00+00:00,2332541,102,25,4,22
2025-05-02 22:10:00+00:00,2332541,100,25,4,22
2025-05-02 22:11:00+00:00,2332541,100,26,4,22
2025-05-02 22:12:00+00:00,2332541,100,24,4,22
2025-05-02 22:13:00+00:00,2332541,111,22,4,22
2025-05-02 22:14:00+00:00,2332541,110,25,4,22
2025-05-02 22:15:00+00:00,2332541,111,21,4,22
2025-05-02 22:16:00+00:00,2332541,109,17,4,22
2025-05-02 22:17:00+00:00,2332541,106,19,4,22
2025-05-02 22:18:00+00:00,2332541,111,17,4,22
2025-05-02 22:19:00+00:00,2332541,111,16,4,22
2025-05-02 22:20:00+00:00,2332541,117,22,4,22
2025-05-02 22:21:00+00:00,2332541,117,20,4,22
2025-05-02 22:22:00+00:00,2332541,115,16,4,22
2025-05-02 22:23:00+00:00,2332541,112,19,4,22
2025-05-02 22:24:00+00:00,2332541,106,18,4,22
2025-05-02 22:25:00+00:00,2332541,108,18,4,22
2025-05-02 22:26:00+00:00,2332541,102,26,4,22
2025-05-02 22:27:00+00:00,2332541,97,29,4,22
2025-05-02 22:28:00+00:00,2332541,98,27,4,22
2025-05-02 22:29:00+00:00,2332541,102,26,4,22
2025-05-02 22:30:00+00:00,2332541,104,25,4,22
2025-05-02 22:31:00+00:00,2332541,104,24,4,22
2025-05-02 22:32:00+00:00,2332541,99,29,4,22
2025-05-02 22:33:00+00:00,2332541,109,35,4,22
2025-05-02 22:34:00+00:00,2332541,107,35,4,22
2025-05-02 22:35:00+00:00,2332541,108,34,4,22
2025-05-02 22:36:00+00:00,2332541,106,33,4,22
2025-05-02 22:37:00+00:00,2332541,102,28,4,22
2025-05-02 22:38:00+00:00,2332541,103,24,4,22
2025-05-02 22:39:00+00:00,2332541,103,27,4,22
2025-05-02 22:40:00+00:00,2332541,105,23,4,22
2025-05-02 22:41:00+00:00,2332541,107,23,4,22
2025-05-02 22:42:00+00:00,2332541,109,23,4,22
2025-05-02 22:43:00+00:00,2332541,104,28,4,22
2025-05-02 22:44:00+00:00,2332541,106,24,4,22
2025-05-02 22:45:00+00:00,2332541,98,27,4,22
2025-05-02 22:46:00+00:00,2332541,99,29,4,22
2025-05-02 22:47:00+00:00,2332541,110,28,4,22
2025-05-02 22:48:00+00:00,2332541,107,30,4,22
2025-05-02 22:49:00+00:00,2332541,105,29,4,22
2025-05-02 22:50:00+00:00,2332541,100,28,4,22
2025-05-02 22:51:00+00:00,2332541,98,28,4,22
2025-05-02 22:52:00+00:00,2332541,99,23,4,22
2025-05-02 22:53:00+00:00,2332541,99,20,4,22
2025-05-02 22:54:00+00:00,2332541,103,20,4,22
2025-05-02 22:55:00+00:00,2332541,104,20,4,22
2025-05-02 22:56:00+00:00,2332541,107,22,4,22
2025-05-02 22:57:00+00:00,2332541,107,26,4,22
2025-05-02 22:58:00+00:00,2332541,105,25,4,22
2025-05-02 22:59:00+00:00,2332541,110,24,4,22
2025-05-02 23:00:00+00:00,2332541,110,21,4,23
2025-05-02 23:01:00+00:00,2332541,106,18,4,23
2025-05-02 23:02:00+00:00,2332541,108,16,4,23
2025-05-02 23:03:00+00:00,2332541,108,13,4,23
2025-05-02 23:04:00+00:00,2332541,109,12,4,23
2025-05-02 23:05:00+00:00,2332541,109,16,4,23
2025-05-02 23:06:00+00:00,2332541,106,16,4,23
2025-05-02 23:07:00+00:00,2332541,106,20,4,23
2025-05-02 23:08:00+00:00,2332541,107,24,4,23
2025-05-02 23:09:00+00:00,2332541,110,22,4,23
2025-05-02 23:10:00+00:00,2332541,105,22,4,23
2025-05-02 23:11:00+00:00,2332541,102,23,4,23
2025-05-02 23:12:00+00:00,2332541,101,19,4,23
2025-05-02 23:13:00+00:00,2332541,104,19,4,23
2025-05-02 23:14:00+00:00,2332541,105,21,4,23
2025-05-02 23:15:00+00:00,2332541,103,20,4,23
2025-05-02 23:16:00+00:00,2332541,100,24,4,23
2025-05-02 23:17:00+00:00,2332541,105,26,4,23
2025-05-02 23:18:00+00:00,2332541,105,28,4,23
2025-05-02 23:19:00+00:00,2332541,110,28,4,23
2025-05-02 23:20:00+00:00,2332541,101,30,4,23
2025-05-02 23:21:00+00:00,2332541,106,24,4,23
2025-05-02 23:22:00+00:00,2332541,106,26,4,23
2025-05-02 23:23:00+00:00,2332541,106,20,4,23
2025-05-02 23:24:00+00:00,2332541,109,20,4,23
2025-05-02 23:25:00+00:00,2332541,104,18,4,23
2025-05-02 23:26:00+00:00,2332541,99,19,4,23
2025-05-02 23:27:00+00:00,2332541,101,15,4,23
2025-05-02 23:28:00+00:00,2332541,104,16,4,23
2025-05-02 23:29:00+00:00,2332541,102,15,4,23
2025-05-02 23:30:00+00:00,2332541,96,15,4,23
2025-05-02 23:31:00+00:00,2332541,101,17,4,23
2025-05-02 23:32:00+00:00,2332541,104,15,4,23
2025-05-02 23:33:00+00:00,2332541,105,17,4,23
2025-05-02 23:34:00+00:00,2332541,105,21,4,23
2025-05-02 23:35:00+00:00,2332541,104,23,4,23
2025-05-02 23:36:00+00:00,2332541,105,20,4,23
2025-05-02 23:37:00+00:00,2332541,104,19,4,23
2025-05-02 23:38:00+00:00,2332541,102,14,4,23
2025-05-02 23:39:00+00:00,2332541,102,10,4,23
2025-05-02 23:40:00+00:00,2332541,102,8,4,23
2025-05-02 23:41:00+00:00,2332541,105,13,4,23
2025-05-02 23:42:00+00:00,2332541,105,14,4,23
2025-05-02 23:43:00+00:00,2332541,106,13,4,23
2025-05-02 23:44:00+00:00,2332541,106,15,4,23
2025-05-02 23:45:00+00:00,2332541,106,13,4,23
2025-05-02 23:46:00+00:00,2332541,106,7,4,23
2025-05-02 23:47:00+00:00,2332541,104,5,4,23
2025-05-02 23:48:00+00:00,2332541,108,8,4,23
2025-05-02 23:49:00+00:00,2332541,107,6,4,23
2025-05-02 23:50:00+00:00,2332541,100,9,4,23
2025-05-02 23:51:00+00:00,2332541,97,10,4,23
2025-05-02 23:52:00+00:00,2332541,102,12,4,23
2025-05-02 23:53:00+00:00,2332541,105,11,4,23
2025-05-02 23:54:00+00:00,2332541,112,13,4,23
2025-05-02 23:55:00+00:00,2332541,112,10,4,23
2025-05-02 23:56:00+00:00,2332541,112,9,4,23
2025-05-02 23:57:00+00:00,2332541,111,12,4,23
2025-05-02 23:58:00+00:00,2332541,109,11,4,23
2025-05-02 23:59:00+00:00,2332541,101,12,4,23
2025-05-03 00:00:00+00:00,2332541,101,10,5,0
2025-05-03 00:01:00+00:00,2332541,100,11,5,0
2025-05-03 00:02:00+00:00,2332541,103,9,5,0
2025-05-03 00:03:00+00:00,2332541,101,13,5,0
2025-05-03 00:04:00+00:00,2332541,102,13,5,0
2025-05-03 00:05:00+00:00,2332541,102,13,5,0
2025-05-03 00:06:00+00:00,2332541,108,15,5,0
2025-05-03 00:07:00+00:00,2332541,108,12,5,0
2025-05-03 00:08:00+00:00,2332541,110,8,5,0
2025-05-03 00:09:00+00:00,2332541,110,4,5,0
2025-05-03 00:10:00+00:00,2332541,109,8,5,0
2025-05-03 00:11:00+00:00,2332541,112,8,5,0
2025-05-03 00:12:00+00:00,2332541,107,12,5,0
2025-05-03 00:13:00+00:00,2332541,101,15,5,0
2025-05-03 00:14:00+00:00,2332541,101,15,5,0
2025-05-03 00:15:00+00:00,2332541,104,12,5,0
2025-05-03 00:16:00+00:00,2332541,103,12,5,0
2025-05-03 00:17:00+00:00,2332541,105,9,5,0
2025-05-03 00:18:00+00:00,2332541,105,7,5,0
2025-05-03 00:19:00+00:00,2332541,105,6,5,0
2025-05-03 00:20:00+00:00,2332541,105,5,5,0
2025-05-03 00:21:00+00:00,2332541,105,4,5,0
2025-05-03 00:22:00+00:00,2332541,103,5,5,0
2025-05-03 00:23:00+00:00,2332541,91,8,5,0
2025-05-03 00:24:00+00:00,2332541,92,9,5,0
2025-05-03 00:25:00+00:00,2332541,94,10,5,0
2025-05-03 00:26:00+00:00,2332541,101,12,5,0
2025-05-03 00:27:00+00:00,2332541,100,10,5,0
2025-05-03 00:28:00+00:00,2332541,103,7,5,0
2025-05-03 00:29:00+00:00,2332541,101,8,5,0
2025-05-03 00:30:00+00:00,2332541,99,7,5,0
2025-05-03 00:31:00+00:00,2332541,99,11,5,0
2025-05-03 00:32:00+00:00,2332541,98,9,5,0
2025-05-03 00:33:00+00:00,2332541,93,14,5,0
2025-05-03 00:34:00+00:00,2332541,99,17,5,0
2025-05-03 00:35:00+00:00,2332541,99,17,5,0
2025-05-03 00:36:00+00:00,2332541,106,18,5,0
2025-05-03 00:37:00+00:00,2332541,105,17,5,0
2025-05-03 00:38:00+00:00,2332541,100,14,5,0
2025-05-03 00:39:00+00:00,2332541,103,12,5,0
2025-05-03 00:40:00+00:00,2332541,96,13,5,0
2025-05-03 00:41:00+00:00,2332541,97,8,5,0
2025-05-03 00:42:00+00:00,2332541,98,8,5,0
2025-05-03 00:43:00+00:00,2332541,99,8,5,0
2025-05-03 00:44:00+00:00,2332541,104,9,5,0
2025-05-03 00:45:00+00:00,2332541,107,9,5,0
2025-05-03 00:46:00+00:00,2332541,110,10,5,0
2025-05-03 00:47:00+00:00,2332541,109,10,5,0
2025-05-03 00:48:00+00:00,2332541,109,9,5,0
2025-05-03 00:49:00+00:00,2332541,112,7,5,0
2025-05-03 00:50:00+00:00,2332541,113,10,5,0
2025-05-03 00:51:00+00:00,2332541,111,9,5,0
2025-05-03 00:52:00+00:00,2332541,111,9,5,0
2025-05-03 00:53:00+00:00,2332541,111,9,5,0
2025-05-03 00:54:00+00:00,2332541,107,9,5,0
2025-05-03 00:55:00+00:00,2332541,104,7,5,0
2025-05-03 00:56:00+00:00,2332541,103,11,5,0
2025-05-03 00:57:00+00:00,2332541,103,10,5,0
2025-05-03 00:58:00+00:00,2332541,103,14,5,0
2025-05-03 00:59:00+00:00,2332541,103,13,5,0
2025-05-03 01:00:00+00:00,2332541,104,12,5,1
2025-05-03 01:01:00+00:00,2332541,105,10,5,1
2025-05-03 01:02:00+00:00,2332541,105,10,5,1
2025-05-03 01:03:00+00:00,2332541,101,9,5,1
2025-05-03 01:04:00+00:00,2332541,100,9,5,1
2025-05-03 01:05:00+00:00,2332541,100,9,5,1
2025-05-03 01:06:00+00:00,2332541,94,12,5,1
2025-05-03 01:07:00+00:00,2332541,96,11,5,1
2025-05-03 01:08:00+00:00,2332541,106,11,5,1
2025-05-03 01:09:00+00:00,2332541,108,15,5,1
2025-05-03 01:10:00+00:00,2332541,110,15,5,1
2025-05-03 01:11:00+00:00,2332541,106,11,5,1
2025-05-03 01:12:00+00:00,2332541,106,12,5,1
2025-05-03 01:13:00+00:00,2332541,109,12,5,1
2025-05-03 01:14:00+00:00,2332541,110,11,5,1
2025-05-03 01:15:00+00:00,2332541,110,14,5,1
2025-05-03 01:16:00+00:00,2332541,107,15,5,1
2025-05-03 01:17:00+00:00,2332541,109,13,5,1
2025-05-03 01:18:00+00:00,2332541,109,14,5,1
2025-05-03 01:19:00+00:00,2332541,106,13,5,1
2025-05-03 01:20:00+00:00,2332541,107,10,5,1
2025-05-03 01:21:00+00:00,2332541,107,7,5,1
2025-05-03 01:22:00+00:00,2332541,107,7,5,1
2025-05-03 01:23:00+00:00,2332541,106,6,5,1
2025-05-03 01:24:00+00:00,2332541,107,5,5,1
2025-05-03 01:25:00+00:00,2332541,106,4,5,1
2025-05-03 01:26:00+00:00,2332541,110,6,5,1
2025-05-03 01:27:00+00:00,2332541,105,6,5,1
2025-05-03 01:28:00+00:00,2332541,107,7,5,1
2025-05-03 01:29:00+00:00,2332541,110,6,5,1
2025-05-03 01:30:00+00:00,2332541,108,8,5,1
2025-05-03 01:31:00+00:00,2332541,109,9,5,1
2025-05-03 01:32:00+00:00,2332541,113,11,5,1
2025-05-03 01:33:00+00:00,2332541,113,9,5,1
2025-05-03 01:34:00+00:00,2332541,112,9,5,1
2025-05-03 01:35:00+00:00,2332541,108,8,5,1
2025-05-03 01:36:00+00:00,2332541,108,7,5,1
2025-05-03 01:37:00+00:00,2332541,113,9,5,1
2025-05-03 01:38:00+00:00,2332541,112,10,5,1
2025-05-03 01:39:00+00:00,2332541,112,9,5,1
2025-05-03 01:40:00+00:00,2332541,111,9,5,1
2025-05-03 01:41:00+00:00,2332541,109,11,5,1
2025-05-03 01:42:00+00:00,2332541,109,6,5,1
2025-05-03 01:43:00+00:00,2332541,111,6,5,1
2025-05-03 01:44:00+00:00,2332541,105,8,5,1
2025-05-03 01:45:00+00:00,2332541,106,10,5,1
2025-05-03 01:46:00+00:00,2332541,106,7,5,1
2025-05-03 01:47:00+00:00,2332541,106,8,5,1
2025-05-03 01:48:00+00:00,2332541,110,11,5,1
2025-05-03 01:49:00+00:00,2332541,110,15,5,1
2025-05-03 01:50:00+00:00,2332541,104,15,5,1
2025-05-03 01:51:00+00:00,2332541,104,16,5,1
2025-05-03 01:52:00+00:00,2332541,101,13,5,1
2025-05-03 01:53:00+00:00,2332541,101,11,5,1
2025-05-03 01:54:00+00:00,2332541,101,5,5,1
2025-05-03 01:55:00+00:00,2332541,100,5,5,1
2025-05-03 01:56:00+00:00,2332541,100,4,5,1
2025-05-03 01:57:00+00:00,2332541,100,2,5,1
2025-05-03 01:58:00+00:00,2332541,100,2,5,1
2025-05-03 01:59:00+00:00,2332541,100,4,5,1
2025-05-03 02:00:00+00:00,2332541,101,5,5,2
2025-05-03 02:01:00+00:00,2332541,101,5,5,2
2025-05-03 02:02:00+00:00,2332541,100,6,5,2
2025-05-03 02:03:00+00:00,2332541,100,6,5,2
2025-05-03 02:04:00+00:00,2332541,100,5,5,2
2025-05-03 02:05:00+00:00,2332541,100,3,5,2
2025-05-03 02:06:00+00:00,2332541,99,1,5,2
2025-05-03 02:07:00+00:00,2332541,107,3,5,2
2025-05-03 02:08:00+00:00,2332541,104,4,5,2
2025-05-03 02:09:00+00:00,2332541,99,5,5,2
2025-05-03 02:10:00+00:00,2332541,99,5,5,2
2025-05-03 02:11:00+00:00,2332541,100,6,5,2
2025-05-03 02:12:00+00:00,2332541,104,10,5,2
2025-05-03 02:13:00+00:00,2332541,108,11,5,2
2025-05-03 02:14:00+00:00,2332541,109,12,5,2
2025-05-03 02:15:00+00:00,2332541,108,13,5,2
2025-05-03 02:16:00+00:00,2332541,112,14,5,2
2025-05-03 02:17:00+00:00,2332541,110,10,5,2
2025-05-03 02:18:00+00:00,2332541,111,8,5,2
2025-05-03 02:19:00+00:00,2332541,111,7,5,2
2025-05-03 02:20:00+00:00,2332541,107,7,5,2
2025-05-03 02:21:00+00:00,2332541,107,8,5,2
2025-05-03 02:22:00+00:00,2332541,108,7,5,2
2025-05-03 02:23:00+00:00,2332541,107,7,5,2
2025-05-03 02:24:00+00:00,2332541,107,7,5,2
2025-05-03 02:25:00+00:00,2332541,105,7,5,2
2025-05-03 02:26:00+00:00,2332541,103,7,5,2
2025-05-03 02:27:00+00:00,2332541,104,7,5,2
2025-05-03 02:28:00+00:00,2332541,105,8,5,2
2025-05-03 02:29:00+00:00,2332541,111,10,5,2
2025-05-03 02:30:00+00:00,2332541,111,8,5,2
2025-05-03 02:31:00+00:00,2332541,108,4,5,2
2025-05-03 02:32:00+00:00,2332541,108,4,5,2
2025-05-03 02:33:00+00:00,2332541,106,6,5,2
2025-05-03 02:34:00+00:00,2332541,105,9,5,2
2025-05-03 02:35:00+00:00,2332541,103,10,5,2
2025-05-03 02:36:00+00:00,2332541,101,14,5,2
2025-05-03 02:37:00+00:00,2332541,100,20,5,2
2025-05-03 02:38:00+00:00,2332541,100,17,5,2
2025-05-03 02:39:00+00:00,2332541,102,14,5,2
2025-05-03 02:40:00+00:00,2332541,103,14,5,2
2025-05-03 02:41:00+00:00,2332541,107,9,5,2
2025-05-03 02:42:00+00:00,2332541,104,6,5,2
2025-05-03 02:43:00+00:00,2332541,106,7,5,2
2025-05-03 02:44:00+00:00,2332541,105,8,5,2
2025-05-03 02:45:00+00:00,2332541,105,6,5,2
2025-05-03 02:46:00+00:00,2332541,105,5,5,2
2025-05-03 02:47:00+00:00,2332541,107,5,5,2
2025-05-03 02:48:00+00:00,2332541,113,8,5,2
2025-05-03 02:49:00+00:00,2332541,112,8,5,2
2025-05-03 02:50:00+00:00,2332541,109,12,5,2
2025-05-03 02:51:00+00:00,2332541,107,15,5,2
2025-05-03 02:52:00+00:00,2332541,106,16,5,2
2025-05-03 02:53:00+00:00,2332541,105,14,5,2
2025-05-03 02:54:00+00:00,2332541,106,14,5,2
2025-05-03 02:55:00+00:00,2332541,105,14,5,2
2025-05-03 02:56:00+00:00,2332541,108,13,5,2
2025-05-03 02:57:00+00:00,2332541,108,16,5,2
2025-05-03 02:58:00+00:00,2332541,105,20,5,2
2025-05-03 02:59:00+00:00,2332541,108,18,5,2
2025-05-03 03:00:00+00:00,2332541,108,15,5,3
2025-05-03 03:01:00+00:00,2332541,106,14,5,3
2025-05-03 03:02:00+00:00,2332541,102,8,5,3
2025-05-03 03:03:00+00:00,2332541,102,7,5,3
2025-05-03 03:04:00+00:00,2332541,102,14,5,3
2025-05-03 03:05:00+00:00,2332541,103,17,5,3
2025-05-03 03:06:00+00:00,2332541,104,19,5,3
2025-05-03 03:07:00+00:00,2332541,100,22,5,3
2025-05-03 03:08:00+00:00,2332541,106,19,5,3
2025-05-03 03:09:00+00:00,2332541,97,14,5,3
2025-05-03 03:10:00+00:00,2332541,92,13,5,3
2025-05-03 03:11:00+00:00,2332541,101,15,5,3
2025-05-03 03:12:00+00:00,2332541,105,17,5,3
2025-05-03 03:13:00+00:00,2332541,105,19,5,3
2025-05-03 03:14:00+00:00,2332541,105,16,5,3
2025-05-03 03:15:00+00:00,2332541,109,19,5,3
2025-05-03 03:16:00+00:00,2332541,109,14,5,3
2025-05-03 03:17:00+00:00,2332541,107,13,5,3
2025-05-03 03:18:00+00:00,2332541,108,10,5,3
2025-05-03 03:19:00+00:00,2332541,108,9,5,3
2025-05-03 03:20:00+00:00,2332541,107,11,5,3
2025-05-03 03:21:00+00:00,2332541,103,12,5,3
2025-05-03 03:22:00+00:00,2332541,106,14,5,3
2025-05-03 03:23:00+00:00,2332541,105,18,5,3
2025-05-03 03:24:00+00:00,2332541,105,16,5,3
2025-05-03 03:25:00+00:00,2332541,105,13,5,3
2025-05-03 03:26:00+00:00,2332541,109,15,5,3
2025-05-03 03:27:00+00:00,2332541,109,12,5,3
2025-05-03 03:28:00+00:00,2332541,105,12,5,3
2025-05-03 03:29:00+00:00,2332541,104,14,5,3
2025-05-03 03:30:00+00:00,2332541,105,13,5,3
2025-05-03 03:31:00+00:00,2332541,105,9,5,3
2025-05-03 03:32:00+00:00,2332541,106,6,5,3
2025-05-03 03:33:00+00:00,2332541,100,8,5,3
2025-05-03 03:34:00+00:00,2332541,100,7,5,3
2025-05-03 03:35:00+00:00,2332541,102,11,5,3
2025-05-03 03:36:00+00:00,2332541,102,14,5,3
2025-05-03 03:37:00+00:00,2332541,102,16,5,3
2025-05-03 03:38:00+00:00,2332541,107,17,5,3
2025-05-03 03:39:00+00:00,2332541,107,20,5,3
2025-05-03 03:40:00+00:00,2332541,105,17,5,3
2025-05-03 03:41:00+00:00,2332541,104,17,5,3
2025-05-03 03:42:00+00:00,2332541,104,17,5,3
2025-05-03 03:43:00+00:00,2332541,105,17,5,3
2025-05-03 03:44:00+00:00,2332541,108,16,5,3
2025-05-03 03:45:00+00:00,2332541,110,13,5,3
2025-05-03 03:46:00+00:00,2332541,110,13,5,3
2025-05-03 03:47:00+00:00,2332541,110,13,5,3
2025-05-03 03:48:00+00:00,2332541,110,15,5,3
2025-05-03 03:49:00+00:00,2332541,108,16,5,3
2025-05-03 03:50:00+00:00,2332541,107,19,5,3
2025-05-03 03:51:00+00:00,2332541,108,17,5,3
2025-05-03 03:52:00+00:00,2332541,108,19,5,3
2025-05-03 03:53:00+00:00,2332541,106,21,5,3
2025-05-03 03:54:00+00:00,2332541,102,19,5,3
2025-05-03 03:55:00+00:00,2332541,103,19,5,3
2025-05-03 03:56:00+00:00,2332541,107,22,5,3
2025-05-03 03:57:00+00:00,2332541,106,19,5,3
2025-05-03 03:58:00+00:00,2332541,107,15,5,3
2025-05-03 03:59:00+00:00,2332541,108,12,5,3
2025-05-03 04:00:00+00:00,2332541,112,15,5,4
2025-05-03 04:01:00+00:00,2332541,105,16,5,4
2025-05-03 04:02:00+00:00,2332541,112,22,5,4
2025-05-03 04:03:00+00:00,2332541,103,23,5,4
2025-05-03 04:04:00+00:00,2332541,105,21,5,4
2025-05-03 04:05:00+00:00,2332541,105,20,5,4
2025-05-03 04:06:00+00:00,2332541,104,15,5,4
2025-05-03 04:07:00+00:00,2332541,103,10,5,4
2025-05-03 04:08:00+00:00,2332541,101,10,5,4
2025-05-03 04:09:00+00:00,2332541,106,13,5,4
2025-05-03 04:10:00+00:00,2332541,101,16,5,4
2025-05-03 04:11:00+00:00,2332541,105,22,5,4
2025-05-03 04:12:00+00:00,2332541,106,25,5,4
2025-05-03 04:13:00+00:00,2332541,109,28,5,4
2025-05-03 04:14:00+00:00,2332541,110,24,5,4
2025-05-03 04:15:00+00:00,2332541,109,18,5,4
2025-05-03 04:16:00+00:00,2332541,101,16,5,4
2025-05-03 04:17:00+00:00,2332541,100,15,5,4
2025-05-03 04:18:00+00:00,2332541,99,14,5,4
2025-05-03 04:19:00+00:00,2332541,100,20,5,4
2025-05-03 04:20:00+00:00,2332541,106,18,5,4
2025-05-03 04:21:00+00:00,2332541,106,24,5,4
2025-05-03 04:22:00+00:00,2332541,107,26,5,4
2025-05-03 04:23:00+00:00,2332541,105,26,5,4
2025-05-03 04:24:00+00:00,2332541,105,26,5,4
2025-05-03 04:25:00+00:00,2332541,107,26,5,4
2025-05-03 04:26:00+00:00,2332541,108,23,5,4
2025-05-03 04:27:00+00:00,2332541,107,24,5,4
2025-05-03 04:28:00+00:00,2332541,111,20,5,4
2025-05-03 04:29:00+00:00,2332541,108,18,5,4
2025-05-03 04:30:00+00:00,2332541,105,19,5,4
2025-05-03 04:31:00+00:00,2332541,107,24,5,4
2025-05-03 04:32:00+00:00,2332541,103,23,5,4
2025-05-03 04:33:00+00:00,2332541,108,27,5,4
2025-05-03 04:34:00+00:00,2332541,109,30,5,4
2025-05-03 04:35:00+00:00,2332541,103,26,5,4
2025-05-03 04:36:00+00:00,2332541,103,22,5,4
2025-05-03 04:37:00+00:00,2332541,97,24,5,4
2025-05-03 04:38:00+00:00,2332541,107,25,5,4
2025-05-03 04:39:00+00:00,2332541,106,26,5,4
2025-05-03 04:40:00+00:00,2332541,105,32,5,4
2025-05-03 04:41:00+00:00,2332541,109,33,5,4
2025-05-03 04:42:00+00:00,2332541,108,35,5,4
2025-05-03 04:43:00+00:00,2332541,102,37,5,4
2025-05-03 04:44:00+00:00,2332541,100,35,5,4
2025-05-03 04:45:00+00:00,2332541,100,33,5,4
2025-05-03 04:46:00+00:00,2332541,104,32,5,4
2025-05-03 04:47:00+00:00,2332541,105,36,5,4
2025-05-03 04:48:00+00:00,2332541,103,34,5,4
2025-05-03 04:49:00+00:00,2332541,104,40,5,4
2025-05-03 04:50:00+00:00,2332541,106,35,5,4
2025-05-03 04:51:00+00:00,2332541,110,34,5,4
2025-05-03 04:52:00+00:00,2332541,102,31,5,4
2025-05-03 04:53:00+00:00,2332541,105,31,5,4
2025-05-03 04:54:00+00:00,2332541,106,24,5,4
2025-05-03 04:55:00+00:00,2332541,109,29,5,4
2025-05-03 04:56:00+00:00,2332541,116,27,5,4
2025-05-03 04:57:00+00:00,2332541,107,31,5,4
2025-05-03 04:58:00+00:00,2332541,101,34,5,4
2025-05-03 04:59:00+00:00,2332541,100,36,5,4
2025-05-03 05:00:00+00:00,2332541,100,33,5,5
2025-05-03 05:01:00+00:00,2332541,103,29,5,5
2025-05-03 05:02:00+00:00,2332541,103,25,5,5
2025-05-03 05:03:00+00:00,2332541,105,21,5,5
2025-05-03 05:04:00+00:00,2332541,104,20,5,5
2025-05-03 05:05:00+00:00,2332541,102,20,5,5
2025-05-03 05:06:00+00:00,2332541,103,27,5,5
2025-05-03 05:07:00+00:00,2332541,106,27,5,5
2025-05-03 05:08:00+00:00,2332541,106,26,5,5
2025-05-03 05:09:00+00:00,2332541,110,27,5,5
2025-05-03 05:10:00+00:00,2332541,112,31,5,5
2025-05-03 05:11:00+00:00,2332541,110,30,5,5
2025-05-03 05:12:00+00:00,2332541,108,31,5,5
2025-05-03 05:13:00+00:00,2332541,106,38,5,5
2025-05-03 05:14:00+00:00,2332541,104,34,5,5
2025-05-03 05:15:00+00:00,2332541,103,34,5,5
2025-05-03 05:16:00+00:00,2332541,102,40,5,5
2025-05-03 05:17:00+00:00,2332541,105,37,5,5
2025-05-03 05:18:00+00:00,2332541,101,35,5,5
2025-05-03 05:19:00+00:00,2332541,102,34,5,5
2025-05-03 05:20:00+00:00,2332541,107,34,5,5
2025-05-03 05:21:00+00:00,2332541,108,25,5,5
2025-05-03 05:22:00+00:00,2332541,108,24,5,5
2025-05-03 05:23:00+00:00,2332541,98,27,5,5
2025-05-03 05:24:00+00:00,2332541,106,32,5,5
2025-05-03 05:25:00+00:00,2332541,112,32,5,5
2025-05-03 05:26:00+00:00,2332541,108,31,5,5
2025-05-03 05:27:00+00:00,2332541,108,30,5,5
2025-05-03 05:28:00+00:00,2332541,105,23,5,5
2025-05-03 05:29:00+00:00,2332541,103,20,5,5
2025-05-03 05:30:00+00:00,2332541,106,24,5,5
2025-05-03 05:31:00+00:00,2332541,113,31,5,5
2025-05-03 05:32:00+00:00,2332541,110,39,5,5
2025-05-03 05:33:00+00:00,2332541,109,42,5,5
2025-05-03 05:34:00+00:00,2332541,107,39,5,5
2025-05-03 05:35:00+00:00,2332541,112,39,5,5
2025-05-03 05:36:00+00:00,2332541,106,36,5,5
2025-05-03 05:37:00+00:00,2332541,106,35,5,5
2025-05-03 05:38:00+00:00,2332541,107,30,5,5
2025-05-03 05:39:00+00:00,2332541,106,28,5,5
2025-05-03 05:40:00+00:00,2332541,105,21,5,5
2025-05-03 05:41:00+00:00,2332541,104,17,5,5
2025-05-03 05:42:00+00:00,2332541,108,19,5,5
2025-05-03 05:43:00+00:00,2332541,102,27,5,5
2025-05-03 05:44:00+00:00,2332541,100,28,5,5
2025-05-03 05:45:00+00:00,2332541,98,31,5,5
2025-05-03 05:46:00+00:00,2332541,104,36,5,5
2025-05-03 05:47:00+00:00,2332541,105,36,5,5
2025-05-03 05:48:00+00:00,2332541,102,29,5,5
2025-05-03 05:49:00+00:00,2332541,100,29,5,5
2025-05-03 05:50:00+00:00,2332541,98,34,5,5
2025-05-03 05:51:00+00:00,2332541,110,40,5,5
2025-05-03 05:52:00+00:00,2332541,104,37,5,5
2025-05-03 05:53:00+00:00,2332541,104,40,5,5
2025-05-03 05:54:00+00:00,2332541,101,43,5,5
2025-05-03 05:55:00+00:00,2332541,110,42,5,5
2025-05-03 05:56:00+00:00,2332541,106,42,5,5
2025-05-03 05:57:00+00:00,2332541,107,43,5,5
2025-05-03 05:58:00+00:00,2332541,106,40,5,5
2025-05-03 05:59:00+00:00,2332541,98,36,5,5
2025-05-03 06:00:00+00:00,2332541,96,31,5,6
2025-05-03 06:01:00+00:00,2332541,97,26,5,6
2025-05-03 06:02:00+00:00,2332541,100,27,5,6
2025-05-03 06:03:00+00:00,2332541,111,28,5,6
2025-05-03 06:04:00+00:00,2332541,109,26,5,6
2025-05-03 06:05:00+00:00,2332541,100,29,5,6
2025-05-03 06:06:00+00:00,2332541,104,29,5,6
2025-05-03 06:07:00+00:00,2332541,103,31,5,6
2025-05-03 06:08:00+00:00,2332541,106,37,5,6
2025-05-03 06:09:00+00:00,2332541,103,40,5,6
2025-05-03 06:10:00+00:00,2332541,101,35,5,6
2025-05-03 06:11:00+00:00,2332541,102,40,5,6
2025-05-03 06:12:00+00:00,2332541,100,40,5,6
2025-05-03 06:13:00+00:00,2332541,104,44,5,6
2025-05-03 06:14:00+00:00,2332541,102,45,5,6
2025-05-03 06:15:00+00:00,2332541,104,44,5,6
2025-05-03 06:16:00+00:00,2332541,104,44,5,6
2025-05-03 06:17:00+00:00,2332541,109,47,5,6
2025-05-03 06:18:00+00:00,2332541,110,38,5,6
2025-05-03 06:19:00+00:00,2332541,111,30,5,6
2025-05-03 06:20:00+00:00,2332541,104,35,5,6
2025-05-03 06:21:00+00:00,2332541,104,32,5,6
2025-05-03 06:22:00+00:00,2332541,100,35,5,6
2025-05-03 06:23:00+00:00,2332541,108,38,5,6
2025-05-03 06:24:00+00:00,2332541,109,47,5,6
2025-05-03 06:25:00+00:00,2332541,113,43,5,6
2025-05-03 06:26:00+00:00,2332541,113,42,5,6
2025-05-03 06:27:00+00:00,2332541,110,36,5,6
2025-05-03 06:28:00+00:00,2332541,103,36,5,6
2025-05-03 06:29:00+00:00,2332541,104,27,5,6
2025-05-03 06:30:00+00:00,2332541,105,33,5,6
2025-05-03 06:31:00+00:00,2332541,104,35,5,6
2025-05-03 06:32:00+00:00,2332541,107,33,5,6
2025-05-03 06:33:00+00:00,2332541,104,35,5,6
2025-05-03 06:34:00+00:00,2332541,108,43,5,6
2025-05-03 06:35:00+00:00,2332541,102,34,5,6
2025-05-03 06:36:00+00:00,2332541,102,33,5,6
2025-05-03 06:37:00+00:00,2332541,103,36,5,6
2025-05-03 06:38:00+00:00,2332541,103,38,5,6
2025-05-03 06:39:00+00:00,2332541,103,39,5,6
2025-05-03 06:40:00+00:00,2332541,109,43,5,6
2025-05-03 06:41:00+00:00,2332541,105,44,5,6
2025-05-03 06:42:00+00:00,2332541,110,54,5,6
2025-05-03 06:43:00+00:00,2332541,105,52,5,6
2025-05-03 06:44:00+00:00,2332541,106,51,5,6
2025-05-03 06:45:00+00:00,2332541,104,48,5,6
2025-05-03 06:46:00+00:00,2332541,103,49,5,6
2025-05-03 06:47:00+00:00,2332541,102,45,5,6
2025-05-03 06:48:00+00:00,2332541,108,46,5,6
2025-05-03 06:49:00+00:00,2332541,100,46,5,6
2025-05-03 06:50:00+00:00,2332541,101,45,5,6
2025-05-03 06:51:00+00:00,2332541,107,41,5,6
2025-05-03 06:52:00+00:00,2332541,102,40,5,6
2025-05-03 06:53:00+00:00,2332541,108,38,5,6
2025-05-03 06:54:00+00:00,2332541,102,38,5,6
2025-05-03 06:55:00+00:00,2332541,100,42,5,6
2025-05-03 06:56:00+00:00,2332541,100,40,5,6
2025-05-03 06:57:00+00:00,2332541,103,42,5,6
2025-05-03 06:58:00+00:00,2332541,106,46,5,6
2025-05-03 06:59:00+00:00,2332541,101,49,5,6
2025-05-03 07:00:00+00:00,2332541,105,51,5,7
2025-05-03 07:01:00+00:00,2332541,105,47,5,7
2025-05-03 07:02:00+00:00,2332541,106,40,5,7
2025-05-03 07:03:00+00:00,2332541,101,43,5,7
2025-05-03 07:04:00+00:00,2332541,99,38,5,7
2025-05-03 07:05:00+00:00,2332541,101,36,5,7
2025-05-03 07:06:00+00:00,2332541,102,40,5,7
2025-05-03 07:07:00+00:00,2332541,107,45,5,7
2025-05-03 07:08:00+00:00,2332541,102,48,5,7
2025-05-03 07:09:00+00:00,2332541,103,48,5,7
2025-05-03 07:10:00+00:00,2332541,109,48,5,7
2025-05-03 07:11:00+00:00,2332541,106,51,5,7
2025-05-03 07:12:00+00:00,2332541,96,51,5,7
2025-05-03 07:13:00+00:00,2332541,99,54,5,7
2025-05-03 07:14:00+00:00,2332541,96,57,5,7
2025-05-03 07:15:00+00:00,2332541,102,60,5,7
2025-05-03 07:16:00+00:00,2332541,99,63,5,7
2025-05-03 07:17:00+00:00,2332541,100,62,5,7
2025-05-03 07:18:00+00:00,2332541,94,56,5,7
2025-05-03 07:19:00+00:00,2332541,101,55,5,7
2025-05-03 07:20:00+00:00,2332541,97,61,5,7
2025-05-03 07:21:00+00:00,2332541,103,51,5,7
2025-05-03 07:22:00+00:00,2332541,105,49,5,7
2025-05-03 07:23:00+00:00,2332541,100,50,5,7
2025-05-03 07:24:00+00:00,2332541,98,51,5,7
2025-05-03 07:25:00+00:00,2332541,104,48,5,7
2025-05-03 07:26:00+00:00,2332541,101,59,5,7
2025-05-03 07:27:00+00:00,2332541,94,61,5,7
2025-05-03 07:28:00+00:00,2332541,95,57,5,7
2025-05-03 07:29:00+00:00,2332541,96,60,5,7
2025-05-03 07:30:00+00:00,2332541,106,60,5,7
2025-05-03 07:31:00+00:00,2332541,97,55,5,7
2025-05-03 07:32:00+00:00,2332541,98,60,5,7
2025-05-03 07:33:00+00:00,2332541,97,67,5,7
2025-05-03 07:34:00+00:00,2332541,96,65,5,7
2025-05-03 07:35:00+00:00,2332541,101,65,5,7
2025-05-03 07:36:00+00:00,2332541,103,69,5,7
2025-05-03 07:37:00+00:00,2332541,99,63,5,7
2025-05-03 07:38:00+00:00,2332541,102,68,5,7
2025-05-03 07:39:00+00:00,2332541,101,74,5,7
2025-05-03 07:40:00+00:00,2332541,97,68,5,7
2025-05-03 07:41:00+00:00,2332541,100,72,5,7
2025-05-03 07:42:00+00:00,2332541,99,74,5,7
2025-05-03 07:43:00+00:00,2332541,94,69,5,7
2025-05-03 07:44:00+00:00,2332541,100,70,5,7
2025-05-03 07:45:00+00:00,2332541,102,69,5,7
2025-05-03 07:46:00+00:00,2332541,101,69,5,7
2025-05-03 07:47:00+00:00,2332541,94,71,5,7
2025-05-03 07:48:00+00:00,2332541,94,75,5,7
2025-05-03 07:49:00+00:00,2332541,92,75,5,7
2025-05-03 07:50:00+00:00,2332541,102,74,5,7
2025-05-03 07:51:00+00:00,2332541,97,77,5,7
2025-05-03 07:52:00+00:00,2332541,93,75,5,7
2025-05-03 07:53:00+00:00,2332541,101,77,5,7
2025-05-03 07:54:00+00:00,2332541,97,77,5,7
2025-05-03 07:55:00+00:00,2332541,98,72,5,7
2025-05-03 07:56:00+00:00,2332541,98,68,5,7
2025-05-03 07:57:00+00:00,2332541,96,64,5,7
2025-05-03 07:58:00+00:00,2332541,98,55,5,7
2025-05-03 07:59:00+00:00,2332541,95,47,5,7
2025-05-03 08:00:00+00:00,2332541,95,33,5,8
2025-05-03 08:01:00+00:00,2332541,95,22,5,8
2025-05-03 08:02:00+00:00,2332541,88,19,5,8
2025-05-03 08:03:00+00:00,2332541,59,33,5,8
2025-05-03 08:04:00+00:00,2332541,34,44,5,8
2025-05-03 08:05:00+00:00,2332541,22,55,5,8
2025-05-03 08:06:00+00:00,2332541,32,65,5,8
2025-05-03 08:07:00+00:00,2332541,43,67,5,8
2025-05-03 08:08:00+00:00,2332541,40,63,5,8
2025-05-03 08:09:00+00:00,2332541,34,62,5,8
2025-05-03 08:10:00+00:00,2332541,37,67,5,8
2025-05-03 08:11:00+00:00,2332541,44,64,5,8
2025-05-03 08:12:00+00:00,2332541,39,59,5,8
2025-05-03 08:13:00+00:00,2332541,44,57,5,8
2025-05-03 08:14:00+00:00,2332541,40,55,5,8
2025-05-03 08:15:00+00:00,2332541,47,55,5,8
2025-05-03 08:16:00+00:00,2332541,55,59,5,8
2025-05-03 08:17:00+00:00,2332541,45,59,5,8
2025-05-03 08:18:00+00:00,2332541,35,63,5,8
2025-05-03 08:19:00+00:00,2332541,36,69,5,8
2025-05-03 08:20:00+00:00,2332541,30,61,5,8
2025-05-03 08:21:00+00:00,2332541,41,65,5,8
2025-05-03 08:22:00+00:00,2332541,50,64,5,8
2025-05-03 08:23:00+00:00,2332541,57,61,5,8
2025-05-03 08:24:00+00:00,2332541,90,58,5,8
2025-05-03 08:25:00+00:00,2332541,97,64,5,8
2025-05-03 08:26:00+00:00,2332541,98,55,5,8
2025-05-03 08:27:00+00:00,2332541,100,56,5,8
2025-05-03 08:28:00+00:00,2332541,99,60,5,8
2025-05-03 08:29:00+00:00,2332541,105,53,5,8
2025-05-03 08:30:00+00:00,2332541,96,56,5,8
2025-05-03 08:31:00+00:00,2332541,101,60,5,8
2025-05-03 08:32:00+00:00,2332541,103,52,5,8
2025-05-03 08:33:00+00:00,2332541,97,52,5,8
2025-05-03 08:34:00+00:00,2332541,102,52,5,8
2025-05-03 08:35:00+00:00,2332541,97,54,5,8
2025-05-03 08:36:00+00:00,2332541,102,56,5,8
2025-05-03 08:37:00+00:00,2332541,98,54,5,8
2025-05-03 08:38:00+00:00,2332541,102,52,5,8
2025-05-03 08:39:00+00:00,2332541,101,50,5,8
2025-05-03 08:40:00+00:00,2332541,95,48,5,8
2025-05-03 08:41:00+00:00,2332541,94,50,5,8
2025-05-03 08:42:00+00:00,2332541,107,60,5,8
2025-05-03 08:43:00+00:00,2332541,95,58,5,8
2025-05-03 08:44:00+00:00,2332541,103,64,5,8
2025-05-03 08:45:00+00:00,2332541,103,75,5,8
2025-05-03 08:46:00+00:00,2332541,97,76,5,8
2025-05-03 08:47:00+00:00,2332541,104,74,5,8
2025-05-03 08:48:00+00:00,2332541,86,75,5,8
2025-05-03 08:49:00+00:00,2332541,98,84,5,8
2025-05-03 08:50:00+00:00,2332541,95,76,5,8
2025-05-03 08:51:00+00:00,2332541,93,66,5,8
2025-05-03 08:52:00+00:00,2332541,97,64,5,8
2025-05-03 08:53:00+00:00,2332541,100,67,5,8
2025-05-03 08:54:00+00:00,2332541,102,60,5,8
2025-05-03 08:55:00+00:00,2332541,95,64,5,8
2025-05-03 08:56:00+00:00,2332541,101,76,5,8
2025-05-03 08:57:00+00:00,2332541,100,73,5,8
2025-05-03 08:58:00+00:00,2332541,98,68,5,8
2025-05-03 08:59:00+00:00,2332541,94,72,5,8
2025-05-03 09:00:00+00:00,2332541,97,65,5,9
2025-05-03 09:01:00+00:00,2332541,96,65,5,9
2025-05-03 09:02:00+00:00,2332541,99,69,5,9
2025-05-03 09:03:00+00:00,2332541,98,68,5,9
2025-05-03 09:04:00+00:00,2332541,98,67,5,9
2025-05-03 09:05:00+00:00,2332541,100,71,5,9
2025-05-03 09:06:00+00:00,2332541,100,66,5,9
2025-05-03 09:07:00+00:00,2332541,98,65,5,9
2025-05-03 09:08:00+00:00,2332541,99,66,5,9
2025-05-03 09:09:00+00:00,2332541,93,63,5,9
2025-05-03 09:10:00+00:00,2332541,97,59,5,9
2025-05-03 09:11:00+00:00,2332541,94,73,5,9
2025-05-03 09:12:00+00:00,2332541,93,72,5,9
2025-05-03 09:13:00+00:00,2332541,102,69,5,9
2025-05-03 09:14:00+00:00,2332541,98,69,5,9
2025-05-03 09:15:00+00:00,2332541,85,74,5,9
2025-05-03 09:16:00+00:00,2332541,83,68,5,9
2025-05-03 09:17:00+00:00,2332541,77,71,5,9
2025-05-03 09:18:00+00:00,2332541,81,73,5,9
2025-05-03 09:19:00+00:00,2332541,81,76,5,9
2025-05-03 09:20:00+00:00,2332541,64,67,5,9
2025-05-03 09:21:00+00:00,2332541,59,59,5,9
2025-05-03 09:22:00+00:00,2332541,91,58,5,9
2025-05-03 09:23:00+00:00,2332541,95,61,5,9
2025-05-03 09:24:00+00:00,2332541,100,52,5,9
2025-05-03 09:25:00+00:00,2332541,94,56,5,9
2025-05-03 09:26:00+00:00,2332541,87,58,5,9
2025-05-03 09:27:00+00:00,2332541,92,48,5,9
2025-05-03 09:28:00+00:00,2332541,82,46,5,9
2025-05-03 09:29:00+00:00,2332541,87,49,5,9
2025-05-03 09:30:00+00:00,2332541,81,53,5,9
2025-05-03 09:31:00+00:00,2332541,87,55,5,9
2025-05-03 09:32:00+00:00,2332541,91,57,5,9
2025-05-03 09:33:00+00:00,2332541,96,62,5,9
2025-05-03 09:34:00+00:00,2332541,100,57,5,9
2025-05-03 09:35:00+00:00,2332541,96,61,5,9
2025-05-03 09:36:00+00:00,2332541,97,62,5,9
2025-05-03 09:37:00+00:00,2332541,90,66,5,9
2025-05-03 09:38:00+00:00,2332541,95,67,5,9
2025-05-03 09:39:00+00:00,2332541,104,67,5,9
2025-05-03 09:40:00+00:00,2332541,98,64,5,9
2025-05-03 09:41:00+00:00,2332541,92,62,5,9
2025-05-03 09:42:00+00:00,2332541,92,66,5,9
2025-05-03 09:43:00+00:00,2332541,93,62,5,9
2025-05-03 09:44:00+00:00,2332541,92,58,5,9
2025-05-03 09:45:00+00:00,2332541,102,59,5,9
2025-05-03 09:46:00+00:00,2332541,97,65,5,9
2025-05-03 09:47:00+00:00,2332541,84,63,5,9
2025-05-03 09:48:00+00:00,2332541,83,62,5,9
2025-05-03 09:49:00+00:00,2332541,82,69,5,9
2025-05-03 09:50:00+00:00,2332541,95,63,5,9
2025-05-03 09:51:00+00:00,2332541,86,65,5,9
2025-05-03 09:52:00+00:00,2332541,88,54,5,9
2025-05-03 09:53:00+00:00,2332541,85,63,5,9
2025-05-03 09:54:00+00:00,2332541,90,64,5,9
2025-05-03 09:55:00+00:00,2332541,87,67,5,9
2025-05-03 09:56:00+00:00,2332541,77,63,5,9
2025-05-03 09:57:00+00:00,2332541,68,64,5,9
2025-05-03 09:58:00+00:00,2332541,60,55,5,9
2025-05-03 09:59:00+00:00,2332541,97,56,5,9
2025-05-03 10:00:00+00:00,2332541,94,55,5,10
2025-05-03 10:01:00+00:00,2332541,97,55,5,10
2025-05-03 10:02:00+00:00,2332541,103,56,5,10
2025-05-03 10:03:00+00:00,2332541,95,71,5,10
2025-05-03 10:04:00+00:00,2332541,95,70,5,10
2025-05-03 10:05:00+00:00,2332541,98,69,5,10
2025-05-03 10:06:00+00:00,2332541,100,67,5,10
2025-05-03 10:07:00+00:00,2332541,103,61,5,10
2025-05-03 10:08:00+00:00,2332541,101,47,5,10
2025-05-03 10:09:00+00:00,2332541,93,48,5,10
2025-05-03 10:10:00+00:00,2332541,100,53,5,10
2025-05-03 10:11:00+00:00,2332541,97,52,5,10
2025-05-03 10:12:00+00:00,2332541,98,55,5,10
2025-05-03 10:13:00+00:00,2332541,96,56,5,10
2025-05-03 10:14:00+00:00,2332541,98,62,5,10
2025-05-03 10:15:00+00:00,2332541,100,64,5,10
2025-05-03 10:16:00+00:00,2332541,103,63,5,10
2025-05-03 10:17:00+00:00,2332541,95,63,5,10
2025-05-03 10:18:00+00:00,2332541,95,63,5,10
2025-05-03 10:19:00+00:00,2332541,95,60,5,10
2025-05-03 10:20:00+00:00,2332541,98,53,5,10
2025-05-03 10:21:00+00:00,2332541,98,55,5,10
2025-05-03 10:22:00+00:00,2332541,96,62,5,10
2025-05-03 10:23:00+00:00,2332541,95,57,5,10
2025-05-03 10:24:00+00:00,2332541,100,55,5,10
2025-05-03 10:25:00+00:00,2332541,97,57,5,10
2025-05-03 10:26:00+00:00,2332541,97,50,5,10
2025-05-03 10:27:00+00:00,2332541,96,44,5,10
2025-05-03 10:28:00+00:00,2332541,96,48,5,10
2025-05-03 10:29:00+00:00,2332541,101,52,5,10
2025-05-03 10:30:00+00:00,2332541,103,56,5,10
2025-05-03 10:31:00+00:00,2332541,103,63,5,10
2025-05-03 10:32:00+00:00,2332541,100,69,5,10
2025-05-03 10:33:00+00:00,2332541,97,69,5,10
2025-05-03 10:34:00+00:00,2332541,99,71,5,10
2025-05-03 10:35:00+00:00,2332541,100,73,5,10
2025-05-03 10:36:00+00:00,2332541,95,76,5,10
2025-05-03 10:37:00+00:00,2332541,87,82,5,10
2025-05-03 10:38:00+00:00,2332541,92,81,5,10
2025-05-03 10:39:00+00:00,2332541,100,84,5,10
2025-05-03 10:40:00+00:00,2332541,95,85,5,10
2025-05-03 10:41:00+00:00,2332541,99,85,5,10
2025-05-03 10:42:00+00:00,2332541,95,81,5,10
2025-05-03 10:43:00+00:00,2332541,102,78,5,10
2025-05-03 10:44:00+00:00,2332541,102,61,5,10
2025-05-03 10:45:00+00:00,2332541,90,59,5,10
2025-05-03 10:46:00+00:00,2332541,96,56,5,10
2025-05-03 10:47:00+00:00,2332541,101,50,5,10
2025-05-03 10:48:00+00:00,2332541,104,57,5,10
2025-05-03 10:49:00+00:00,2332541,101,60,5,10
2025-05-03 10:50:00+00:00,2332541,98,62,5,10
2025-05-03 10:51:00+00:00,2332541,99,68,5,10
2025-05-03 10:52:00+00:00,2332541,88,66,5,10
2025-05-03 10:53:00+00:00,2332541,98,69,5,10
2025-05-03 10:54:00+00:00,2332541,96,62,5,10
2025-05-03 10:55:00+00:00,2332541,100,55,5,10
2025-05-03 10:56:00+00:00,2332541,96,57,5,10
2025-05-03 10:57:00+00:00,2332541,94,62,5,10
2025-05-03 10:58:00+00:00,2332541,93,55,5,10
2025-05-03 10:59:00+00:00,2332541,95,65,5,10
2025-05-03 11:00:00+00:00,2332541,98,65,5,11
2025-05-03 11:01:00+00:00,2332541,95,63,5,11
2025-05-03 11:02:00+00:00,2332541,97,58,5,11
2025-05-03 11:03:00+00:00,2332541,103,53,5,11
2025-05-03 11:04:00+00:00,2332541,102,44,5,11
2025-05-03 11:05:00+00:00,2332541,96,46,5,11
2025-05-03 11:06:00+00:00,2332541,93,55,5,11
2025-05-03 11:07:00+00:00,2332541,90,58,5,11
2025-05-03 11:08:00+00:00,2332541,93,73,5,11
2025-05-03 11:09:00+00:00,2332541,97,79,5,11
2025-05-03 11:10:00+00:00,2332541,100,77,5,11
2025-05-03 11:11:00+00:00,2332541,88,71,5,11
2025-05-03 11:12:00+00:00,2332541,92,70,5,11
2025-05-03 11:13:00+00:00,2332541,97,61,5,11
2025-05-03 11:14:00+00:00,2332541,95,57,5,11
2025-05-03 11:15:00+00:00,2332541,93,58,5,11
2025-05-03 11:16:00+00:00,2332541,89,59,5,11
2025-05-03 11:17:00+00:00,2332541,93,62,5,11
2025-05-03 11:18:00+00:00,2332541,91,69,5,11
2025-05-03 11:19:00+00:00,2332541,100,72,5,11
2025-05-03 11:20:00+00:00,2332541,89,73,5,11
2025-05-03 11:21:00+00:00,2332541,97,76,5,11
2025-05-03 11:22:00+00:00,2332541,97,76,5,11
2025-05-03 11:23:00+00:00,2332541,95,59,5,11
2025-05-03 11:24:00+00:00,2332541,88,61,5,11
2025-05-03 11:25:00+00:00,2332541,96,61,5,11
2025-05-03 11:26:00+00:00,2332541,97,54,5,11
2025-05-03 11:27:00+00:00,2332541,96,55,5,11
2025-05-03 11:28:00+00:00,2332541,90,67,5,11
2025-05-03 11:29:00+00:00,2332541,84,71,5,11
2025-05-03 11:30:00+00:00,2332541,65,67,5,11
2025-05-03 11:31:00+00:00,2332541,35,63,5,11
2025-05-03 11:32:00+00:00,2332541,24,56,5,11
2025-05-03 11:33:00+00:00,2332541,23,51,5,11
2025-05-03 11:34:00+00:00,2332541,29,47,5,11
2025-05-03 11:35:00+00:00,2332541,38,51,5,11
2025-05-03 11:36:00+00:00,2332541,38,57,5,11
2025-05-03 11:37:00+00:00,2332541,26,58,5,11
2025-05-03 11:38:00+00:00,2332541,22,59,5,11
2025-05-03 11:39:00+00:00,2332541,29,53,5,11
2025-05-03 11:40:00+00:00,2332541,29,55,5,11
2025-05-03 11:41:00+00:00,2332541,25,59,5,11
2025-05-03 11:42:00+00:00,2332541,33,58,5,11
2025-05-03 11:43:00+00:00,2332541,35,68,5,11
2025-05-03 11:44:00+00:00,2332541,37,63,5,11
2025-05-03 11:45:00+00:00,2332541,37,55,5,11
2025-05-03 11:46:00+00:00,2332541,26,53,5,11
2025-05-03 11:47:00+00:00,2332541,30,57,5,11
2025-05-03 11:48:00+00:00,2332541,21,45,5,11
2025-05-03 11:49:00+00:00,2332541,25,43,5,11
2025-05-03 11:50:00+00:00,2332541,32,41,5,11
2025-05-03 11:51:00+00:00,2332541,34,41,5,11
2025-05-03 11:52:00+00:00,2332541,16,42,5,11
2025-05-03 11:53:00+00:00,2332541,18,40,5,11
2025-05-03 11:54:00+00:00,2332541,30,47,5,11
2025-05-03 11:55:00+00:00,2332541,34,55,5,11
2025-05-03 11:56:00+00:00,2332541,25,60,5,11
2025-05-03 11:57:00+00:00,2332541,23,60,5,11
2025-05-03 11:58:00+00:00,2332541,25,61,5,11
2025-05-03 11:59:00+00:00,2332541,25,61,5,11
2025-05-03 12:00:00+00:00,2332541,16,50,5,12
2025-05-03 12:01:00+00:00,2332541,20,48,5,12
2025-05-03 12:02:00+00:00,2332541,20,46,5,12
2025-05-03 12:03:00+00:00,2332541,22,51,5,12
2025-05-03 12:04:00+00:00,2332541,24,45,5,12
2025-05-03 12:05:00+00:00,2332541,24,49,5,12
2025-05-03 12:06:00+00:00,2332541,29,50,5,12
2025-05-03 12:07:00+00:00,2332541,30,46,5,12
2025-05-03 12:08:00+00:00,2332541,26,43,5,12
2025-05-03 12:09:00+00:00,2332541,29,41,5,12
2025-05-03 12:10:00+00:00,2332541,27,38,5,12
2025-05-03 12:11:00+00:00,2332541,20,37,5,12
2025-05-03 12:12:00+00:00,2332541,23,37,5,12
2025-05-03 12:13:00+00:00,2332541,27,39,5,12
2025-05-03 12:14:00+00:00,2332541,22,46,5,12
2025-05-03 12:15:00+00:00,2332541,23,42,5,12
2025-05-03 12:16:00+00:00,2332541,15,42,5,12
2025-05-03 12:17:00+00:00,2332541,22,47,5,12
2025-05-03 12:18:00+00:00,2332541,20,45,5,12
2025-05-03 12:19:00+00:00,2332541,19,44,5,12
2025-05-03 12:20:00+00:00,2332541,21,45,5,12
2025-05-03 12:21:00+00:00,2332541,14,48,5,12
2025-05-03 12:22:00+00:00,2332541,17,39,5,12
2025-05-03 12:23:00+00:00,2332541,19,37,5,12
2025-05-03 12:24:00+00:00,2332541,20,43,5,12
2025-05-03 12:25:00+00:00,2332541,18,41,5,12
2025-05-03 12:26:00+00:00,2332541,22,45,5,12
2025-05-03 12:27:00+00:00,2332541,13,47,5,12
2025-05-03 12:28:00+00:00,2332541,14,45,5,12
2025-05-03 12:29:00+00:00,2332541,17,38,5,12
2025-05-03 12:30:00+00:00,2332541,22,43,5,12
2025-05-03 12:31:00+00:00,2332541,22,36,5,12
2025-05-03 12:32:00+00:00,2332541,19,38,5,12
2025-05-03 12:33:00+00:00,2332541,20,44,5,12
2025-05-03 12:34:00+00:00,2332541,24,47,5,12
2025-05-03 12:35:00+00:00,2332541,23,46,5,12
2025-05-03 12:36:00+00:00,2332541,29,52,5,12
2025-05-03 12:37:00+00:00,2332541,28,54,5,12
2025-05-03 12:38:00+00:00,2332541,25,49,5,12
2025-05-03 12:39:00+00:00,2332541,23,42,5,12
2025-05-03 12:40:00+00:00,2332541,28,47,5,12
2025-05-03 12:41:00+00:00,2332541,20,46,5,12
2025-05-03 12:42:00+00:00,2332541,20,51,5,12
2025-05-03 12:43:00+00:00,2332541,30,62,5,12
2025-05-03 12:44:00+00:00,2332541,21,60,5,12
2025-05-03 12:45:00+00:00,2332541,19,60,5,12
2025-05-03 12:46:00+00:00,2332541,18,50,5,12
2025-05-03 12:47:00+00:00,2332541,24,39,5,12
2025-05-03 12:48:00+00:00,2332541,34,36,5,12
2025-05-03 12:49:00+00:00,2332541,24,44,5,12
2025-05-03 12:50:00+00:00,2332541,24,44,5,12
2025-05-03 12:51:00+00:00,2332541,16,54,5,12
2025-05-03 12:52:00+00:00,2332541,23,60,5,12
2025-05-03 12:53:00+00:00,2332541,17,54,5,12
2025-05-03 12:54:00+00:00,2332541,17,49,5,12
2025-05-03 12:55:00+00:00,2332541,23,49,5,12
2025-05-03 12:56:00+00:00,2332541,19,42,5,12
2025-05-03 12:57:00+00:00,2332541,27,38,5,12
2025-05-03 12:58:00+00:00,2332541,31,44,5,12
2025-05-03 12:59:00+00:00,2332541,27,47,5,12
2025-05-03 13:00:00+00:00,2332541,22,44,5,13
2025-05-03 13:01:00+00:00,2332541,21,45,5,13
2025-05-03 13:02:00+00:00,2332541,33,46,5,13
2025-05-03 13:03:00+00:00,2332541,26,45,5,13
2025-05-03 13:04:00+00:00,2332541,26,42,5,13
2025-05-03 13:05:00+00:00,2332541,11,47,5,13
2025-05-03 13:06:00+00:00,2332541,23,50,5,13
2025-05-03 13:07:00+00:00,2332541,20,44,5,13
2025-05-03 13:08:00+00:00,2332541,28,45,5,13
2025-05-03 13:09:00+00:00,2332541,24,48,5,13
2025-05-03 13:10:00+00:00,2332541,25,45,5,13
2025-05-03 13:11:00+00:00,2332541,29,42,5,13
2025-05-03 13:12:00+00:00,2332541,28,40,5,13
2025-05-03 13:13:00+00:00,2332541,27,38,5,13
2025-05-03 13:14:00+00:00,2332541,31,36,5,13
2025-05-03 13:15:00+00:00,2332541,40,41,5,13
2025-05-03 13:16:00+00:00,2332541,46,53,5,13
2025-05-03 13:17:00+00:00,2332541,47,59,5,13
2025-05-03 13:18:00+00:00,2332541,44,65,5,13
2025-05-03 13:19:00+00:00,2332541,40,68,5,13
2025-05-03 13:20:00+00:00,2332541,47,67,5,13
2025-05-03 13:21:00+00:00,2332541,64,66,5,13
2025-05-03 13:22:00+00:00,2332541,84,74,5,13
2025-05-03 13:23:00+00:00,2332541,99,77,5,13
2025-05-03 13:24:00+00:00,2332541,103,76,5,13
2025-05-03 13:25:00+00:00,2332541,104,78,5,13
2025-05-03 13:26:00+00:00,2332541,100,83,5,13
2025-05-03 13:27:00+00:00,2332541,100,84,5,13
2025-05-03 13:28:00+00:00,2332541,100,80,5,13
2025-05-03 13:29:00+00:00,2332541,101,75,5,13
2025-05-03 13:30:00+00:00,2332541,107,73,5,13
2025-05-03 13:31:00+00:00,2332541,103,61,5,13
2025-05-03 13:32:00+00:00,2332541,99,55,5,13
2025-05-03 13:33:00+00:00,2332541,109,56,5,13
2025-05-03 13:34:00+00:00,2332541,104,58,5,13
2025-05-03 13:35:00+00:00,2332541,107,58,5,13
2025-05-03 13:36:00+00:00,2332541,94,69,5,13
2025-05-03 13:37:00+00:00,2332541,98,67,5,13
2025-05-03 13:38:00+00:00,2332541,99,68,5,13
2025-05-03 13:39:00+00:00,2332541,97,67,5,13
2025-05-03 13:40:00+00:00,2332541,99,66,5,13
2025-05-03 13:41:00+00:00,2332541,100,54,5,13
2025-05-03 13:42:00+00:00,2332541,104,54,5,13
2025-05-03 13:43:00+00:00,2332541,104,61,5,13
2025-05-03 13:44:00+00:00,2332541,99,65,5,13
2025-05-03 13:45:00+00:00,2332541,102,74,5,13
2025-05-03 13:46:00+00:00,2332541,103,77,5,13
2025-05-03 13:47:00+00:00,2332541,96,71,5,13
2025-05-03 13:48:00+00:00,2332541,93,78,5,13
2025-05-03 13:49:00+00:00,2332541,107,70,5,13
2025-05-03 13:50:00+00:00,2332541,97,68,5,13
2025-05-03 13:51:00+00:00,2332541,107,67,5,13
2025-05-03 13:52:00+00:00,2332541,109,63,5,13
2025-05-03 13:53:00+00:00,2332541,101,52,5,13
2025-05-03 13:54:00+00:00,2332541,100,57,5,13
2025-05-03 13:55:00+00:00,2332541,106,49,5,13
2025-05-03 13:56:00+00:00,2332541,102,46,5,13
2025-05-03 13:57:00+00:00,2332541,101,44,5,13
2025-05-03 13:58:00+00:00,2332541,94,52,5,13
2025-05-03 13:59:00+00:00,2332541,103,56,5,13
2025-05-03 14:00:00+00:00,2332541,100,61,5,14
2025-05-03 14:01:00+00:00,2332541,106,64,5,14
2025-05-03 14:02:00+00:00,2332541,102,74,5,14
2025-05-03 14:03:00+00:00,2332541,100,68,5,14
2025-05-03 14:04:00+00:00,2332541,98,65,5,14
2025-05-03 14:05:00+00:00,2332541,104,66,5,14
2025-05-03 14:06:00+00:00,2332541,103,59,5,14
2025-05-03 14:07:00+00:00,2332541,102,57,5,14
2025-05-03 14:08:00+00:00,2332541,105,56,5,14
2025-05-03 14:09:00+00:00,2332541,96,68,5,14
2025-05-03 14:10:00+00:00,2332541,103,70,5,14
2025-05-03 14:11:00+00:00,2332541,105,75,5,14
2025-05-03 14:12:00+00:00,2332541,104,73,5,14
2025-05-03 14:13:00+00:00,2332541,111,72,5,14
2025-05-03 14:14:00+00:00,2332541,105,58,5,14
2025-05-03 14:15:00+00:00,2332541,101,60,5,14
2025-05-03 14:16:00+00:00,2332541,99,55,5,14
2025-05-03 14:17:00+00:00,2332541,103,54,5,14
2025-05-03 14:18:00+00:00,2332541,100,57,5,14
2025-05-03 14:19:00+00:00,2332541,96,66,5,14
2025-05-03 14:20:00+00:00,2332541,105,72,5,14
2025-05-03 14:21:00+00:00,2332541,103,71,5,14
2025-05-03 14:22:00+00:00,2332541,101,71,5,14
2025-05-03 14:23:00+00:00,2332541,107,78,5,14
2025-05-03 14:24:00+00:00,2332541,100,70,5,14
2025-05-03 14:25:00+00:00,2332541,102,69,5,14
2025-05-03 14:26:00+00:00,2332541,105,66,5,14
2025-05-03 14:27:00+00:00,2332541,106,59,5,14
2025-05-03 14:28:00+00:00,2332541,104,51,5,14
2025-05-03 14:29:00+00:00,2332541,110,55,5,14
2025-05-03 14:30:00+00:00,2332541,105,54,5,14
2025-05-03 14:31:00+00:00,2332541,105,57,5,14
2025-05-03 14:32:00+00:00,2332541,106,65,5,14
2025-05-03 14:33:00+00:00,2332541,102,67,5,14
2025-05-03 14:34:00+00:00,2332541,101,75,5,14
2025-05-03 14:35:00+00:00,2332541,94,73,5,14
2025-05-03 14:36:00+00:00,2332541,105,75,5,14
2025-05-03 14:37:00+00:00,2332541,101,75,5,14
2025-05-03 14:38:00+00:00,2332541,99,70,5,14
2025-05-03 14:39:00+00:00,2332541,104,71,5,14
2025-05-03 14:40:00+00:00,2332541,95,79,5,14
2025-05-03 14:41:00+00:00,2332541,99,75,5,14
2025-05-03 14:42:00+00:00,2332541,102,78,5,14
2025-05-03 14:43:00+00:00,2332541,103,84,5,14
2025-05-03 14:44:00+00:00,2332541,95,85,5,14
2025-05-03 14:45:00+00:00,2332541,105,85,5,14
2025-05-03 14:46:00+00:00,2332541,104,92,5,14
2025-05-03 14:47:00+00:00,2332541,97,86,5,14
2025-05-03 14:48:00+00:00,2332541,105,84,5,14
2025-05-03 14:49:00+00:00,2332541,100,81,5,14
2025-05-03 14:50:00+00:00,2332541,104,85,5,14
2025-05-03 14:51:00+00:00,2332541,102,79,5,14
2025-05-03 14:52:00+00:00,2332541,97,78,5,14
2025-05-03 14:53:00+00:00,2332541,103,71,5,14
2025-05-03 14:54:00+00:00,2332541,104,68,5,14
2025-05-03 14:55:00+00:00,2332541,108,59,5,14
2025-05-03 14:56:00+00:00,2332541,104,53,5,14
2025-05-03 14:57:00+00:00,2332541,107,55,5,14
2025-05-03 14:58:00+00:00,2332541,100,63,5,14
2025-05-03 14:59:00+00:00,2332541,101,72,5,14
2025-05-03 15:00:00+00:00,2332541,107,81,5,15
2025-05-03 15:01:00+00:00,2332541,100,96,5,15
2025-05-03 15:02:00+00:00,2332541,105,98,5,15
2025-05-03 15:03:00+00:00,2332541,98,94,5,15
2025-05-03 15:04:00+00:00,2332541,97,90,5,15
2025-05-03 15:05:00+00:00,2332541,105,93,5,15
2025-05-03 15:06:00+00:00,2332541,99,84,5,15
2025-05-03 15:07:00+00:00,2332541,104,71,5,15
2025-05-03 15:08:00+00:00,2332541,107,74,5,15
2025-05-03 15:09:00+00:00,2332541,94,73,5,15
2025-05-03 15:10:00+00:00,2332541,105,62,5,15
2025-05-03 15:11:00+00:00,2332541,106,59,5,15
2025-05-03 15:12:00+00:00,2332541,90,63,5,15
2025-05-03 15:13:00+00:00,2332541,103,65,5,15
2025-05-03 15:14:00+00:00,2332541,101,60,5,15
2025-05-03 15:15:00+00:00,2332541,108,69,5,15
2025-05-03 15:16:00+00:00,2332541,103,69,5,15
2025-05-03 15:17:00+00:00,2332541,97,67,5,15
2025-05-03 15:18:00+00:00,2332541,100,68,5,15
2025-05-03 15:19:00+00:00,2332541,106,59,5,15
2025-05-03 15:20:00+00:00,2332541,103,60,5,15
2025-05-03 15:21:00+00:00,2332541,103,62,5,15
2025-05-03 15:22:00+00:00,2332541,105,57,5,15
2025-05-03 15:23:00+00:00,2332541,104,53,5,15
2025-05-03 15:24:00+00:00,2332541,103,56,5,15
2025-05-03 15:25:00+00:00,2332541,102,65,5,15
2025-05-03 15:26:00+00:00,2332541,106,72,5,15
2025-05-03 15:27:00+00:00,2332541,108,83,5,15
2025-05-03 15:28:00+00:00,2332541,107,89,5,15
2025-05-03 15:29:00+00:00,2332541,102,78,5,15
2025-05-03 15:30:00+00:00,2332541,98,83,5,15
2025-05-03 15:31:00+00:00,2332541,105,81,5,15
2025-05-03 15:32:00+00:00,2332541,107,79,5,15
2025-05-03 15:33:00+00:00,2332541,104,88,5,15
2025-05-03 15:34:00+00:00,2332541,106,89,5,15
2025-05-03 15:35:00+00:00,2332541,105,74,5,15
2025-05-03 15:36:00+00:00,2332541,108,66,5,15
2025-05-03 15:37:00+00:00,2332541,100,64,5,15
2025-05-03 15:38:00+00:00,2332541,102,57,5,15
2025-05-03 15:39:00+00:00,2332541,100,57,5,15
2025-05-03 15:40:00+00:00,2332541,96,66,5,15
2025-05-03 15:41:00+00:00,2332541,99,65,5,15
2025-05-03 15:42:00+00:00,2332541,103,69,5,15
2025-05-03 15:43:00+00:00,2332541,96,61,5,15
2025-05-03 15:44:00+00:00,2332541,105,65,5,15
2025-05-03 15:45:00+00:00,2332541,108,52,5,15
2025-05-03 15:46:00+00:00,2332541,105,56,5,15
2025-05-03 15:47:00+00:00,2332541,102,50,5,15
2025-05-03 15:48:00+00:00,2332541,103,54,5,15
2025-05-03 15:49:00+00:00,2332541,100,53,5,15
2025-05-03 15:50:00+00:00,2332541,98,61,5,15
2025-05-03 15:51:00+00:00,2332541,102,62,5,15
2025-05-03 15:52:00+00:00,2332541,99,67,5,15
2025-05-03 15:53:00+00:00,2332541,102,69,5,15
2025-05-03 15:54:00+00:00,2332541,103,65,5,15
2025-05-03 15:55:00+00:00,2332541,98,66,5,15
2025-05-03 15:56:00+00:00,2332541,100,66,5,15
2025-05-03 15:57:00+00:00,2332541,106,59,5,15
2025-05-03 15:58:00+00:00,2332541,102,58,5,15
2025-05-03 15:59:00+00:00,2332541,104,59,5,15
2025-05-03 16:00:00+00:00,2332541,104,56,5,16
2025-05-03 16:01:00+00:00,2332541,95,59,5,16
2025-05-03 16:02:00+00:00,2332541,110,59,5,16
2025-05-03 16:03:00+00:00,2332541,104,59,5,16
2025-05-03 16:04:00+00:00,2332541,104,60,5,16
2025-05-03 16:05:00+00:00,2332541,100,63,5,16
2025-05-03 16:06:00+00:00,2332541,104,61,5,16
2025-05-03 16:07:00+00:00,2332541,105,53,5,16
2025-05-03 16:08:00+00:00,2332541,91,60,5,16
2025-05-03 16:09:00+00:00,2332541,97,68,5,16
2025-05-03 16:10:00+00:00,2332541,117,67,5,16
2025-05-03 16:11:00+00:00,2332541,102,71,5,16
2025-05-03 16:12:00+00:00,2332541,111,80,5,16
2025-05-03 16:13:00+00:00,2332541,106,76,5,16
2025-05-03 16:14:00+00:00,2332541,108,71,5,16
2025-05-03 16:15:00+00:00,2332541,111,69,5,16
2025-05-03 16:16:00+00:00,2332541,105,60,5,16
2025-05-03 16:17:00+00:00,2332541,105,61,5,16
2025-05-03 16:18:00+00:00,2332541,104,65,5,16
2025-05-03 16:19:00+00:00,2332541,100,63,5,16
2025-05-03 16:20:00+00:00,2332541,104,69,5,16
2025-05-03 16:21:00+00:00,2332541,104,75,5,16
2025-05-03 16:22:00+00:00,2332541,107,74,5,16
2025-05-03 16:23:00+00:00,2332541,104,71,5,16
2025-05-03 16:24:00+00:00,2332541,102,66,5,16
2025-05-03 16:25:00+00:00,2332541,100,60,5,16
2025-05-03 16:26:00+00:00,2332541,112,62,5,16
2025-05-03 16:27:00+00:00,2332541,104,60,5,16
2025-05-03 16:28:00+00:00,2332541,100,61,5,16
2025-05-03 16:29:00+00:00,2332541,106,67,5,16
2025-05-03 16:30:00+00:00,2332541,104,65,5,16
2025-05-03 16:31:00+00:00,2332541,108,64,5,16
2025-05-03 16:32:00+00:00,2332541,104,61,5,16
2025-05-03 16:33:00+00:00,2332541,103,62,5,16
2025-05-03 16:34:00+00:00,2332541,101,61,5,16
2025-05-03 16:35:00+00:00,2332541,102,56,5,16
2025-05-03 16:36:00+00:00,2332541,99,54,5,16
2025-05-03 16:37:00+00:00,2332541,105,63,5,16
2025-05-03 16:38:00+00:00,2332541,100,60,5,16
2025-05-03 16:39:00+00:00,2332541,105,60,5,16
2025-05-03 16:40:00+00:00,2332541,109,62,5,16
2025-05-03 16:41:00+00:00,2332541,104,63,5,16
2025-05-03 16:42:00+00:00,2332541,101,58,5,16
2025-05-03 16:43:00+00:00,2332541,105,62,5,16
2025-05-03 16:44:00+00:00,2332541,105,57,5,16
2025-05-03 16:45:00+00:00,2332541,107,56,5,16
2025-05-03 16:46:00+00:00,2332541,96,62,5,16
2025-05-03 16:47:00+00:00,2332541,106,65,5,16
2025-05-03 16:48:00+00:00,2332541,101,63,5,16
2025-05-03 16:49:00+00:00,2332541,100,60,5,16
2025-05-03 16:50:00+00:00,2332541,102,63,5,16
2025-05-03 16:51:00+00:00,2332541,110,60,5,16
2025-05-03 16:52:00+00:00,2332541,103,54,5,16
2025-05-03 16:53:00+00:00,2332541,111,53,5,16
2025-05-03 16:54:00+00:00,2332541,108,59,5,16
2025-05-03 16:55:00+00:00,2332541,100,63,5,16
2025-05-03 16:56:00+00:00,2332541,107,58,5,16
2025-05-03 16:57:00+00:00,2332541,113,61,5,16
2025-05-03 16:58:00+00:00,2332541,110,61,5,16
2025-05-03 16:59:00+00:00,2332541,112,62,5,16
2025-05-03 17:00:00+00:00,2332541,103,55,5,17
2025-05-03 17:01:00+00:00,2332541,108,56,5,17
2025-05-03 17:02:00+00:00,2332541,102,57,5,17
2025-05-03 17:03:00+00:00,2332541,101,57,5,17
2025-05-03 17:04:00+00:00,2332541,108,56,5,17
2025-05-03 17:05:00+00:00,2332541,114,52,5,17
2025-05-03 17:06:00+00:00,2332541,103,54,5,17
2025-05-03 17:07:00+00:00,2332541,116,52,5,17
2025-05-03 17:08:00+00:00,2332541,112,48,5,17
2025-05-03 17:09:00+00:00,2332541,107,43,5,17
2025-05-03 17:10:00+00:00,2332541,102,45,5,17
2025-05-03 17:11:00+00:00,2332541,98,44,5,17
2025-05-03 17:12:00+00:00,2332541,107,47,5,17
2025-05-03 17:13:00+00:00,2332541,108,49,5,17
2025-05-03 17:14:00+00:00,2332541,109,66,5,17
2025-05-03 17:15:00+00:00,2332541,102,68,5,17
2025-05-03 17:16:00+00:00,2332541,101,67,5,17
2025-05-03 17:17:00+00:00,2332541,103,73,5,17
2025-05-03 17:18:00+00:00,2332541,100,71,5,17
2025-05-03 17:19:00+00:00,2332541,110,62,5,17
2025-05-03 17:20:00+00:00,2332541,105,65,5,17
2025-05-03 17:21:00+00:00,2332541,103,68,5,17
2025-05-03 17:22:00+00:00,2332541,105,57,5,17
2025-05-03 17:23:00+00:00,2332541,101,63,5,17
2025-05-03 17:24:00+00:00,2332541,103,60,5,17
2025-05-03 17:25:00+00:00,2332541,114,64,5,17
2025-05-03 17:26:00+00:00,2332541,105,63,5,17
2025-05-03 17:27:00+00:00,2332541,108,63,5,17
2025-05-03 17:28:00+00:00,2332541,103,56,5,17
2025-05-03 17:29:00+00:00,2332541,105,52,5,17
2025-05-03 17:30:00+00:00,2332541,104,43,5,17
2025-05-03 17:31:00+00:00,2332541,101,43,5,17
2025-05-03 17:32:00+00:00,2332541,105,41,5,17
2025-05-03 17:33:00+00:00,2332541,111,47,5,17
2025-05-03 17:34:00+00:00,2332541,109,50,5,17
2025-05-03 17:35:00+00:00,2332541,114,59,5,17
2025-05-03 17:36:00+00:00,2332541,103,65,5,17
2025-05-03 17:37:00+00:00,2332541,104,63,5,17
2025-05-03 17:38:00+00:00,2332541,102,65,5,17
2025-05-03 17:39:00+00:00,2332541,105,63,5,17
2025-05-03 17:40:00+00:00,2332541,104,58,5,17
2025-05-03 17:41:00+00:00,2332541,113,52,5,17
2025-05-03 17:42:00+00:00,2332541,107,44,5,17
2025-05-03 17:43:00+00:00,2332541,103,39,5,17
2025-05-03 17:44:00+00:00,2332541,105,46,5,17
2025-05-03 17:45:00+00:00,2332541,105,44,5,17
2025-05-03 17:46:00+00:00,2332541,103,40,5,17
2025-05-03 17:47:00+00:00,2332541,104,51,5,17
2025-05-03 17:48:00+00:00,2332541,111,54,5,17
2025-05-03 17:49:00+00:00,2332541,102,59,5,17
2025-05-03 17:50:00+00:00,2332541,102,66,5,17
2025-05-03 17:51:00+00:00,2332541,110,73,5,17
2025-05-03 17:52:00+00:00,2332541,109,67,5,17
2025-05-03 17:53:00+00:00,2332541,112,61,5,17
2025-05-03 17:54:00+00:00,2332541,108,58,5,17
2025-05-03 17:55:00+00:00,2332541,108,54,5,17
2025-05-03 17:56:00+00:00,2332541,108,47,5,17
2025-05-03 17:57:00+00:00,2332541,99,46,5,17
2025-05-03 17:58:00+00:00,2332541,104,50,5,17
2025-05-03 17:59:00+00:00,2332541,98,46,5,17
2025-05-03 18:00:00+00:00,2332541,99,46,5,18
2025-05-03 18:01:00+00:00,2332541,107,55,5,18
2025-05-03 18:02:00+00:00,2332541,100,59,5,18
2025-05-03 18:03:00+00:00,2332541,105,52,5,18
2025-05-03 18:04:00+00:00,2332541,107,62,5,18
2025-05-03 18:05:00+00:00,2332541,106,65,5,18
2025-05-03 18:06:00+00:00,2332541,105,54,5,18
2025-05-03 18:07:00+00:00,2332541,108,48,5,18
2025-05-03 18:08:00+00:00,2332541,110,49,5,18
2025-05-03 18:09:00+00:00,2332541,105,47,5,18
2025-05-03 18:10:00+00:00,2332541,104,44,5,18
2025-05-03 18:11:00+00:00,2332541,107,51,5,18
2025-05-03 18:12:00+00:00,2332541,110,57,5,18
2025-05-03 18:13:00+00:00,2332541,105,57,5,18
2025-05-03 18:14:00+00:00,2332541,109,57,5,18
2025-05-03 18:15:00+00:00,2332541,108,59,5,18
2025-05-03 18:16:00+00:00,2332541,106,51,5,18
2025-05-03 18:17:00+00:00,2332541,101,47,5,18
2025-05-03 18:18:00+00:00,2332541,101,53,5,18
2025-05-03 18:19:00+00:00,2332541,102,47,5,18
2025-05-03 18:20:00+00:00,2332541,109,49,5,18
2025-05-03 18:21:00+00:00,2332541,108,57,5,18
2025-05-03 18:22:00+00:00,2332541,100,61,5,18
2025-05-03 18:23:00+00:00,2332541,101,55,5,18
2025-05-03 18:24:00+00:00,2332541,103,57,5,18
2025-05-03 18:25:00+00:00,2332541,104,56,5,18
2025-05-03 18:26:00+00:00,2332541,101,53,5,18
2025-05-03 18:27:00+00:00,2332541,106,56,5,18
2025-05-03 18:28:00+00:00,2332541,104,57,5,18
2025-05-03 18:29:00+00:00,2332541,106,54,5,18
2025-05-03 18:30:00+00:00,2332541,109,51,5,18
2025-05-03 18:31:00+00:00,2332541,108,47,5,18
2025-05-03 18:32:00+00:00,2332541,104,46,5,18
2025-05-03 18:33:00+00:00,2332541,104,44,5,18
2025-05-03 18:34:00+00:00,2332541,107,39,5,18
2025-05-03 18:35:00+00:00,2332541,103,39,5,18
2025-05-03 18:36:00+00:00,2332541,109,40,5,18
2025-05-03 18:37:00+00:00,2332541,109,42,5,18
2025-05-03 18:38:00+00:00,2332541,105,46,5,18
2025-05-03 18:39:00+00:00,2332541,108,54,5,18
2025-05-03 18:40:00+00:00,2332541,106,58,5,18
2025-05-03 18:41:00+00:00,2332541,101,65,5,18
2025-05-03 18:42:00+00:00,2332541,105,62,5,18
2025-05-03 18:43:00+00:00,2332541,107,64,5,18
2025-05-03 18:44:00+00:00,2332541,106,61,5,18
2025-05-03 18:45:00+00:00,2332541,106,54,5,18
2025-05-03 18:46:00+00:00,2332541,110,49,5,18
2025-05-03 18:47:00+00:00,2332541,112,48,5,18
2025-05-03 18:48:00+00:00,2332541,109,42,5,18
2025-05-03 18:49:00+00:00,2332541,105,37,5,18
2025-05-03 18:50:00+00:00,2332541,111,37,5,18
2025-05-03 18:51:00+00:00,2332541,111,33,5,18
2025-05-03 18:52:00+00:00,2332541,107,33,5,18
2025-05-03 18:53:00+00:00,2332541,107,40,5,18
2025-05-03 18:54:00+00:00,2332541,99,46,5,18
2025-05-03 18:55:00+00:00,2332541,99,46,5,18
2025-05-03 18:56:00+00:00,2332541,98,49,5,18
2025-05-03 18:57:00+00:00,2332541,105,46,5,18
2025-05-03 18:58:00+00:00,2332541,109,48,5,18
2025-05-03 18:59:00+00:00,2332541,105,53,5,18
2025-05-03 19:00:00+00:00,2332541,107,46,5,19
2025-05-03 19:01:00+00:00,2332541,103,45,5,19
2025-05-03 19:02:00+00:00,2332541,104,43,5,19
2025-05-03 19:03:00+00:00,2332541,104,37,5,19
2025-05-03 19:04:00+00:00,2332541,114,29,5,19
2025-05-03 19:05:00+00:00,2332541,111,31,5,19
2025-05-03 19:06:00+00:00,2332541,109,32,5,19
2025-05-03 19:07:00+00:00,2332541,101,33,5,19
2025-05-03 19:08:00+00:00,2332541,106,33,5,19
2025-05-03 19:09:00+00:00,2332541,110,40,5,19
2025-05-03 19:10:00+00:00,2332541,107,40,5,19
2025-05-03 19:11:00+00:00,2332541,103,42,5,19
2025-05-03 19:12:00+00:00,2332541,100,42,5,19
2025-05-03 19:13:00+00:00,2332541,98,37,5,19
2025-05-03 19:14:00+00:00,2332541,106,37,5,19
2025-05-03 19:15:00+00:00,2332541,101,38,5,19
2025-05-03 19:16:00+00:00,2332541,103,36,5,19
2025-05-03 19:17:00+00:00,2332541,105,42,5,19
2025-05-03 19:18:00+00:00,2332541,105,47,5,19
2025-05-03 19:19:00+00:00,2332541,104,41,5,19
2025-05-03 19:20:00+00:00,2332541,102,49,5,19
2025-05-03 19:21:00+00:00,2332541,104,48,5,19
2025-05-03 19:22:00+00:00,2332541,107,50,5,19
2025-05-03 19:23:00+00:00,2332541,104,48,5,19
2025-05-03 19:24:00+00:00,2332541,100,46,5,19
2025-05-03 19:25:00+00:00,2332541,103,35,5,19
2025-05-03 19:26:00+00:00,2332541,110,35,5,19
2025-05-03 19:27:00+00:00,2332541,105,29,5,19
2025-05-03 19:28:00+00:00,2332541,115,31,5,19
2025-05-03 19:29:00+00:00,2332541,105,38,5,19
2025-05-03 19:30:00+00:00,2332541,103,43,5,19
2025-05-03 19:31:00+00:00,2332541,108,45,5,19
2025-05-03 19:32:00+00:00,2332541,108,40,5,19
2025-05-03 19:33:00+00:00,2332541,107,41,5,19
2025-05-03 19:34:00+00:00,2332541,106,32,5,19
2025-05-03 19:35:00+00:00,2332541,101,31,5,19
2025-05-03 19:36:00+00:00,2332541,89,31,5,19
2025-05-03 19:37:00+00:00,2332541,105,36,5,19
2025-05-03 19:38:00+00:00,2332541,114,44,5,19
2025-05-03 19:39:00+00:00,2332541,104,46,5,19
2025-05-03 19:40:00+00:00,2332541,102,50,5,19
2025-05-03 19:41:00+00:00,2332541,102,48,5,19
2025-05-03 19:42:00+00:00,2332541,104,41,5,19
2025-05-03 19:43:00+00:00,2332541,102,30,5,19
2025-05-03 19:44:00+00:00,2332541,100,33,5,19
2025-05-03 19:45:00+00:00,2332541,102,29,5,19
2025-05-03 19:46:00+00:00,2332541,110,35,5,19
2025-05-03 19:47:00+00:00,2332541,106,42,5,19
2025-05-03 19:48:00+00:00,2332541,110,50,5,19
2025-05-03 19:49:00+00:00,2332541,105,50,5,19
2025-05-03 19:50:00+00:00,2332541,107,57,5,19
2025-05-03 19:51:00+00:00,2332541,103,51,5,19
2025-05-03 19:52:00+00:00,2332541,106,52,5,19
2025-05-03 19:53:00+00:00,2332541,104,48,5,19
2025-05-03 19:54:00+00:00,2332541,103,45,5,19
2025-05-03 19:55:00+00:00,2332541,106,41,5,19
2025-05-03 19:56:00+00:00,2332541,108,43,5,19
2025-05-03 19:57:00+00:00,2332541,106,40,5,19
2025-05-03 19:58:00+00:00,2332541,102,45,5,19
2025-05-03 19:59:00+00:00,2332541,105,45,5,19
2025-05-03 20:00:00+00:00,2332541,104,40,5,20
2025-05-03 20:01:00+00:00,2332541,107,43,5,20
2025-05-03 20:02:00+00:00,2332541,103,43,5,20
2025-05-03 20:03:00+00:00,2332541,107,41,5,20
2025-05-03 20:04:00+00:00,2332541,112,44,5,20
2025-05-03 20:05:00+00:00,2332541,107,43,5,20
2025-05-03 20:06:00+00:00,2332541,109,40,5,20
2025-05-03 20:07:00+00:00,2332541,101,40,5,20
2025-05-03 20:08:00+00:00,2332541,102,37,5,20
2025-05-03 20:09:00+00:00,2332541,104,33,5,20
2025-05-03 20:10:00+00:00,2332541,103,35,5,20
2025-05-03 20:11:00+00:00,2332541,104,36,5,20
2025-05-03 20:12:00+00:00,2332541,110,37,5,20
2025-05-03 20:13:00+00:00,2332541,101,43,5,20
2025-05-03 20:14:00+00:00,2332541,96,42,5,20
2025-05-03 20:15:00+00:00,2332541,105,46,5,20
2025-05-03 20:16:00+00:00,2332541,106,44,5,20
2025-05-03 20:17:00+00:00,2332541,107,41,5,20
2025-05-03 20:18:00+00:00,2332541,112,43,5,20
2025-05-03 20:19:00+00:00,2332541,100,51,5,20
2025-05-03 20:20:00+00:00,2332541,107,53,5,20
2025-05-03 20:21:00+00:00,2332541,103,51,5,20
2025-05-03 20:22:00+00:00,2332541,103,52,5,20
2025-05-03 20:23:00+00:00,2332541,104,41,5,20
2025-05-03 20:24:00+00:00,2332541,107,36,5,20
2025-05-03 20:25:00+00:00,2332541,107,40,5,20
2025-05-03 20:26:00+00:00,2332541,107,38,5,20
2025-05-03 20:27:00+00:00,2332541,111,35,5,20
2025-05-03 20:28:00+00:00,2332541,109,40,5,20
2025-05-03 20:29:00+00:00,2332541,104,34,5,20
2025-05-03 20:30:00+00:00,2332541,100,33,5,20
2025-05-03 20:31:00+00:00,2332541,104,33,5,20
2025-05-03 20:32:00+00:00,2332541,109,38,5,20
2025-05-03 20:33:00+00:00,2332541,102,43,5,20
2025-05-03 20:34:00+00:00,2332541,104,48,5,20
2025-05-03 20:35:00+00:00,2332541,109,42,5,20
2025-05-03 20:36:00+00:00,2332541,112,48,5,20
2025-05-03 20:37:00+00:00,2332541,105,49,5,20
2025-05-03 20:38:00+00:00,2332541,96,46,5,20
2025-05-03 20:39:00+00:00,2332541,109,46,5,20
2025-05-03 20:40:00+00:00,2332541,110,49,5,20
2025-05-03 20:41:00+00:00,2332541,104,43,5,20
2025-05-03 20:42:00+00:00,2332541,109,39,5,20
2025-05-03 20:43:00+00:00,2332541,106,39,5,20
2025-05-03 20:44:00+00:00,2332541,104,37,5,20
2025-05-03 20:45:00+00:00,2332541,102,41,5,20
2025-05-03 20:46:00+00:00,2332541,106,45,5,20
2025-05-03 20:47:00+00:00,2332541,105,46,5,20
2025-05-03 20:48:00+00:00,2332541,108,44,5,20
2025-05-03 20:49:00+00:00,2332541,108,43,5,20
2025-05-03 20:50:00+00:00,2332541,109,43,5,20
2025-05-03 20:51:00+00:00,2332541,105,42,5,20
2025-05-03 20:52:00+00:00,2332541,101,40,5,20
2025-05-03 20:53:00+00:00,2332541,107,41,5,20
2025-05-03 20:54:00+00:00,2332541,112,42,5,20
2025-05-03 20:55:00+00:00,2332541,102,43,5,20
2025-05-03 20:56:00+00:00,2332541,110,48,5,20
2025-05-03 20:57:00+00:00,2332541,109,52,5,20
2025-05-03 20:58:00+00:00,2332541,107,51,5,20
2025-05-03 20:59:00+00:00,2332541,108,47,5,20
2025-05-03 21:00:00+00:00,2332541,108,41,5,21
2025-05-03 21:01:00+00:00,2332541,116,42,5,21
2025-05-03 21:02:00+00:00,2332541,115,40,5,21
2025-05-03 21:03:00+00:00,2332541,109,33,5,21
2025-05-03 21:04:00+00:00,2332541,103,34,5,21
2025-05-03 21:05:00+00:00,2332541,109,37,5,21
2025-05-03 21:06:00+00:00,2332541,109,31,5,21
2025-05-03 21:07:00+00:00,2332541,105,34,5,21
2025-05-03 21:08:00+00:00,2332541,109,42,5,21
2025-05-03 21:09:00+00:00,2332541,110,40,5,21
2025-05-03 21:10:00+00:00,2332541,109,43,5,21
2025-05-03 21:11:00+00:00,2332541,105,40,5,21
2025-05-03 21:12:00+00:00,2332541,110,37,5,21
2025-05-03 21:13:00+00:00,2332541,113,35,5,21
2025-05-03 21:14:00+00:00,2332541,105,35,5,21
2025-05-03 21:15:00+00:00,2332541,107,32,5,21
2025-05-03 21:16:00+00:00,2332541,107,34,5,21
2025-05-03 21:17:00+00:00,2332541,109,39,5,21
2025-05-03 21:18:00+00:00,2332541,103,43,5,21
2025-05-03 21:19:00+00:00,2332541,105,45,5,21
2025-05-03 21:20:00+00:00,2332541,107,46,5,21
2025-05-03 21:21:00+00:00,2332541,105,50,5,21
2025-05-03 21:22:00+00:00,2332541,103,42,5,21
2025-05-03 21:23:00+00:00,2332541,111,38,5,21
2025-05-03 21:24:00+00:00,2332541,111,35,5,21
2025-05-03 21:25:00+00:00,2332541,113,34,5,21
2025-05-03 21:26:00+00:00,2332541,109,34,5,21
2025-05-03 21:27:00+00:00,2332541,114,42,5,21
2025-05-03 21:28:00+00:00,2332541,108,35,5,21
2025-05-03 21:29:00+00:00,2332541,104,39,5,21
2025-05-03 21:30:00+00:00,2332541,108,38,5,21
2025-05-03 21:31:00+00:00,2332541,106,35,5,21
2025-05-03 21:32:00+00:00,2332541,101,34,5,21
2025-05-03 21:33:00+00:00,2332541,105,36,5,21
2025-05-03 21:34:00+00:00,2332541,103,42,5,21
2025-05-03 21:35:00+00:00,2332541,106,44,5,21
2025-05-03 21:36:00+00:00,2332541,109,40,5,21
2025-05-03 21:37:00+00:00,2332541,113,43,5,21
2025-05-02 17:48:00+00:00,2332540,105,56,4,17
2025-05-02 17:49:00+00:00,2332540,109,56,4,17
2025-05-02 17:50:00+00:00,2332540,107,49,4,17
2025-05-02 17:51:00+00:00,2332540,107,46,4,17
2025-05-02 17:52:00+00:00,2332540,104,48,4,17
2025-05-02 17:53:00+00:00,2332540,105,45,4,17
2025-05-02 17:54:00+00:00,2332540,109,47,4,17
2025-05-02 17:55:00+00:00,2332540,110,49,4,17
2025-05-02 17:56:00+00:00,2332540,101,54,4,17
2025-05-02 17:57:00+00:00,2332540,107,48,4,17
2025-05-02 17:58:00+00:00,2332540,108,48,4,17
2025-05-02 17:59:00+00:00,2332540,112,47,4,17
2025-05-02 18:00:00+00:00,2332540,110,41,4,18
2025-05-02 18:01:00+00:00,2332540,110,38,4,18
2025-05-02 18:02:00+00:00,2332540,109,43,4,18
2025-05-02 18:03:00+00:00,2332540,112,40,4,18
2025-05-02 18:04:00+00:00,2332540,111,43,4,18
2025-05-02 18:05:00+00:00,2332540,109,53,4,18
2025-05-02 18:06:00+00:00,2332540,109,51,4,18
2025-05-02 18:07:00+00:00,2332540,108,51,4,18
2025-05-02 18:08:00+00:00,2332540,103,49,4,18
2025-05-02 18:09:00+00:00,2332540,106,43,4,18
2025-05-02 18:10:00+00:00,2332540,107,37,4,18
2025-05-02 18:11:00+00:00,2332540,108,42,4,18
2025-05-02 18:12:00+00:00,2332540,103,41,4,18
2025-05-02 18:13:00+00:00,2332540,112,51,4,18
2025-05-02 18:14:00+00:00,2332540,109,55,4,18
2025-05-02 18:15:00+00:00,2332540,112,51,4,18
2025-05-02 18:16:00+00:00,2332540,107,53,4,18
2025-05-02 18:17:00+00:00,2332540,105,48,4,18
2025-05-02 18:18:00+00:00,2332540,108,45,4,18
2025-05-02 18:19:00+00:00,2332540,113,44,4,18
2025-05-02 18:20:00+00:00,2332540,100,47,4,18
2025-05-02 18:21:00+00:00,2332540,104,49,4,18
2025-05-02 18:22:00+00:00,2332540,111,45,4,18
2025-05-02 18:23:00+00:00,2332540,107,44,4,18
2025-05-02 18:24:00+00:00,2332540,104,38,4,18
2025-05-02 18:25:00+00:00,2332540,112,47,4,18
2025-05-02 18:26:00+00:00,2332540,109,46,4,18
2025-05-02 18:27:00+00:00,2332540,105,51,4,18
2025-05-02 18:28:00+00:00,2332540,105,48,4,18
2025-05-02 18:29:00+00:00,2332540,101,43,4,18
2025-05-02 18:30:00+00:00,2332540,103,33,4,18
2025-05-02 18:31:00+00:00,2332540,108,36,4,18
2025-05-02 18:32:00+00:00,2332540,113,35,4,18
2025-05-02 18:33:00+00:00,2332540,111,30,4,18
2025-05-02 18:34:00+00:00,2332540,112,35,4,18
2025-05-02 18:35:00+00:00,2332540,109,38,4,18
2025-05-02 18:36:00+00:00,2332540,108,34,4,18
2025-05-02 18:37:00+00:00,2332540,111,43,4,18
2025-05-02 18:38:00+00:00,2332540,115,44,4,18
2025-05-02 18:39:00+00:00,2332540,106,46,4,18
2025-05-02 18:40:00+00:00,2332540,106,38,4,18
2025-05-02 18:41:00+00:00,2332540,108,37,4,18
2025-05-02 18:42:00+00:00,2332540,111,32,4,18
2025-05-02 18:43:00+00:00,2332540,112,36,4,18
2025-05-02 18:44:00+00:00,2332540,115,34,4,18
2025-05-02 18:45:00+00:00,2332540,118,33,4,18
2025-05-02 18:46:00+00:00,2332540,110,36,4,18
2025-05-02 18:47:00+00:00,2332540,106,36,4,18
2025-05-02 18:48:00+00:00,2332540,113,37,4,18
2025-05-02 18:49:00+00:00,2332540,108,35,4,18
2025-05-02 18:50:00+00:00,2332540,111,38,4,18
2025-05-02 18:51:00+00:00,2332540,111,43,4,18
2025-05-02 18:52:00+00:00,2332540,118,41,4,18
2025-05-02 18:53:00+00:00,2332540,107,43,4,18
2025-05-02 18:54:00+00:00,2332540,104,47,4,18
2025-05-02 18:55:00+00:00,2332540,107,45,4,18
2025-05-02 18:56:00+00:00,2332540,102,40,4,18
2025-05-02 18:57:00+00:00,2332540,106,47,4,18
2025-05-02 18:58:00+00:00,2332540,107,42,4,18
2025-05-02 18:59:00+00:00,2332540,109,35,4,18
2025-05-02 19:00:00+00:00,2332540,108,40,4,19
2025-05-02 19:01:00+00:00,2332540,103,36,4,19
2025-05-02 19:02:00+00:00,2332540,111,37,4,19
2025-05-02 19:03:00+00:00,2332540,107,40,4,19
2025-05-02 19:04:00+00:00,2332540,115,43,4,19
2025-05-02 19:05:00+00:00,2332540,108,41,4,19
2025-05-02 19:06:00+00:00,2332540,107,46,4,19
2025-05-02 19:07:00+00:00,2332540,108,38,4,19
2025-05-02 19:08:00+00:00,2332540,107,37,4,19
2025-05-02 19:09:00+00:00,2332540,111,34,4,19
2025-05-02 19:10:00+00:00,2332540,106,35,4,19
2025-05-02 19:11:00+00:00,2332540,102,30,4,19
2025-05-02 19:12:00+00:00,2332540,108,32,4,19
2025-05-02 19:13:00+00:00,2332540,109,35,4,19
2025-05-02 19:14:00+00:00,2332540,109,43,4,19
2025-05-02 19:15:00+00:00,2332540,110,45,4,19
2025-05-02 19:16:00+00:00,2332540,108,47,4,19
2025-05-02 19:17:00+00:00,2332540,112,47,4,19
2025-05-02 19:18:00+00:00,2332540,107,44,4,19
2025-05-02 19:19:00+00:00,2332540,108,37,4,19
2025-05-02 19:20:00+00:00,2332540,103,43,4,19
2025-05-02 19:21:00+00:00,2332540,103,44,4,19
2025-05-02 19:22:00+00:00,2332540,104,45,4,19
2025-05-02 19:23:00+00:00,2332540,103,50,4,19
2025-05-02 19:24:00+00:00,2332540,109,58,4,19
2025-05-02 19:25:00+00:00,2332540,104,51,4,19
2025-05-02 19:26:00+00:00,2332540,108,52,4,19
2025-05-02 19:27:00+00:00,2332540,101,54,4,19
2025-05-02 19:28:00+00:00,2332540,101,51,4,19
2025-05-02 19:29:00+00:00,2332540,111,48,4,19
2025-05-02 19:30:00+00:00,2332540,99,50,4,19
2025-05-02 19:31:00+00:00,2332540,105,43,4,19
2025-05-02 19:32:00+00:00,2332540,104,47,4,19
2025-05-02 19:33:00+00:00,2332540,96,48,4,19
2025-05-02 19:34:00+00:00,2332540,102,50,4,19
2025-05-02 19:35:00+00:00,2332540,102,56,4,19
2025-05-02 19:36:00+00:00,2332540,102,53,4,19
2025-05-02 19:37:00+00:00,2332540,100,51,4,19
2025-05-02 19:38:00+00:00,2332540,100,53,4,19
2025-05-02 19:39:00+00:00,2332540,95,52,4,19
2025-05-02 19:40:00+00:00,2332540,107,58,4,19
2025-05-02 19:41:00+00:00,2332540,108,58,4,19
2025-05-02 19:42:00+00:00,2332540,104,56,4,19
2025-05-02 19:43:00+00:00,2332540,112,56,4,19
2025-05-02 19:44:00+00:00,2332540,110,48,4,19
2025-05-02 19:45:00+00:00,2332540,104,52,4,19
2025-05-02 19:46:00+00:00,2332540,105,51,4,19
2025-05-02 19:47:00+00:00,2332540,107,43,4,19
2025-05-02 19:48:00+00:00,2332540,109,47,4,19
2025-05-02 19:49:00+00:00,2332540,106,52,4,19
2025-05-02 19:50:00+00:00,2332540,107,41,4,19
2025-05-02 19:51:00+00:00,2332540,103,47,4,19
2025-05-02 19:52:00+00:00,2332540,108,56,4,19
2025-05-02 19:53:00+00:00,2332540,101,56,4,19
2025-05-02 19:54:00+00:00,2332540,101,52,4,19
2025-05-02 19:55:00+00:00,2332540,106,59,4,19
2025-05-02 19:56:00+00:00,2332540,107,61,4,19
2025-05-02 19:57:00+00:00,2332540,105,58,4,19
2025-05-02 19:58:00+00:00,2332540,108,64,4,19
2025-05-02 19:59:00+00:00,2332540,100,68,4,19
2025-05-02 20:00:00+00:00,2332540,104,66,4,20
2025-05-02 20:01:00+00:00,2332540,100,72,4,20
2025-05-02 20:02:00+00:00,2332540,100,70,4,20
2025-05-02 20:03:00+00:00,2332540,102,65,4,20
2025-05-02 20:04:00+00:00,2332540,107,68,4,20
2025-05-02 20:05:00+00:00,2332540,100,75,4,20
2025-05-02 20:06:00+00:00,2332540,107,71,4,20
2025-05-02 20:07:00+00:00,2332540,104,76,4,20
2025-05-02 20:08:00+00:00,2332540,98,78,4,20
2025-05-02 20:09:00+00:00,2332540,100,79,4,20
2025-05-02 20:10:00+00:00,2332540,103,73,4,20
2025-05-02 20:11:00+00:00,2332540,106,64,4,20
2025-05-02 20:12:00+00:00,2332540,104,61,4,20
2025-05-02 20:13:00+00:00,2332540,104,59,4,20
2025-05-02 20:14:00+00:00,2332540,101,56,4,20
2025-05-02 20:15:00+00:00,2332540,102,51,4,20
2025-05-02 20:16:00+00:00,2332540,102,53,4,20
2025-05-02 20:17:00+00:00,2332540,107,48,4,20
2025-05-02 20:18:00+00:00,2332540,108,47,4,20
2025-05-02 20:19:00+00:00,2332540,104,45,4,20
2025-05-02 20:20:00+00:00,2332540,96,48,4,20
2025-05-02 20:21:00+00:00,2332540,104,55,4,20
2025-05-02 20:22:00+00:00,2332540,103,52,4,20
2025-05-02 20:23:00+00:00,2332540,106,55,4,20
2025-05-02 20:24:00+00:00,2332540,96,55,4,20
2025-05-02 20:25:00+00:00,2332540,107,60,4,20
2025-05-02 20:26:00+00:00,2332540,105,67,4,20
2025-05-02 20:27:00+00:00,2332540,110,68,4,20
2025-05-02 20:28:00+00:00,2332540,105,71,4,20
2025-05-02 20:29:00+00:00,2332540,103,70,4,20
2025-05-02 20:30:00+00:00,2332540,108,60,4,20
2025-05-02 20:31:00+00:00,2332540,104,52,4,20
2025-05-02 20:32:00+00:00,2332540,101,52,4,20
2025-05-02 20:33:00+00:00,2332540,102,48,4,20
2025-05-02 20:34:00+00:00,2332540,100,53,4,20
2025-05-02 20:35:00+00:00,2332540,104,55,4,20
2025-05-02 20:36:00+00:00,2332540,99,56,4,20
2025-05-02 20:37:00+00:00,2332540,101,57,4,20
2025-05-02 20:38:00+00:00,2332540,101,59,4,20
2025-05-02 20:39:00+00:00,2332540,105,53,4,20
2025-05-02 20:40:00+00:00,2332540,101,54,4,20
2025-05-02 20:41:00+00:00,2332540,107,53,4,20
2025-05-02 20:42:00+00:00,2332540,106,55,4,20
2025-05-02 20:43:00+00:00,2332540,99,51,4,20
2025-05-02 20:44:00+00:00,2332540,101,57,4,20
2025-05-02 20:45:00+00:00,2332540,108,57,4,20
2025-05-02 20:46:00+00:00,2332540,109,52,4,20
2025-05-02 20:47:00+00:00,2332540,97,55,4,20
2025-05-02 20:48:00+00:00,2332540,102,57,4,20
2025-05-02 20:49:00+00:00,2332540,102,48,4,20
2025-05-02 20:50:00+00:00,2332540,104,38,4,20
2025-05-02 20:51:00+00:00,2332540,105,38,4,20
2025-05-02 20:52:00+00:00,2332540,103,40,4,20
2025-05-02 20:53:00+00:00,2332540,103,41,4,20
2025-05-02 20:54:00+00:00,2332540,101,50,4,20
2025-05-02 20:55:00+00:00,2332540,107,56,4,20
2025-05-02 20:56:00+00:00,2332540,108,57,4,20
2025-05-02 20:57:00+00:00,2332540,102,54,4,20
2025-05-02 20:58:00+00:00,2332540,107,45,4,20
2025-05-02 20:59:00+00:00,2332540,99,44,4,20
2025-05-02 21:00:00+00:00,2332540,101,41,4,21
2025-05-02 21:01:00+00:00,2332540,101,41,4,21
2025-05-02 21:02:00+00:00,2332540,100,41,4,21
2025-05-02 21:03:00+00:00,2332540,108,44,4,21
2025-05-02 21:04:00+00:00,2332540,92,40,4,21
2025-05-02 21:05:00+00:00,2332540,95,40,4,21
2025-05-02 21:06:00+00:00,2332540,97,45,4,21
2025-05-02 21:07:00+00:00,2332540,99,42,4,21
2025-05-02 21:08:00+00:00,2332540,105,49,4,21
2025-05-02 21:09:00+00:00,2332540,100,46,4,21
2025-05-02 21:10:00+00:00,2332540,103,45,4,21
2025-05-02 21:11:00+00:00,2332540,104,43,4,21
2025-05-02 21:12:00+00:00,2332540,101,42,4,21
2025-05-02 21:13:00+00:00,2332540,97,39,4,21
2025-05-02 21:14:00+00:00,2332540,104,44,4,21
2025-05-02 21:15:00+00:00,2332540,101,44,4,21
2025-05-02 21:16:00+00:00,2332540,100,40,4,21
2025-05-02 21:17:00+00:00,2332540,103,37,4,21
2025-05-02 21:18:00+00:00,2332540,105,39,4,21
2025-05-02 21:19:00+00:00,2332540,105,36,4,21
2025-05-02 21:20:00+00:00,2332540,98,39,4,21
2025-05-02 21:21:00+00:00,2332540,107,43,4,21
2025-05-02 21:22:00+00:00,2332540,110,41,4,21
2025-05-02 21:23:00+00:00,2332540,110,45,4,21
2025-05-02 21:24:00+00:00,2332540,105,48,4,21
2025-05-02 21:25:00+00:00,2332540,105,48,4,21
2025-05-02 21:26:00+00:00,2332540,102,49,4,21
2025-05-02 21:27:00+00:00,2332540,112,51,4,21
2025-05-02 21:28:00+00:00,2332540,103,51,4,21
2025-05-02 21:29:00+00:00,2332540,101,48,4,21
2025-05-02 21:30:00+00:00,2332540,102,48,4,21
2025-05-02 21:31:00+00:00,2332540,108,46,4,21
2025-05-02 21:32:00+00:00,2332540,112,48,4,21
2025-05-02 21:33:00+00:00,2332540,114,46,4,21
2025-05-02 21:34:00+00:00,2332540,104,51,4,21
2025-05-02 21:35:00+00:00,2332540,103,45,4,21
2025-05-02 21:36:00+00:00,2332540,105,49,4,21
2025-05-02 21:37:00+00:00,2332540,108,41,4,21
2025-05-02 21:38:00+00:00,2332540,107,42,4,21
2025-05-02 21:39:00+00:00,2332540,104,41,4,21
2025-05-02 21:40:00+00:00,2332540,103,45,4,21
2025-05-02 21:41:00+00:00,2332540,101,47,4,21
2025-05-02 21:42:00+00:00,2332540,106,50,4,21
2025-05-02 21:43:00+00:00,2332540,110,58,4,21
2025-05-02 21:44:00+00:00,2332540,110,53,4,21
2025-05-02 21:45:00+00:00,2332540,109,49,4,21
2025-05-02 21:46:00+00:00,2332540,105,41,4,21
2025-05-02 21:47:00+00:00,2332540,107,41,4,21
2025-05-02 21:48:00+00:00,2332540,111,37,4,21
2025-05-02 21:49:00+00:00,2332540,105,35,4,21
2025-05-02 21:50:00+00:00,2332540,99,44,4,21
2025-05-02 21:51:00+00:00,2332540,102,47,4,21
2025-05-02 21:52:00+00:00,2332540,99,37,4,21
2025-05-02 21:53:00+00:00,2332540,99,40,4,21
2025-05-02 21:54:00+00:00,2332540,100,37,4,21
2025-05-02 21:55:00+00:00,2332540,104,33,4,21
2025-05-02 21:56:00+00:00,2332540,104,31,4,21
2025-05-02 21:57:00+00:00,2332540,106,34,4,21
2025-05-02 21:58:00+00:00,2332540,103,33,4,21
2025-05-02 21:59:00+00:00,2332540,100,36,4,21
2025-05-02 22:00:00+00:00,2332540,104,36,4,22
2025-05-02 22:01:00+00:00,2332540,101,39,4,22
2025-05-02 22:02:00+00:00,2332540,101,34,4,22
2025-05-02 22:03:00+00:00,2332540,104,31,4,22
2025-05-02 22:04:00+00:00,2332540,104,24,4,22
2025-05-02 22:05:00+00:00,2332540,105,27,4,22
2025-05-02 22:06:00+00:00,2332540,103,23,4,22
2025-05-02 22:07:00+00:00,2332540,101,26,4,22
2025-05-02 22:08:00+00:00,2332540,101,31,4,22
2025-05-02 22:09:00+00:00,2332540,102,25,4,22
2025-05-02 22:10:00+00:00,2332540,100,25,4,22
2025-05-02 22:11:00+00:00,2332540,101,27,4,22
2025-05-02 22:12:00+00:00,2332540,100,24,4,22
2025-05-02 22:13:00+00:00,2332540,111,22,4,22
2025-05-02 22:14:00+00:00,2332540,110,25,4,22
2025-05-02 22:15:00+00:00,2332540,111,21,4,22
2025-05-02 22:16:00+00:00,2332540,109,17,4,22
2025-05-02 22:17:00+00:00,2332540,106,19,4,22
2025-05-02 22:18:00+00:00,2332540,111,17,4,22
2025-05-02 22:19:00+00:00,2332540,111,16,4,22
2025-05-02 22:20:00+00:00,2332540,115,22,4,22
2025-05-02 22:21:00+00:00,2332540,115,20,4,22
2025-05-02 22:22:00+00:00,2332540,114,16,4,22
2025-05-02 22:23:00+00:00,2332540,111,19,4,22
2025-05-02 22:24:00+00:00,2332540,106,18,4,22
2025-05-02 22:25:00+00:00,2332540,107,19,4,22
2025-05-02 22:26:00+00:00,2332540,103,25,4,22
2025-05-02 22:27:00+00:00,2332540,97,30,4,22
2025-05-02 22:28:00+00:00,2332540,99,27,4,22
2025-05-02 22:29:00+00:00,2332540,105,27,4,22
2025-05-02 22:30:00+00:00,2332540,105,24,4,22
2025-05-02 22:31:00+00:00,2332540,104,24,4,22
2025-05-02 22:32:00+00:00,2332540,101,29,4,22
2025-05-02 22:33:00+00:00,2332540,110,35,4,22
2025-05-02 22:34:00+00:00,2332540,108,34,4,22
2025-05-02 22:35:00+00:00,2332540,110,34,4,22
2025-05-02 22:36:00+00:00,2332540,107,33,4,22
2025-05-02 22:37:00+00:00,2332540,104,29,4,22
2025-05-02 22:38:00+00:00,2332540,104,24,4,22
2025-05-02 22:39:00+00:00,2332540,101,28,4,22
2025-05-02 22:40:00+00:00,2332540,106,23,4,22
2025-05-02 22:41:00+00:00,2332540,111,24,4,22
2025-05-02 22:42:00+00:00,2332540,110,23,4,22
2025-05-02 22:43:00+00:00,2332540,104,28,4,22
2025-05-02 22:44:00+00:00,2332540,107,24,4,22
2025-05-02 22:45:00+00:00,2332540,100,27,4,22
2025-05-02 22:46:00+00:00,2332540,101,28,4,22
2025-05-02 22:47:00+00:00,2332540,112,28,4,22
2025-05-02 22:48:00+00:00,2332540,108,29,4,22
2025-05-02 22:49:00+00:00,2332540,105,29,4,22
2025-05-02 22:50:00+00:00,2332540,100,28,4,22
2025-05-02 22:51:00+00:00,2332540,98,28,4,22
2025-05-02 22:52:00+00:00,2332540,99,23,4,22
2025-05-02 22:53:00+00:00,2332540,99,20,4,22
2025-05-02 22:54:00+00:00,2332540,103,20,4,22
2025-05-02 22:55:00+00:00,2332540,107,22,4,22
2025-05-02 22:56:00+00:00,2332540,107,23,4,22
2025-05-02 22:57:00+00:00,2332540,107,26,4,22
2025-05-02 22:58:00+00:00,2332540,105,25,4,22
2025-05-02 22:59:00+00:00,2332540,109,24,4,22
2025-05-02 23:00:00+00:00,2332540,111,19,4,23
2025-05-02 23:01:00+00:00,2332540,108,18,4,23
2025-05-02 23:02:00+00:00,2332540,109,15,4,23
2025-05-02 23:03:00+00:00,2332540,109,13,4,23
2025-05-02 23:04:00+00:00,2332540,110,12,4,23
2025-05-02 23:05:00+00:00,2332540,108,16,4,23
2025-05-02 23:06:00+00:00,2332540,106,16,4,23
2025-05-02 23:07:00+00:00,2332540,106,20,4,23
2025-05-02 23:08:00+00:00,2332540,108,24,4,23
2025-05-02 23:09:00+00:00,2332540,111,22,4,23
2025-05-02 23:10:00+00:00,2332540,106,21,4,23
2025-05-02 23:11:00+00:00,2332540,102,23,4,23
2025-05-02 23:12:00+00:00,2332540,101,19,4,23
2025-05-02 23:13:00+00:00,2332540,104,19,4,23
2025-05-02 23:14:00+00:00,2332540,106,21,4,23
2025-05-02 23:15:00+00:00,2332540,104,20,4,23
2025-05-02 23:16:00+00:00,2332540,101,24,4,23
2025-05-02 23:17:00+00:00,2332540,105,26,4,23
2025-05-02 23:18:00+00:00,2332540,106,28,4,23
2025-05-02 23:19:00+00:00,2332540,111,28,4,23
2025-05-02 23:20:00+00:00,2332540,103,30,4,23
2025-05-02 23:21:00+00:00,2332540,107,24,4,23
2025-05-02 23:22:00+00:00,2332540,108,26,4,23
2025-05-02 23:23:00+00:00,2332540,108,20,4,23
2025-05-02 23:24:00+00:00,2332540,111,19,4,23
2025-05-02 23:25:00+00:00,2332540,104,18,4,23
2025-05-02 23:26:00+00:00,2332540,99,19,4,23
2025-05-02 23:27:00+00:00,2332540,103,15,4,23
2025-05-02 23:28:00+00:00,2332540,105,16,4,23
2025-05-02 23:29:00+00:00,2332540,103,15,4,23
2025-05-02 23:30:00+00:00,2332540,96,15,4,23
2025-05-02 23:31:00+00:00,2332540,102,17,4,23
2025-05-02 23:32:00+00:00,2332540,104,15,4,23
2025-05-02 23:33:00+00:00,2332540,105,17,4,23
2025-05-02 23:34:00+00:00,2332540,105,21,4,23
2025-05-02 23:35:00+00:00,2332540,106,23,4,23
2025-05-02 23:36:00+00:00,2332540,108,20,4,23
2025-05-02 23:37:00+00:00,2332540,108,19,4,23
2025-05-02 23:38:00+00:00,2332540,105,13,4,23
2025-05-02 23:39:00+00:00,2332540,105,10,4,23
2025-05-02 23:40:00+00:00,2332540,104,8,4,23
2025-05-02 23:41:00+00:00,2332540,107,13,4,23
2025-05-02 23:42:00+00:00,2332540,106,14,4,23
2025-05-02 23:43:00+00:00,2332540,107,13,4,23
2025-05-02 23:44:00+00:00,2332540,107,15,4,23
2025-05-02 23:45:00+00:00,2332540,107,13,4,23
2025-05-02 23:46:00+00:00,2332540,107,7,4,23
2025-05-02 23:47:00+00:00,2332540,105,5,4,23
2025-05-02 23:48:00+00:00,2332540,109,8,4,23
2025-05-02 23:49:00+00:00,2332540,108,6,4,23
2025-05-02 23:50:00+00:00,2332540,101,9,4,23
2025-05-02 23:51:00+00:00,2332540,98,10,4,23
2025-05-02 23:52:00+00:00,2332540,102,12,4,23
2025-05-02 23:53:00+00:00,2332540,105,11,4,23
2025-05-02 23:54:00+00:00,2332540,112,13,4,23
2025-05-02 23:55:00+00:00,2332540,112,10,4,23
2025-05-02 23:56:00+00:00,2332540,113,9,4,23
2025-05-02 23:57:00+00:00,2332540,111,12,4,23
2025-05-02 23:58:00+00:00,2332540,109,11,4,23
2025-05-02 23:59:00+00:00,2332540,101,12,4,23
2025-05-03 00:00:00+00:00,2332540,101,10,5,0
2025-05-03 00:01:00+00:00,2332540,100,11,5,0
2025-05-03 00:02:00+00:00,2332540,103,9,5,0
2025-05-03 00:03:00+00:00,2332540,102,13,5,0
2025-05-03 00:04:00+00:00,2332540,104,13,5,0
2025-05-03 00:05:00+00:00,2332540,104,13,5,0
2025-05-03 00:06:00+00:00,2332540,110,15,5,0
2025-05-03 00:07:00+00:00,2332540,110,12,5,0
2025-05-03 00:08:00+00:00,2332540,112,8,5,0
2025-05-03 00:09:00+00:00,2332540,112,4,5,0
2025-05-03 00:10:00+00:00,2332540,110,8,5,0
2025-05-03 00:11:00+00:00,2332540,112,8,5,0
2025-05-03 00:12:00+00:00,2332540,108,12,5,0
2025-05-03 00:13:00+00:00,2332540,101,15,5,0
2025-05-03 00:14:00+00:00,2332540,101,14,5,0
2025-05-03 00:15:00+00:00,2332540,102,13,5,0
2025-05-03 00:16:00+00:00,2332540,103,12,5,0
2025-05-03 00:17:00+00:00,2332540,106,8,5,0
2025-05-03 00:18:00+00:00,2332540,105,7,5,0
2025-05-03 00:19:00+00:00,2332540,105,6,5,0
2025-05-03 00:20:00+00:00,2332540,105,5,5,0
2025-05-03 00:21:00+00:00,2332540,105,4,5,0
2025-05-03 00:22:00+00:00,2332540,103,5,5,0
2025-05-03 00:23:00+00:00,2332540,93,8,5,0
2025-05-03 00:24:00+00:00,2332540,94,9,5,0
2025-05-03 00:25:00+00:00,2332540,97,10,5,0
2025-05-03 00:26:00+00:00,2332540,103,12,5,0
2025-05-03 00:27:00+00:00,2332540,101,10,5,0
2025-05-03 00:28:00+00:00,2332540,104,7,5,0
2025-05-03 00:29:00+00:00,2332540,102,8,5,0
2025-05-03 00:30:00+00:00,2332540,100,7,5,0
2025-05-03 00:31:00+00:00,2332540,100,10,5,0
2025-05-03 00:32:00+00:00,2332540,101,10,5,0
2025-05-03 00:33:00+00:00,2332540,94,14,5,0
2025-05-03 00:34:00+00:00,2332540,99,17,5,0
2025-05-03 00:35:00+00:00,2332540,99,17,5,0
2025-05-03 00:36:00+00:00,2332540,107,18,5,0
2025-05-03 00:37:00+00:00,2332540,106,17,5,0
2025-05-03 00:38:00+00:00,2332540,101,14,5,0
2025-05-03 00:39:00+00:00,2332540,104,12,5,0
2025-05-03 00:40:00+00:00,2332540,96,13,5,0
2025-05-03 00:41:00+00:00,2332540,97,8,5,0
2025-05-03 00:42:00+00:00,2332540,98,8,5,0
2025-05-03 00:43:00+00:00,2332540,99,8,5,0
2025-05-03 00:44:00+00:00,2332540,104,9,5,0
2025-05-03 00:45:00+00:00,2332540,107,9,5,0
2025-05-03 00:46:00+00:00,2332540,112,10,5,0
2025-05-03 00:47:00+00:00,2332540,112,10,5,0
2025-05-03 00:48:00+00:00,2332540,112,9,5,0
2025-05-03 00:49:00+00:00,2332540,114,7,5,0
2025-05-03 00:50:00+00:00,2332540,114,10,5,0
2025-05-03 00:51:00+00:00,2332540,114,9,5,0
2025-05-03 00:52:00+00:00,2332540,115,9,5,0
2025-05-03 00:53:00+00:00,2332540,115,9,5,0
2025-05-03 00:54:00+00:00,2332540,113,9,5,0
2025-05-03 00:55:00+00:00,2332540,110,8,5,0
2025-05-03 00:56:00+00:00,2332540,105,11,5,0
2025-05-03 00:57:00+00:00,2332540,105,10,5,0
2025-05-03 00:58:00+00:00,2332540,104,14,5,0
2025-05-03 00:59:00+00:00,2332540,107,15,5,0
2025-05-03 01:00:00+00:00,2332540,105,12,5,1
2025-05-03 01:01:00+00:00,2332540,106,10,5,1
2025-05-03 01:02:00+00:00,2332540,108,12,5,1
2025-05-03 01:03:00+00:00,2332540,102,9,5,1
2025-05-03 01:04:00+00:00,2332540,101,8,5,1
2025-05-03 01:05:00+00:00,2332540,101,9,5,1
2025-05-03 01:06:00+00:00,2332540,94,12,5,1
2025-05-03 01:07:00+00:00,2332540,97,11,5,1
2025-05-03 01:08:00+00:00,2332540,105,11,5,1
2025-05-03 01:09:00+00:00,2332540,108,15,5,1
2025-05-03 01:10:00+00:00,2332540,111,15,5,1
2025-05-03 01:11:00+00:00,2332540,106,11,5,1
2025-05-03 01:12:00+00:00,2332540,106,12,5,1
2025-05-03 01:13:00+00:00,2332540,109,12,5,1
2025-05-03 01:14:00+00:00,2332540,110,11,5,1
2025-05-03 01:15:00+00:00,2332540,110,14,5,1
2025-05-03 01:16:00+00:00,2332540,107,15,5,1
2025-05-03 01:17:00+00:00,2332540,109,13,5,1
2025-05-03 01:18:00+00:00,2332540,109,13,5,1
2025-05-03 01:19:00+00:00,2332540,106,13,5,1
2025-05-03 01:20:00+00:00,2332540,107,10,5,1
2025-05-03 01:21:00+00:00,2332540,107,6,5,1
2025-05-03 01:22:00+00:00,2332540,107,7,5,1
2025-05-03 01:23:00+00:00,2332540,106,6,5,1
2025-05-03 01:24:00+00:00,2332540,107,5,5,1
2025-05-03 01:25:00+00:00,2332540,107,4,5,1
2025-05-03 01:26:00+00:00,2332540,110,6,5,1
2025-05-03 01:27:00+00:00,2332540,107,6,5,1
2025-05-03 01:28:00+00:00,2332540,109,7,5,1
2025-05-03 01:29:00+00:00,2332540,112,6,5,1
2025-05-03 01:30:00+00:00,2332540,110,8,5,1
2025-05-03 01:31:00+00:00,2332540,112,9,5,1
2025-05-03 01:32:00+00:00,2332540,115,11,5,1
2025-05-03 01:33:00+00:00,2332540,115,9,5,1
2025-05-03 01:34:00+00:00,2332540,114,9,5,1
2025-05-03 01:35:00+00:00,2332540,110,8,5,1
2025-05-03 01:36:00+00:00,2332540,109,7,5,1
2025-05-03 01:37:00+00:00,2332540,113,9,5,1
2025-05-03 01:38:00+00:00,2332540,112,10,5,1
2025-05-03 01:39:00+00:00,2332540,112,9,5,1
2025-05-03 01:40:00+00:00,2332540,111,9,5,1
2025-05-03 01:41:00+00:00,2332540,109,11,5,1
2025-05-03 01:42:00+00:00,2332540,109,6,5,1
2025-05-03 01:43:00+00:00,2332540,111,6,5,1
2025-05-03 01:44:00+00:00,2332540,105,8,5,1
2025-05-03 01:45:00+00:00,2332540,106,10,5,1
2025-05-03 01:46:00+00:00,2332540,106,7,5,1
2025-05-03 01:47:00+00:00,2332540,105,8,5,1
2025-05-03 01:48:00+00:00,2332540,111,11,5,1
2025-05-03 01:49:00+00:00,2332540,106,17,5,1
2025-05-03 01:50:00+00:00,2332540,104,15,5,1
2025-05-03 01:51:00+00:00,2332540,104,16,5,1
2025-05-03 01:52:00+00:00,2332540,101,13,5,1
2025-05-03 01:53:00+00:00,2332540,101,11,5,1
2025-05-03 01:54:00+00:00,2332540,101,5,5,1
2025-05-03 01:55:00+00:00,2332540,100,5,5,1
2025-05-03 01:56:00+00:00,2332540,100,4,5,1
2025-05-03 01:57:00+00:00,2332540,101,2,5,1
2025-05-03 01:58:00+00:00,2332540,101,2,5,1
2025-05-03 01:59:00+00:00,2332540,100,4,5,1
2025-05-03 02:00:00+00:00,2332540,102,5,5,2
2025-05-03 02:01:00+00:00,2332540,101,5,5,2
2025-05-03 02:02:00+00:00,2332540,100,6,5,2
2025-05-03 02:03:00+00:00,2332540,100,6,5,2
2025-05-03 02:04:00+00:00,2332540,100,5,5,2
2025-05-03 02:05:00+00:00,2332540,100,3,5,2
2025-05-03 02:06:00+00:00,2332540,100,1,5,2
2025-05-03 02:07:00+00:00,2332540,108,3,5,2
2025-05-03 02:08:00+00:00,2332540,104,4,5,2
2025-05-03 02:09:00+00:00,2332540,106,5,5,2
2025-05-03 02:10:00+00:00,2332540,106,5,5,2
2025-05-03 02:11:00+00:00,2332540,108,6,5,2
2025-05-03 02:12:00+00:00,2332540,108,10,5,2
2025-05-03 02:13:00+00:00,2332540,111,11,5,2
2025-05-03 02:14:00+00:00,2332540,111,12,5,2
2025-05-03 02:15:00+00:00,2332540,111,13,5,2
2025-05-03 02:16:00+00:00,2332540,113,13,5,2
2025-05-03 02:17:00+00:00,2332540,114,10,5,2
2025-05-03 02:18:00+00:00,2332540,114,8,5,2
2025-05-03 02:19:00+00:00,2332540,114,7,5,2
2025-05-03 02:20:00+00:00,2332540,110,7,5,2
2025-05-03 02:21:00+00:00,2332540,110,7,5,2
2025-05-03 02:22:00+00:00,2332540,110,7,5,2
2025-05-03 02:23:00+00:00,2332540,109,7,5,2
2025-05-03 02:24:00+00:00,2332540,109,7,5,2
2025-05-03 02:25:00+00:00,2332540,108,7,5,2
2025-05-03 02:26:00+00:00,2332540,105,6,5,2
2025-05-03 02:27:00+00:00,2332540,105,7,5,2
2025-05-03 02:28:00+00:00,2332540,106,8,5,2
2025-05-03 02:29:00+00:00,2332540,111,10,5,2
2025-05-03 02:30:00+00:00,2332540,111,8,5,2
2025-05-03 02:31:00+00:00,2332540,110,4,5,2
2025-05-03 02:32:00+00:00,2332540,110,4,5,2
2025-05-03 02:33:00+00:00,2332540,108,6,5,2
2025-05-03 02:34:00+00:00,2332540,106,9,5,2
2025-05-03 02:35:00+00:00,2332540,104,10,5,2
2025-05-03 02:36:00+00:00,2332540,102,14,5,2
2025-05-03 02:37:00+00:00,2332540,100,20,5,2
2025-05-03 02:38:00+00:00,2332540,100,17,5,2
2025-05-03 02:39:00+00:00,2332540,102,14,5,2
2025-05-03 02:40:00+00:00,2332540,103,14,5,2
2025-05-03 02:41:00+00:00,2332540,107,9,5,2
2025-05-03 02:42:00+00:00,2332540,105,6,5,2
2025-05-03 02:43:00+00:00,2332540,108,7,5,2
2025-05-03 02:44:00+00:00,2332540,105,8,5,2
2025-05-03 02:45:00+00:00,2332540,105,6,5,2
2025-05-03 02:46:00+00:00,2332540,105,5,5,2
2025-05-03 02:47:00+00:00,2332540,108,5,5,2
2025-05-03 02:48:00+00:00,2332540,113,8,5,2
2025-05-03 02:49:00+00:00,2332540,113,8,5,2
2025-05-03 02:50:00+00:00,2332540,111,12,5,2
2025-05-03 02:51:00+00:00,2332540,108,15,5,2
2025-05-03 02:52:00+00:00,2332540,106,15,5,2
2025-05-03 02:53:00+00:00,2332540,106,13,5,2
2025-05-03 02:54:00+00:00,2332540,108,15,5,2
2025-05-03 02:55:00+00:00,2332540,105,13,5,2
2025-05-03 02:56:00+00:00,2332540,107,13,5,2
2025-05-03 02:57:00+00:00,2332540,107,16,5,2
2025-05-03 02:58:00+00:00,2332540,105,20,5,2
2025-05-03 02:59:00+00:00,2332540,108,18,5,2
2025-05-03 03:00:00+00:00,2332540,108,15,5,3
2025-05-03 03:01:00+00:00,2332540,107,14,5,3
2025-05-03 03:02:00+00:00,2332540,103,8,5,3
2025-05-03 03:03:00+00:00,2332540,102,7,5,3
2025-05-03 03:04:00+00:00,2332540,102,15,5,3
2025-05-03 03:05:00+00:00,2332540,104,17,5,3
2025-05-03 03:06:00+00:00,2332540,104,19,5,3
2025-05-03 03:07:00+00:00,2332540,100,21,5,3
2025-05-03 03:08:00+00:00,2332540,106,19,5,3
2025-05-03 03:09:00+00:00,2332540,98,14,5,3
2025-05-03 03:10:00+00:00,2332540,93,13,5,3
2025-05-03 03:11:00+00:00,2332540,102,15,5,3
2025-05-03 03:12:00+00:00,2332540,105,17,5,3
2025-05-03 03:13:00+00:00,2332540,107,19,5,3
2025-05-03 03:14:00+00:00,2332540,107,16,5,3
2025-05-03 03:15:00+00:00,2332540,110,19,5,3
2025-05-03 03:16:00+00:00,2332540,110,14,5,3
2025-05-03 03:17:00+00:00,2332540,108,13,5,3
2025-05-03 03:18:00+00:00,2332540,108,10,5,3
2025-05-03 03:19:00+00:00,2332540,108,9,5,3
2025-05-03 03:20:00+00:00,2332540,107,11,5,3
2025-05-03 03:21:00+00:00,2332540,103,12,5,3
2025-05-03 03:22:00+00:00,2332540,108,14,5,3
2025-05-03 03:23:00+00:00,2332540,107,18,5,3
2025-05-03 03:24:00+00:00,2332540,107,16,5,3
2025-05-03 03:25:00+00:00,2332540,109,13,5,3
2025-05-03 03:26:00+00:00,2332540,111,15,5,3
2025-05-03 03:27:00+00:00,2332540,110,12,5,3
2025-05-03 03:28:00+00:00,2332540,106,12,5,3
2025-05-03 03:29:00+00:00,2332540,104,14,5,3
2025-05-03 03:30:00+00:00,2332540,105,13,5,3
2025-05-03 03:31:00+00:00,2332540,105,9,5,3
2025-05-03 03:32:00+00:00,2332540,107,6,5,3
2025-05-03 03:33:00+00:00,2332540,101,8,5,3
2025-05-03 03:34:00+00:00,2332540,101,7,5,3
2025-05-03 03:35:00+00:00,2332540,103,11,5,3
2025-05-03 03:36:00+00:00,2332540,103,14,5,3
2025-05-03 03:37:00+00:00,2332540,102,15,5,3
2025-05-03 03:38:00+00:00,2332540,108,17,5,3
2025-05-03 03:39:00+00:00,2332540,109,20,5,3
2025-05-03 03:40:00+00:00,2332540,106,17,5,3
2025-05-03 03:41:00+00:00,2332540,104,17,5,3
2025-05-03 03:42:00+00:00,2332540,105,17,5,3
2025-05-03 03:43:00+00:00,2332540,106,16,5,3
2025-05-03 03:44:00+00:00,2332540,113,17,5,3
2025-05-03 03:45:00+00:00,2332540,111,13,5,3
2025-05-03 03:46:00+00:00,2332540,112,13,5,3
2025-05-03 03:47:00+00:00,2332540,113,13,5,3
2025-05-03 03:48:00+00:00,2332540,110,15,5,3
2025-05-03 03:49:00+00:00,2332540,109,15,5,3
2025-05-03 03:50:00+00:00,2332540,108,19,5,3
2025-05-03 03:51:00+00:00,2332540,108,17,5,3
2025-05-03 03:52:00+00:00,2332540,110,19,5,3
2025-05-03 03:53:00+00:00,2332540,108,20,5,3
2025-05-03 03:54:00+00:00,2332540,104,19,5,3
2025-05-03 03:55:00+00:00,2332540,104,19,5,3
2025-05-03 03:56:00+00:00,2332540,109,23,5,3
2025-05-03 03:57:00+00:00,2332540,106,19,5,3
2025-05-03 03:58:00+00:00,2332540,108,15,5,3
2025-05-03 03:59:00+00:00,2332540,110,12,5,3
2025-05-03 04:00:00+00:00,2332540,113,14,5,4
2025-05-03 04:01:00+00:00,2332540,106,16,5,4
2025-05-03 04:02:00+00:00,2332540,112,22,5,4
2025-05-03 04:03:00+00:00,2332540,105,23,5,4
2025-05-03 04:04:00+00:00,2332540,105,21,5,4
2025-05-03 04:05:00+00:00,2332540,106,20,5,4
2025-05-03 04:06:00+00:00,2332540,104,15,5,4
2025-05-03 04:07:00+00:00,2332540,103,10,5,4
2025-05-03 04:08:00+00:00,2332540,101,10,5,4
2025-05-03 04:09:00+00:00,2332540,105,13,5,4
2025-05-03 04:10:00+00:00,2332540,101,16,5,4
2025-05-03 04:11:00+00:00,2332540,104,22,5,4
2025-05-03 04:12:00+00:00,2332540,112,27,5,4
2025-05-03 04:13:00+00:00,2332540,109,28,5,4
2025-05-03 04:14:00+00:00,2332540,110,24,5,4
2025-05-03 04:15:00+00:00,2332540,109,18,5,4
2025-05-03 04:16:00+00:00,2332540,104,17,5,4
2025-05-03 04:17:00+00:00,2332540,104,16,5,4
2025-05-03 04:18:00+00:00,2332540,103,14,5,4
2025-05-03 04:19:00+00:00,2332540,103,20,5,4
2025-05-03 04:20:00+00:00,2332540,108,18,5,4
2025-05-03 04:21:00+00:00,2332540,107,24,5,4
2025-05-03 04:22:00+00:00,2332540,108,26,5,4
2025-05-03 04:23:00+00:00,2332540,104,27,5,4
2025-05-03 04:24:00+00:00,2332540,105,26,5,4
2025-05-03 04:25:00+00:00,2332540,107,27,5,4
2025-05-03 04:26:00+00:00,2332540,108,23,5,4
2025-05-03 04:27:00+00:00,2332540,105,23,5,4
2025-05-03 04:28:00+00:00,2332540,110,20,5,4
2025-05-03 04:29:00+00:00,2332540,109,18,5,4
2025-05-03 04:30:00+00:00,2332540,106,19,5,4
2025-05-03 04:31:00+00:00,2332540,107,24,5,4
2025-05-03 04:32:00+00:00,2332540,103,23,5,4
2025-05-03 04:33:00+00:00,2332540,107,29,5,4
2025-05-03 04:34:00+00:00,2332540,109,29,5,4
2025-05-03 04:35:00+00:00,2332540,104,26,5,4
2025-05-03 04:36:00+00:00,2332540,103,22,5,4
2025-05-03 04:37:00+00:00,2332540,101,24,5,4
2025-05-03 04:38:00+00:00,2332540,109,25,5,4
2025-05-03 04:39:00+00:00,2332540,108,26,5,4
2025-05-03 04:40:00+00:00,2332540,108,33,5,4
2025-05-03 04:41:00+00:00,2332540,110,33,5,4
2025-05-03 04:42:00+00:00,2332540,106,35,5,4
2025-05-03 04:43:00+00:00,2332540,103,37,5,4
2025-05-03 04:44:00+00:00,2332540,102,35,5,4
2025-05-03 04:45:00+00:00,2332540,102,33,5,4
2025-05-03 04:46:00+00:00,2332540,106,32,5,4
2025-05-03 04:47:00+00:00,2332540,106,36,5,4
2025-05-03 04:48:00+00:00,2332540,104,34,5,4
2025-05-03 04:49:00+00:00,2332540,105,39,5,4
2025-05-03 04:50:00+00:00,2332540,109,35,5,4
2025-05-03 04:51:00+00:00,2332540,113,33,5,4
2025-05-03 04:52:00+00:00,2332540,104,31,5,4
2025-05-03 04:53:00+00:00,2332540,105,31,5,4
2025-05-03 04:54:00+00:00,2332540,106,24,5,4
2025-05-03 04:55:00+00:00,2332540,110,29,5,4
2025-05-03 04:56:00+00:00,2332540,113,28,5,4
2025-05-03 04:57:00+00:00,2332540,107,31,5,4
2025-05-03 04:58:00+00:00,2332540,103,34,5,4
2025-05-03 04:59:00+00:00,2332540,102,36,5,4
2025-05-03 05:00:00+00:00,2332540,102,33,5,5
2025-05-03 05:01:00+00:00,2332540,104,29,5,5
2025-05-03 05:02:00+00:00,2332540,107,26,5,5
2025-05-03 05:03:00+00:00,2332540,108,21,5,5
2025-05-03 05:04:00+00:00,2332540,105,20,5,5
2025-05-03 05:05:00+00:00,2332540,103,20,5,5
2025-05-03 05:06:00+00:00,2332540,104,27,5,5
2025-05-03 05:07:00+00:00,2332540,106,26,5,5
2025-05-03 05:08:00+00:00,2332540,107,26,5,5
2025-05-03 05:09:00+00:00,2332540,110,27,5,5
2025-05-03 05:10:00+00:00,2332540,111,31,5,5
2025-05-03 05:11:00+00:00,2332540,110,30,5,5
2025-05-03 05:12:00+00:00,2332540,109,31,5,5
2025-05-03 05:13:00+00:00,2332540,105,39,5,5
2025-05-03 05:14:00+00:00,2332540,104,34,5,5
2025-05-03 05:15:00+00:00,2332540,104,34,5,5
2025-05-03 05:16:00+00:00,2332540,105,40,5,5
2025-05-03 05:17:00+00:00,2332540,106,37,5,5
2025-05-03 05:18:00+00:00,2332540,103,35,5,5
2025-05-03 05:19:00+00:00,2332540,105,35,5,5
2025-05-03 05:20:00+00:00,2332540,109,34,5,5
2025-05-03 05:21:00+00:00,2332540,110,25,5,5
2025-05-03 05:22:00+00:00,2332540,109,24,5,5
2025-05-03 05:23:00+00:00,2332540,100,27,5,5
2025-05-03 05:24:00+00:00,2332540,107,31,5,5
2025-05-03 05:25:00+00:00,2332540,112,32,5,5
2025-05-03 05:26:00+00:00,2332540,108,31,5,5
2025-05-03 05:27:00+00:00,2332540,108,30,5,5
2025-05-03 05:28:00+00:00,2332540,104,24,5,5
2025-05-03 05:29:00+00:00,2332540,103,20,5,5
2025-05-03 05:30:00+00:00,2332540,106,24,5,5
2025-05-03 05:31:00+00:00,2332540,113,31,5,5
2025-05-03 05:32:00+00:00,2332540,110,39,5,5
2025-05-03 05:33:00+00:00,2332540,109,42,5,5
2025-05-03 05:34:00+00:00,2332540,107,40,5,5
2025-05-03 05:35:00+00:00,2332540,112,38,5,5
2025-05-03 05:36:00+00:00,2332540,106,36,5,5
2025-05-03 05:37:00+00:00,2332540,105,34,5,5
2025-05-03 05:38:00+00:00,2332540,107,30,5,5
2025-05-03 05:39:00+00:00,2332540,106,29,5,5
2025-05-03 05:40:00+00:00,2332540,105,21,5,5
2025-05-03 05:41:00+00:00,2332540,104,17,5,5
2025-05-03 05:42:00+00:00,2332540,109,20,5,5
2025-05-03 05:43:00+00:00,2332540,102,28,5,5
2025-05-03 05:44:00+00:00,2332540,101,28,5,5
2025-05-03 05:45:00+00:00,2332540,100,31,5,5
2025-05-03 05:46:00+00:00,2332540,104,36,5,5
2025-05-03 05:47:00+00:00,2332540,105,36,5,5
2025-05-03 05:48:00+00:00,2332540,103,28,5,5
2025-05-03 05:49:00+00:00,2332540,100,28,5,5
2025-05-03 05:50:00+00:00,2332540,104,35,5,5
2025-05-03 05:51:00+00:00,2332540,109,40,5,5
2025-05-03 05:52:00+00:00,2332540,104,37,5,5
2025-05-03 05:53:00+00:00,2332540,104,41,5,5
2025-05-03 05:54:00+00:00,2332540,103,43,5,5
2025-05-03 05:55:00+00:00,2332540,110,42,5,5
2025-05-03 05:56:00+00:00,2332540,107,42,5,5
2025-05-03 05:57:00+00:00,2332540,108,42,5,5
2025-05-03 05:58:00+00:00,2332540,107,40,5,5
2025-05-03 05:59:00+00:00,2332540,98,36,5,5
2025-05-03 06:00:00+00:00,2332540,100,31,5,6
2025-05-03 06:01:00+00:00,2332540,99,27,5,6
2025-05-03 06:02:00+00:00,2332540,101,27,5,6
2025-05-03 06:03:00+00:00,2332540,111,28,5,6
2025-05-03 06:04:00+00:00,2332540,111,26,5,6
2025-05-03 06:05:00+00:00,2332540,98,29,5,6
2025-05-03 06:06:00+00:00,2332540,101,29,5,6
2025-05-03 06:07:00+00:00,2332540,102,31,5,6
2025-05-03 06:08:00+00:00,2332540,106,38,5,6
2025-05-03 06:09:00+00:00,2332540,104,41,5,6
2025-05-03 06:10:00+00:00,2332540,103,35,5,6
2025-05-03 06:11:00+00:00,2332540,101,40,5,6
2025-05-03 06:12:00+00:00,2332540,99,40,5,6
2025-05-03 06:13:00+00:00,2332540,108,43,5,6
2025-05-03 06:14:00+00:00,2332540,104,46,5,6
2025-05-03 06:15:00+00:00,2332540,104,44,5,6
2025-05-03 06:16:00+00:00,2332540,105,44,5,6
2025-05-03 06:17:00+00:00,2332540,112,47,5,6
2025-05-03 06:18:00+00:00,2332540,111,38,5,6
2025-05-03 06:19:00+00:00,2332540,112,30,5,6
2025-05-03 06:20:00+00:00,2332540,106,35,5,6
2025-05-03 06:21:00+00:00,2332540,105,32,5,6
2025-05-03 06:22:00+00:00,2332540,99,36,5,6
2025-05-03 06:23:00+00:00,2332540,109,38,5,6
2025-05-03 06:24:00+00:00,2332540,109,47,5,6
2025-05-03 06:25:00+00:00,2332540,113,43,5,6
2025-05-03 06:26:00+00:00,2332540,113,42,5,6
2025-05-03 06:27:00+00:00,2332540,111,36,5,6
2025-05-03 06:28:00+00:00,2332540,104,36,5,6
2025-05-03 06:29:00+00:00,2332540,104,27,5,6
2025-05-03 06:30:00+00:00,2332540,106,33,5,6
2025-05-03 06:31:00+00:00,2332540,104,35,5,6
2025-05-03 06:32:00+00:00,2332540,107,33,5,6
2025-05-03 06:33:00+00:00,2332540,107,36,5,6
2025-05-03 06:34:00+00:00,2332540,108,43,5,6
2025-05-03 06:35:00+00:00,2332540,102,34,5,6
2025-05-03 06:36:00+00:00,2332540,104,33,5,6
2025-05-03 06:37:00+00:00,2332540,105,35,5,6
2025-05-03 06:38:00+00:00,2332540,103,37,5,6
2025-05-03 06:39:00+00:00,2332540,103,39,5,6
2025-05-03 06:40:00+00:00,2332540,110,43,5,6
2025-05-03 06:41:00+00:00,2332540,105,44,5,6
2025-05-03 06:42:00+00:00,2332540,113,55,5,6
2025-05-03 06:43:00+00:00,2332540,106,52,5,6
2025-05-03 06:44:00+00:00,2332540,106,51,5,6
2025-05-03 06:45:00+00:00,2332540,103,48,5,6
2025-05-03 06:46:00+00:00,2332540,103,51,5,6
2025-05-03 06:47:00+00:00,2332540,103,46,5,6
2025-05-03 06:48:00+00:00,2332540,107,47,5,6
2025-05-03 06:49:00+00:00,2332540,102,47,5,6
2025-05-03 06:50:00+00:00,2332540,103,45,5,6
2025-05-03 06:51:00+00:00,2332540,110,41,5,6
2025-05-03 06:52:00+00:00,2332540,102,40,5,6
2025-05-03 06:53:00+00:00,2332540,107,38,5,6
2025-05-03 06:54:00+00:00,2332540,102,37,5,6
2025-05-03 06:55:00+00:00,2332540,100,42,5,6
2025-05-03 06:56:00+00:00,2332540,100,39,5,6
2025-05-03 06:57:00+00:00,2332540,103,42,5,6
2025-05-03 06:58:00+00:00,2332540,109,46,5,6
2025-05-03 06:59:00+00:00,2332540,101,50,5,6
2025-05-03 07:00:00+00:00,2332540,105,51,5,7
2025-05-03 07:01:00+00:00,2332540,106,47,5,7
2025-05-03 07:02:00+00:00,2332540,106,40,5,7
2025-05-03 07:03:00+00:00,2332540,102,43,5,7
2025-05-03 07:04:00+00:00,2332540,99,37,5,7
2025-05-03 07:05:00+00:00,2332540,101,36,5,7
2025-05-03 07:06:00+00:00,2332540,103,40,5,7
2025-05-03 07:07:00+00:00,2332540,108,46,5,7
2025-05-03 07:08:00+00:00,2332540,106,49,5,7
2025-05-03 07:09:00+00:00,2332540,104,47,5,7
2025-05-03 07:10:00+00:00,2332540,109,48,5,7
2025-05-03 07:11:00+00:00,2332540,106,51,5,7
2025-05-03 07:12:00+00:00,2332540,98,52,5,7
2025-05-03 07:13:00+00:00,2332540,99,54,5,7
2025-05-03 07:14:00+00:00,2332540,101,60,5,7
2025-05-03 07:15:00+00:00,2332540,103,60,5,7
2025-05-03 07:16:00+00:00,2332540,99,63,5,7
2025-05-03 07:17:00+00:00,2332540,102,62,5,7
2025-05-03 07:18:00+00:00,2332540,95,56,5,7
2025-05-03 07:19:00+00:00,2332540,101,55,5,7
2025-05-03 07:20:00+00:00,2332540,98,61,5,7
2025-05-03 07:21:00+00:00,2332540,103,50,5,7
2025-05-03 07:22:00+00:00,2332540,106,49,5,7
2025-05-03 07:23:00+00:00,2332540,100,50,5,7
2025-05-03 07:24:00+00:00,2332540,100,51,5,7
2025-05-03 07:25:00+00:00,2332540,104,49,5,7
2025-05-03 07:26:00+00:00,2332540,102,59,5,7
2025-05-03 07:27:00+00:00,2332540,98,61,5,7
2025-05-03 07:28:00+00:00,2332540,98,58,5,7
2025-05-03 07:29:00+00:00,2332540,97,60,5,7
2025-05-03 07:30:00+00:00,2332540,105,61,5,7
2025-05-03 07:31:00+00:00,2332540,99,54,5,7
2025-05-03 07:32:00+00:00,2332540,97,61,5,7
2025-05-03 07:33:00+00:00,2332540,98,68,5,7
2025-05-03 07:34:00+00:00,2332540,97,65,5,7
2025-05-03 07:35:00+00:00,2332540,103,64,5,7
2025-05-03 07:36:00+00:00,2332540,103,68,5,7
2025-05-03 07:37:00+00:00,2332540,99,63,5,7
2025-05-03 07:38:00+00:00,2332540,102,68,5,7
2025-05-03 07:39:00+00:00,2332540,103,74,5,7
2025-05-03 07:40:00+00:00,2332540,98,68,5,7
2025-05-03 07:41:00+00:00,2332540,103,73,5,7
2025-05-03 07:42:00+00:00,2332540,102,74,5,7
2025-05-03 07:43:00+00:00,2332540,90,69,5,7
2025-05-03 07:44:00+00:00,2332540,101,70,5,7
2025-05-03 07:45:00+00:00,2332540,103,69,5,7
2025-05-03 07:46:00+00:00,2332540,102,69,5,7
2025-05-03 07:47:00+00:00,2332540,94,70,5,7
2025-05-03 07:48:00+00:00,2332540,95,75,5,7
2025-05-03 07:49:00+00:00,2332540,93,75,5,7
2025-05-03 07:50:00+00:00,2332540,105,74,5,7
2025-05-03 07:51:00+00:00,2332540,97,77,5,7
2025-05-03 07:52:00+00:00,2332540,93,75,5,7
2025-05-03 07:53:00+00:00,2332540,102,77,5,7
2025-05-03 07:54:00+00:00,2332540,98,77,5,7
2025-05-03 07:55:00+00:00,2332540,97,72,5,7
2025-05-03 07:56:00+00:00,2332540,99,68,5,7
2025-05-03 07:57:00+00:00,2332540,96,62,5,7
2025-05-03 07:58:00+00:00,2332540,98,54,5,7
2025-05-03 07:59:00+00:00,2332540,95,46,5,7
2025-05-03 08:00:00+00:00,2332540,95,33,5,8
2025-05-03 08:01:00+00:00,2332540,95,22,5,8
2025-05-03 08:02:00+00:00,2332540,88,20,5,8
2025-05-03 08:03:00+00:00,2332540,62,34,5,8
2025-05-03 08:04:00+00:00,2332540,29,47,5,8
2025-05-03 08:05:00+00:00,2332540,19,56,5,8
2025-05-03 08:06:00+00:00,2332540,28,66,5,8
2025-05-03 08:07:00+00:00,2332540,36,66,5,8
2025-05-03 08:08:00+00:00,2332540,35,65,5,8
2025-05-03 08:09:00+00:00,2332540,30,62,5,8
2025-05-03 08:10:00+00:00,2332540,28,69,5,8
2025-05-03 08:11:00+00:00,2332540,36,64,5,8
2025-05-03 08:12:00+00:00,2332540,37,59,5,8
2025-05-03 08:13:00+00:00,2332540,40,58,5,8
2025-05-03 08:14:00+00:00,2332540,38,56,5,8
2025-05-03 08:15:00+00:00,2332540,48,55,5,8
2025-05-03 08:16:00+00:00,2332540,52,59,5,8
2025-05-03 08:17:00+00:00,2332540,44,59,5,8
2025-05-03 08:18:00+00:00,2332540,34,63,5,8
2025-05-03 08:19:00+00:00,2332540,34,68,5,8
2025-05-03 08:20:00+00:00,2332540,30,61,5,8
2025-05-03 08:21:00+00:00,2332540,41,66,5,8
2025-05-03 08:22:00+00:00,2332540,49,61,5,8
2025-05-03 08:23:00+00:00,2332540,64,61,5,8
2025-05-03 08:24:00+00:00,2332540,93,59,5,8
2025-05-03 08:25:00+00:00,2332540,98,64,5,8
2025-05-03 08:26:00+00:00,2332540,99,52,5,8
2025-05-03 08:27:00+00:00,2332540,100,57,5,8
2025-05-03 08:28:00+00:00,2332540,101,60,5,8
2025-05-03 08:29:00+00:00,2332540,103,53,5,8
2025-05-03 08:30:00+00:00,2332540,103,58,5,8
2025-05-03 08:31:00+00:00,2332540,103,60,5,8
2025-05-03 08:32:00+00:00,2332540,106,53,5,8
2025-05-03 08:33:00+00:00,2332540,97,53,5,8
2025-05-03 08:34:00+00:00,2332540,103,51,5,8
2025-05-03 08:35:00+00:00,2332540,100,54,5,8
2025-05-03 08:36:00+00:00,2332540,103,56,5,8
2025-05-03 08:37:00+00:00,2332540,98,54,5,8
2025-05-03 08:38:00+00:00,2332540,105,53,5,8
2025-05-03 08:39:00+00:00,2332540,103,50,5,8
2025-05-03 08:40:00+00:00,2332540,95,47,5,8
2025-05-03 08:41:00+00:00,2332540,93,50,5,8
2025-05-03 08:42:00+00:00,2332540,107,59,5,8
2025-05-03 08:43:00+00:00,2332540,97,59,5,8
2025-05-03 08:44:00+00:00,2332540,102,63,5,8
2025-05-03 08:45:00+00:00,2332540,103,74,5,8
2025-05-03 08:46:00+00:00,2332540,102,77,5,8
2025-05-03 08:47:00+00:00,2332540,104,74,5,8
2025-05-03 08:48:00+00:00,2332540,87,75,5,8
2025-05-03 08:49:00+00:00,2332540,99,84,5,8
2025-05-03 08:50:00+00:00,2332540,96,76,5,8
2025-05-03 08:51:00+00:00,2332540,94,66,5,8
2025-05-03 08:52:00+00:00,2332540,99,65,5,8
2025-05-03 08:53:00+00:00,2332540,99,68,5,8
2025-05-03 08:54:00+00:00,2332540,103,60,5,8
2025-05-03 08:55:00+00:00,2332540,96,65,5,8
2025-05-03 08:56:00+00:00,2332540,101,74,5,8
2025-05-03 08:57:00+00:00,2332540,101,73,5,8
2025-05-03 08:58:00+00:00,2332540,99,67,5,8
2025-05-03 08:59:00+00:00,2332540,96,71,5,8
2025-05-03 09:00:00+00:00,2332540,99,66,5,9
2025-05-03 09:01:00+00:00,2332540,98,67,5,9
2025-05-03 09:02:00+00:00,2332540,99,68,5,9
2025-05-03 09:03:00+00:00,2332540,99,68,5,9
2025-05-03 09:04:00+00:00,2332540,98,67,5,9
2025-05-03 09:05:00+00:00,2332540,101,72,5,9
2025-05-03 09:06:00+00:00,2332540,101,65,5,9
2025-05-03 09:07:00+00:00,2332540,99,64,5,9
2025-05-03 09:08:00+00:00,2332540,99,66,5,9
2025-05-03 09:09:00+00:00,2332540,97,64,5,9
2025-05-03 09:10:00+00:00,2332540,95,60,5,9
2025-05-03 09:11:00+00:00,2332540,95,73,5,9
2025-05-03 09:12:00+00:00,2332540,93,72,5,9
2025-05-03 09:13:00+00:00,2332540,107,71,5,9
2025-05-03 09:14:00+00:00,2332540,100,69,5,9
2025-05-03 09:15:00+00:00,2332540,91,75,5,9
2025-05-03 09:16:00+00:00,2332540,89,67,5,9
2025-05-03 09:17:00+00:00,2332540,78,73,5,9
2025-05-03 09:18:00+00:00,2332540,83,72,5,9
2025-05-03 09:19:00+00:00,2332540,85,76,5,9
2025-05-03 09:20:00+00:00,2332540,72,66,5,9
2025-05-03 09:21:00+00:00,2332540,74,60,5,9
2025-05-03 09:22:00+00:00,2332540,91,58,5,9
2025-05-03 09:23:00+00:00,2332540,100,62,5,9
2025-05-03 09:24:00+00:00,2332540,100,53,5,9
2025-05-03 09:25:00+00:00,2332540,95,55,5,9
2025-05-03 09:26:00+00:00,2332540,91,57,5,9
2025-05-03 09:27:00+00:00,2332540,94,48,5,9
2025-05-03 09:28:00+00:00,2332540,84,44,5,9
2025-05-03 09:29:00+00:00,2332540,91,50,5,9
2025-05-03 09:30:00+00:00,2332540,86,53,5,9
2025-05-03 09:31:00+00:00,2332540,92,56,5,9
2025-05-03 09:32:00+00:00,2332540,92,57,5,9
2025-05-03 09:33:00+00:00,2332540,96,60,5,9
2025-05-03 09:34:00+00:00,2332540,102,60,5,9
2025-05-03 09:35:00+00:00,2332540,96,62,5,9
2025-05-03 09:36:00+00:00,2332540,99,61,5,9
2025-05-03 09:37:00+00:00,2332540,92,65,5,9
2025-05-03 09:38:00+00:00,2332540,97,67,5,9
2025-05-03 09:39:00+00:00,2332540,105,66,5,9
2025-05-03 09:40:00+00:00,2332540,100,64,5,9
2025-05-03 09:41:00+00:00,2332540,95,62,5,9
2025-05-03 09:42:00+00:00,2332540,96,67,5,9
2025-05-03 09:43:00+00:00,2332540,95,62,5,9
2025-05-03 09:44:00+00:00,2332540,94,58,5,9
2025-05-03 09:45:00+00:00,2332540,102,59,5,9
2025-05-03 09:46:00+00:00,2332540,97,64,5,9
2025-05-03 09:47:00+00:00,2332540,84,64,5,9
2025-05-03 09:48:00+00:00,2332540,87,62,5,9
2025-05-03 09:49:00+00:00,2332540,82,69,5,9
2025-05-03 09:50:00+00:00,2332540,96,62,5,9
2025-05-03 09:51:00+00:00,2332540,84,66,5,9
2025-05-03 09:52:00+00:00,2332540,89,54,5,9
2025-05-03 09:53:00+00:00,2332540,89,63,5,9
2025-05-03 09:54:00+00:00,2332540,94,63,5,9
2025-05-03 09:55:00+00:00,2332540,94,68,5,9
2025-05-03 09:56:00+00:00,2332540,80,63,5,9
2025-05-03 09:57:00+00:00,2332540,72,65,5,9
2025-05-03 09:58:00+00:00,2332540,65,54,5,9
2025-05-03 09:59:00+00:00,2332540,97,56,5,9
2025-05-03 10:00:00+00:00,2332540,93,56,5,10
2025-05-03 10:01:00+00:00,2332540,100,56,5,10
2025-05-03 10:02:00+00:00,2332540,103,56,5,10
2025-05-03 10:03:00+00:00,2332540,97,73,5,10
2025-05-03 10:04:00+00:00,2332540,96,70,5,10
2025-05-03 10:05:00+00:00,2332540,100,68,5,10
2025-05-03 10:06:00+00:00,2332540,100,66,5,10
2025-05-03 10:07:00+00:00,2332540,103,60,5,10
2025-05-03 10:08:00+00:00,2332540,103,48,5,10
2025-05-03 10:09:00+00:00,2332540,94,48,5,10
2025-05-03 10:10:00+00:00,2332540,101,53,5,10
2025-05-03 10:11:00+00:00,2332540,98,52,5,10
2025-05-03 10:12:00+00:00,2332540,98,55,5,10
2025-05-03 10:13:00+00:00,2332540,97,56,5,10
2025-05-03 10:14:00+00:00,2332540,100,60,5,10
2025-05-03 10:15:00+00:00,2332540,104,64,5,10
2025-05-03 10:16:00+00:00,2332540,104,61,5,10
2025-05-03 10:17:00+00:00,2332540,97,63,5,10
2025-05-03 10:18:00+00:00,2332540,97,63,5,10
2025-05-03 10:19:00+00:00,2332540,96,61,5,10
2025-05-03 10:20:00+00:00,2332540,102,54,5,10
2025-05-03 10:21:00+00:00,2332540,99,56,5,10
2025-05-03 10:22:00+00:00,2332540,98,63,5,10
2025-05-03 10:23:00+00:00,2332540,98,57,5,10
2025-05-03 10:24:00+00:00,2332540,100,54,5,10
2025-05-03 10:25:00+00:00,2332540,98,58,5,10
2025-05-03 10:26:00+00:00,2332540,97,50,5,10
2025-05-03 10:27:00+00:00,2332540,96,44,5,10
2025-05-03 10:28:00+00:00,2332540,98,49,5,10
2025-05-03 10:29:00+00:00,2332540,104,52,5,10
2025-05-03 10:30:00+00:00,2332540,103,57,5,10
2025-05-03 10:31:00+00:00,2332540,103,63,5,10
2025-05-03 10:32:00+00:00,2332540,100,70,5,10
2025-05-03 10:33:00+00:00,2332540,98,68,5,10
2025-05-03 10:34:00+00:00,2332540,97,72,5,10
2025-05-03 10:35:00+00:00,2332540,101,72,5,10
2025-05-03 10:36:00+00:00,2332540,97,77,5,10
2025-05-03 10:37:00+00:00,2332540,87,82,5,10
2025-05-03 10:38:00+00:00,2332540,96,82,5,10
2025-05-03 10:39:00+00:00,2332540,102,83,5,10
2025-05-03 10:40:00+00:00,2332540,96,86,5,10
2025-05-03 10:41:00+00:00,2332540,101,83,5,10
2025-05-03 10:42:00+00:00,2332540,96,80,5,10
2025-05-03 10:43:00+00:00,2332540,103,78,5,10
2025-05-03 10:44:00+00:00,2332540,106,62,5,10
2025-05-03 10:45:00+00:00,2332540,93,59,5,10
2025-05-03 10:46:00+00:00,2332540,98,55,5,10
2025-05-03 10:47:00+00:00,2332540,104,51,5,10
2025-05-03 10:48:00+00:00,2332540,105,57,5,10
2025-05-03 10:49:00+00:00,2332540,105,61,5,10
2025-05-03 10:50:00+00:00,2332540,101,63,5,10
2025-05-03 10:51:00+00:00,2332540,99,68,5,10
2025-05-03 10:52:00+00:00,2332540,94,66,5,10
2025-05-03 10:53:00+00:00,2332540,102,70,5,10
2025-05-03 10:54:00+00:00,2332540,97,62,5,10
2025-05-03 10:55:00+00:00,2332540,101,55,5,10
2025-05-03 10:56:00+00:00,2332540,99,57,5,10
2025-05-03 10:57:00+00:00,2332540,96,62,5,10
2025-05-03 10:58:00+00:00,2332540,95,55,5,10
2025-05-03 10:59:00+00:00,2332540,97,65,5,10
2025-05-03 11:00:00+00:00,2332540,102,67,5,11
2025-05-03 11:01:00+00:00,2332540,96,62,5,11
2025-05-03 11:02:00+00:00,2332540,99,57,5,11
2025-05-03 11:03:00+00:00,2332540,105,52,5,11
2025-05-03 11:04:00+00:00,2332540,103,44,5,11
2025-05-03 11:05:00+00:00,2332540,97,46,5,11
2025-05-03 11:06:00+00:00,2332540,95,54,5,11
2025-05-03 11:07:00+00:00,2332540,90,58,5,11
2025-05-03 11:08:00+00:00,2332540,96,73,5,11
2025-05-03 11:09:00+00:00,2332540,98,79,5,11
2025-05-03 11:10:00+00:00,2332540,98,78,5,11
2025-05-03 11:11:00+00:00,2332540,91,71,5,11
2025-05-03 11:12:00+00:00,2332540,95,70,5,11
2025-05-03 11:13:00+00:00,2332540,98,61,5,11
2025-05-03 11:14:00+00:00,2332540,94,57,5,11
2025-05-03 11:15:00+00:00,2332540,94,57,5,11
2025-05-03 11:16:00+00:00,2332540,90,58,5,11
2025-05-03 11:17:00+00:00,2332540,96,62,5,11
2025-05-03 11:18:00+00:00,2332540,95,70,5,11
2025-05-03 11:19:00+00:00,2332540,100,71,5,11
2025-05-03 11:20:00+00:00,2332540,92,73,5,11
2025-05-03 11:21:00+00:00,2332540,98,75,5,11
2025-05-03 11:22:00+00:00,2332540,99,76,5,11
2025-05-03 11:23:00+00:00,2332540,97,59,5,11
2025-05-03 11:24:00+00:00,2332540,90,61,5,11
2025-05-03 11:25:00+00:00,2332540,99,61,5,11
2025-05-03 11:26:00+00:00,2332540,98,53,5,11
2025-05-03 11:27:00+00:00,2332540,95,56,5,11
2025-05-03 11:28:00+00:00,2332540,90,67,5,11
2025-05-03 11:29:00+00:00,2332540,84,72,5,11
2025-05-03 11:30:00+00:00,2332540,70,67,5,11
2025-05-03 11:31:00+00:00,2332540,31,64,5,11
2025-05-03 11:32:00+00:00,2332540,17,57,5,11
2025-05-03 11:33:00+00:00,2332540,16,51,5,11
2025-05-03 11:34:00+00:00,2332540,20,48,5,11
2025-05-03 11:35:00+00:00,2332540,25,54,5,11
2025-05-03 11:36:00+00:00,2332540,28,55,5,11
2025-05-03 11:37:00+00:00,2332540,24,58,5,11
2025-05-03 11:38:00+00:00,2332540,15,59,5,11
2025-05-03 11:39:00+00:00,2332540,17,54,5,11
2025-05-03 11:40:00+00:00,2332540,26,57,5,11
2025-05-03 11:41:00+00:00,2332540,27,61,5,11
2025-05-03 11:42:00+00:00,2332540,21,57,5,11
2025-05-03 11:43:00+00:00,2332540,32,65,5,11
2025-05-03 11:44:00+00:00,2332540,35,61,5,11
2025-05-03 11:45:00+00:00,2332540,31,54,5,11
2025-05-03 11:46:00+00:00,2332540,19,51,5,11
2025-05-03 11:47:00+00:00,2332540,25,56,5,11
2025-05-03 11:48:00+00:00,2332540,17,45,5,11
2025-05-03 11:49:00+00:00,2332540,21,44,5,11
2025-05-03 11:50:00+00:00,2332540,23,41,5,11
2025-05-03 11:51:00+00:00,2332540,29,42,5,11
2025-05-03 11:52:00+00:00,2332540,13,42,5,11
2025-05-03 11:53:00+00:00,2332540,13,40,5,11
2025-05-03 11:54:00+00:00,2332540,24,48,5,11
2025-05-03 11:55:00+00:00,2332540,26,57,5,11
2025-05-03 11:56:00+00:00,2332540,23,58,5,11
2025-05-03 11:57:00+00:00,2332540,28,61,5,11
2025-05-03 11:58:00+00:00,2332540,27,63,5,11
2025-05-03 11:59:00+00:00,2332540,18,61,5,11
2025-05-03 12:00:00+00:00,2332540,15,51,5,12
2025-05-03 12:01:00+00:00,2332540,15,51,5,12
2025-05-03 12:02:00+00:00,2332540,12,49,5,12
2025-05-03 12:03:00+00:00,2332540,18,50,5,12
2025-05-03 12:04:00+00:00,2332540,16,45,5,12
2025-05-03 12:05:00+00:00,2332540,15,49,5,12
2025-05-03 12:06:00+00:00,2332540,26,49,5,12
2025-05-03 12:07:00+00:00,2332540,28,46,5,12
2025-05-03 12:08:00+00:00,2332540,18,43,5,12
2025-05-03 12:09:00+00:00,2332540,18,42,5,12
2025-05-03 12:10:00+00:00,2332540,23,41,5,12
2025-05-03 12:11:00+00:00,2332540,16,37,5,12
2025-05-03 12:12:00+00:00,2332540,15,35,5,12
2025-05-03 12:13:00+00:00,2332540,21,38,5,12
2025-05-03 12:14:00+00:00,2332540,18,47,5,12
2025-05-03 12:15:00+00:00,2332540,14,42,5,12
2025-05-03 12:16:00+00:00,2332540,12,43,5,12
2025-05-03 12:17:00+00:00,2332540,16,47,5,12
2025-05-03 12:18:00+00:00,2332540,21,44,5,12
2025-05-03 12:19:00+00:00,2332540,18,41,5,12
2025-05-03 12:20:00+00:00,2332540,16,47,5,12
2025-05-03 12:21:00+00:00,2332540,13,48,5,12
2025-05-03 12:22:00+00:00,2332540,12,39,5,12
2025-05-03 12:23:00+00:00,2332540,12,38,5,12
2025-05-03 12:24:00+00:00,2332540,15,45,5,12
2025-05-03 12:25:00+00:00,2332540,9,41,5,12
2025-05-03 12:26:00+00:00,2332540,15,46,5,12
2025-05-03 12:27:00+00:00,2332540,12,49,5,12
2025-05-03 12:28:00+00:00,2332540,9,45,5,12
2025-05-03 12:29:00+00:00,2332540,13,38,5,12
2025-05-03 12:30:00+00:00,2332540,18,43,5,12
2025-05-03 12:31:00+00:00,2332540,16,36,5,12
2025-05-03 12:32:00+00:00,2332540,14,37,5,12
2025-05-03 12:33:00+00:00,2332540,15,45,5,12
2025-05-03 12:34:00+00:00,2332540,19,47,5,12
2025-05-03 12:35:00+00:00,2332540,16,47,5,12
2025-05-03 12:36:00+00:00,2332540,25,51,5,12
2025-05-03 12:37:00+00:00,2332540,20,54,5,12
2025-05-03 12:38:00+00:00,2332540,17,48,5,12
2025-05-03 12:39:00+00:00,2332540,15,42,5,12
2025-05-03 12:40:00+00:00,2332540,19,47,5,12
2025-05-03 12:41:00+00:00,2332540,20,50,5,12
2025-05-03 12:42:00+00:00,2332540,17,51,5,12
2025-05-03 12:43:00+00:00,2332540,22,62,5,12
2025-05-03 12:44:00+00:00,2332540,19,59,5,12
2025-05-03 12:45:00+00:00,2332540,15,59,5,12
2025-05-03 12:46:00+00:00,2332540,16,46,5,12
2025-05-03 12:47:00+00:00,2332540,17,39,5,12
2025-05-03 12:48:00+00:00,2332540,24,37,5,12
2025-05-03 12:49:00+00:00,2332540,24,47,5,12
2025-05-03 12:50:00+00:00,2332540,20,45,5,12
2025-05-03 12:51:00+00:00,2332540,18,54,5,12
2025-05-03 12:52:00+00:00,2332540,20,60,5,12
2025-05-03 12:53:00+00:00,2332540,14,54,5,12
2025-05-03 12:54:00+00:00,2332540,13,47,5,12
2025-05-03 12:55:00+00:00,2332540,21,48,5,12
2025-05-03 12:56:00+00:00,2332540,13,42,5,12
2025-05-03 12:57:00+00:00,2332540,17,38,5,12
2025-05-03 12:58:00+00:00,2332540,26,42,5,12
2025-05-03 12:59:00+00:00,2332540,28,50,5,12
2025-05-03 13:00:00+00:00,2332540,22,44,5,13
2025-05-03 13:01:00+00:00,2332540,15,45,5,13
2025-05-03 13:02:00+00:00,2332540,26,48,5,13
2025-05-03 13:03:00+00:00,2332540,21,44,5,13
2025-05-03 13:04:00+00:00,2332540,20,44,5,13
2025-05-03 13:05:00+00:00,2332540,12,45,5,13
2025-05-03 13:06:00+00:00,2332540,16,50,5,13
2025-05-03 13:07:00+00:00,2332540,16,43,5,13
2025-05-03 13:08:00+00:00,2332540,20,43,5,13
2025-05-03 13:09:00+00:00,2332540,22,47,5,13
2025-05-03 13:10:00+00:00,2332540,21,46,5,13
2025-05-03 13:11:00+00:00,2332540,22,41,5,13
2025-05-03 13:12:00+00:00,2332540,25,39,5,13
2025-05-03 13:13:00+00:00,2332540,20,39,5,13
2025-05-03 13:14:00+00:00,2332540,23,37,5,13
2025-05-03 13:15:00+00:00,2332540,31,43,5,13
2025-05-03 13:16:00+00:00,2332540,38,54,5,13
2025-05-03 13:17:00+00:00,2332540,35,61,5,13
2025-05-03 13:18:00+00:00,2332540,33,66,5,13
2025-05-03 13:19:00+00:00,2332540,31,67,5,13
2025-05-03 13:20:00+00:00,2332540,44,67,5,13
2025-05-03 13:21:00+00:00,2332540,63,69,5,13
2025-05-03 13:22:00+00:00,2332540,81,74,5,13
2025-05-03 13:23:00+00:00,2332540,99,76,5,13
2025-05-03 13:24:00+00:00,2332540,106,77,5,13
2025-05-03 13:25:00+00:00,2332540,104,76,5,13
2025-05-03 13:26:00+00:00,2332540,101,82,5,13
2025-05-03 13:27:00+00:00,2332540,104,85,5,13
2025-05-03 13:28:00+00:00,2332540,100,79,5,13
2025-05-03 13:29:00+00:00,2332540,103,74,5,13
2025-05-03 13:30:00+00:00,2332540,107,72,5,13
2025-05-03 13:31:00+00:00,2332540,103,62,5,13
2025-05-03 13:32:00+00:00,2332540,99,56,5,13
2025-05-03 13:33:00+00:00,2332540,110,56,5,13
2025-05-03 13:34:00+00:00,2332540,105,59,5,13
2025-05-03 13:35:00+00:00,2332540,108,58,5,13
2025-05-03 13:36:00+00:00,2332540,95,69,5,13
2025-05-03 13:37:00+00:00,2332540,100,68,5,13
2025-05-03 13:38:00+00:00,2332540,100,67,5,13
2025-05-03 13:39:00+00:00,2332540,97,66,5,13
2025-05-03 13:40:00+00:00,2332540,100,66,5,13
2025-05-03 13:41:00+00:00,2332540,101,54,5,13
2025-05-03 13:42:00+00:00,2332540,103,56,5,13
2025-05-03 13:43:00+00:00,2332540,105,61,5,13
2025-05-03 13:44:00+00:00,2332540,99,67,5,13
2025-05-03 13:45:00+00:00,2332540,102,74,5,13
2025-05-03 13:46:00+00:00,2332540,104,77,5,13
2025-05-03 13:47:00+00:00,2332540,96,71,5,13
2025-05-03 13:48:00+00:00,2332540,93,78,5,13
2025-05-03 13:49:00+00:00,2332540,108,70,5,13
2025-05-03 13:50:00+00:00,2332540,100,68,5,13
2025-05-03 13:51:00+00:00,2332540,112,69,5,13
2025-05-03 13:52:00+00:00,2332540,109,63,5,13
2025-05-03 13:53:00+00:00,2332540,101,51,5,13
2025-05-03 13:54:00+00:00,2332540,102,56,5,13
2025-05-03 13:55:00+00:00,2332540,107,48,5,13
2025-05-03 13:56:00+00:00,2332540,103,46,5,13
2025-05-03 13:57:00+00:00,2332540,102,44,5,13
2025-05-03 13:58:00+00:00,2332540,98,54,5,13
2025-05-03 13:59:00+00:00,2332540,104,56,5,13
2025-05-03 14:00:00+00:00,2332540,95,63,5,14
2025-05-03 14:01:00+00:00,2332540,107,63,5,14
2025-05-03 14:02:00+00:00,2332540,104,74,5,14
2025-05-03 14:03:00+00:00,2332540,100,68,5,14
2025-05-03 14:04:00+00:00,2332540,99,64,5,14
2025-05-03 14:05:00+00:00,2332540,105,65,5,14
2025-05-03 14:06:00+00:00,2332540,106,60,5,14
2025-05-03 14:07:00+00:00,2332540,103,57,5,14
2025-05-03 14:08:00+00:00,2332540,107,57,5,14
2025-05-03 14:09:00+00:00,2332540,98,68,5,14
2025-05-03 14:10:00+00:00,2332540,103,70,5,14
2025-05-03 14:11:00+00:00,2332540,105,75,5,14
2025-05-03 14:12:00+00:00,2332540,104,73,5,14
2025-05-03 14:13:00+00:00,2332540,112,71,5,14
2025-05-03 14:14:00+00:00,2332540,106,58,5,14
2025-05-03 14:15:00+00:00,2332540,101,60,5,14
2025-05-03 14:16:00+00:00,2332540,103,57,5,14
2025-05-03 14:17:00+00:00,2332540,104,55,5,14
2025-05-03 14:18:00+00:00,2332540,101,57,5,14
2025-05-03 14:19:00+00:00,2332540,99,66,5,14
2025-05-03 14:20:00+00:00,2332540,105,72,5,14
2025-05-03 14:21:00+00:00,2332540,105,72,5,14
2025-05-03 14:22:00+00:00,2332540,101,72,5,14
2025-05-03 14:23:00+00:00,2332540,107,78,5,14
2025-05-03 14:24:00+00:00,2332540,102,71,5,14
2025-05-03 14:25:00+00:00,2332540,103,68,5,14
2025-05-03 14:26:00+00:00,2332540,107,67,5,14
2025-05-03 14:27:00+00:00,2332540,107,59,5,14
2025-05-03 14:28:00+00:00,2332540,107,51,5,14
2025-05-03 14:29:00+00:00,2332540,111,53,5,14
2025-05-03 14:30:00+00:00,2332540,105,54,5,14
2025-05-03 14:31:00+00:00,2332540,105,57,5,14
2025-05-03 14:32:00+00:00,2332540,106,65,5,14
2025-05-03 14:33:00+00:00,2332540,104,70,5,14
2025-05-03 14:34:00+00:00,2332540,103,75,5,14
2025-05-03 14:35:00+00:00,2332540,94,74,5,14
2025-05-03 14:36:00+00:00,2332540,104,77,5,14
2025-05-03 14:37:00+00:00,2332540,101,76,5,14
2025-05-03 14:38:00+00:00,2332540,100,70,5,14
2025-05-03 14:39:00+00:00,2332540,104,71,5,14
2025-05-03 14:40:00+00:00,2332540,97,79,5,14
2025-05-03 14:41:00+00:00,2332540,99,75,5,14
2025-05-03 14:42:00+00:00,2332540,103,78,5,14
2025-05-03 14:43:00+00:00,2332540,103,84,5,14
2025-05-03 14:44:00+00:00,2332540,100,87,5,14
2025-05-03 14:45:00+00:00,2332540,105,85,5,14
2025-05-03 14:46:00+00:00,2332540,103,89,5,14
2025-05-03 14:47:00+00:00,2332540,99,85,5,14
2025-05-03 14:48:00+00:00,2332540,106,83,5,14
2025-05-03 14:49:00+00:00,2332540,103,82,5,14
2025-05-03 14:50:00+00:00,2332540,109,85,5,14
2025-05-03 14:51:00+00:00,2332540,103,79,5,14
2025-05-03 14:52:00+00:00,2332540,97,77,5,14
2025-05-03 14:53:00+00:00,2332540,104,70,5,14
2025-05-03 14:54:00+00:00,2332540,104,67,5,14
2025-05-03 14:55:00+00:00,2332540,108,59,5,14
2025-05-03 14:56:00+00:00,2332540,104,51,5,14
2025-05-03 14:57:00+00:00,2332540,104,57,5,14
2025-05-03 14:58:00+00:00,2332540,102,62,5,14
2025-05-03 14:59:00+00:00,2332540,102,73,5,14
2025-05-03 15:00:00+00:00,2332540,107,80,5,15
2025-05-03 15:01:00+00:00,2332540,101,97,5,15
2025-05-03 15:02:00+00:00,2332540,107,98,5,15
2025-05-03 15:03:00+00:00,2332540,99,94,5,15
2025-05-03 15:04:00+00:00,2332540,100,90,5,15
2025-05-03 15:05:00+00:00,2332540,107,93,5,15
2025-05-03 15:06:00+00:00,2332540,101,84,5,15
2025-05-03 15:07:00+00:00,2332540,106,71,5,15
2025-05-03 15:08:00+00:00,2332540,107,74,5,15
2025-05-03 15:09:00+00:00,2332540,97,74,5,15
2025-05-03 15:10:00+00:00,2332540,106,62,5,15
2025-05-03 15:11:00+00:00,2332540,108,59,5,15
2025-05-03 15:12:00+00:00,2332540,90,63,5,15
2025-05-03 15:13:00+00:00,2332540,103,65,5,15
2025-05-03 15:14:00+00:00,2332540,101,61,5,15
2025-05-03 15:15:00+00:00,2332540,108,69,5,15
2025-05-03 15:16:00+00:00,2332540,104,68,5,15
2025-05-03 15:17:00+00:00,2332540,99,65,5,15
2025-05-03 15:18:00+00:00,2332540,100,66,5,15
2025-05-03 15:19:00+00:00,2332540,108,59,5,15
2025-05-03 15:20:00+00:00,2332540,104,60,5,15
2025-05-03 15:21:00+00:00,2332540,104,63,5,15
2025-05-03 15:22:00+00:00,2332540,105,56,5,15
2025-05-03 15:23:00+00:00,2332540,105,53,5,15
2025-05-03 15:24:00+00:00,2332540,100,58,5,15
2025-05-03 15:25:00+00:00,2332540,102,64,5,15
2025-05-03 15:26:00+00:00,2332540,107,73,5,15
2025-05-03 15:27:00+00:00,2332540,111,83,5,15
2025-05-03 15:28:00+00:00,2332540,107,88,5,15
2025-05-03 15:29:00+00:00,2332540,104,76,5,15
2025-05-03 15:30:00+00:00,2332540,99,83,5,15
2025-05-03 15:31:00+00:00,2332540,105,80,5,15
2025-05-03 15:32:00+00:00,2332540,107,79,5,15
2025-05-03 15:33:00+00:00,2332540,104,88,5,15
2025-05-03 15:34:00+00:00,2332540,109,90,5,15
2025-05-03 15:35:00+00:00,2332540,108,73,5,15
2025-05-03 15:36:00+00:00,2332540,109,66,5,15
2025-05-03 15:37:00+00:00,2332540,102,64,5,15
2025-05-03 15:38:00+00:00,2332540,103,57,5,15
2025-05-03 15:39:00+00:00,2332540,97,59,5,15
2025-05-03 15:40:00+00:00,2332540,97,66,5,15
2025-05-03 15:41:00+00:00,2332540,102,66,5,15
2025-05-03 15:42:00+00:00,2332540,106,69,5,15
2025-05-03 15:43:00+00:00,2332540,102,63,5,15
2025-05-03 15:44:00+00:00,2332540,105,65,5,15
2025-05-03 15:45:00+00:00,2332540,109,51,5,15
2025-05-03 15:46:00+00:00,2332540,108,55,5,15
2025-05-03 15:47:00+00:00,2332540,103,50,5,15
2025-05-03 15:48:00+00:00,2332540,104,53,5,15
2025-05-03 15:49:00+00:00,2332540,101,54,5,15
2025-05-03 15:50:00+00:00,2332540,99,63,5,15
2025-05-03 15:51:00+00:00,2332540,101,62,5,15
2025-05-03 15:52:00+00:00,2332540,100,66,5,15
2025-05-03 15:53:00+00:00,2332540,103,69,5,15
2025-05-03 15:54:00+00:00,2332540,103,65,5,15
2025-05-03 15:55:00+00:00,2332540,99,65,5,15
2025-05-03 15:56:00+00:00,2332540,102,66,5,15
2025-05-03 15:57:00+00:00,2332540,107,58,5,15
2025-05-03 15:58:00+00:00,2332540,103,57,5,15
2025-05-03 15:59:00+00:00,2332540,106,60,5,15
2025-05-03 16:00:00+00:00,2332540,103,57,5,16
2025-05-03 16:01:00+00:00,2332540,96,59,5,16
2025-05-03 16:02:00+00:00,2332540,111,59,5,16
2025-05-03 16:03:00+00:00,2332540,106,59,5,16
2025-05-03 16:04:00+00:00,2332540,104,60,5,16
2025-05-03 16:05:00+00:00,2332540,100,63,5,16
2025-05-03 16:06:00+00:00,2332540,104,60,5,16
2025-05-03 16:07:00+00:00,2332540,105,53,5,16
2025-05-03 16:08:00+00:00,2332540,92,60,5,16
2025-05-03 16:09:00+00:00,2332540,97,68,5,16
2025-05-03 16:10:00+00:00,2332540,117,67,5,16
2025-05-03 16:11:00+00:00,2332540,102,71,5,16
2025-05-03 16:12:00+00:00,2332540,110,79,5,16
2025-05-03 16:13:00+00:00,2332540,105,75,5,16
2025-05-03 16:14:00+00:00,2332540,108,71,5,16
2025-05-03 16:15:00+00:00,2332540,112,69,5,16
2025-05-03 16:16:00+00:00,2332540,105,60,5,16
2025-05-03 16:17:00+00:00,2332540,105,62,5,16
2025-05-03 16:18:00+00:00,2332540,106,66,5,16
2025-05-03 16:19:00+00:00,2332540,102,63,5,16
2025-05-03 16:20:00+00:00,2332540,102,70,5,16
2025-05-03 16:21:00+00:00,2332540,105,75,5,16
2025-05-03 16:22:00+00:00,2332540,107,75,5,16
2025-05-03 16:23:00+00:00,2332540,105,69,5,16
2025-05-03 16:24:00+00:00,2332540,102,66,5,16
2025-05-03 16:25:00+00:00,2332540,100,59,5,16
2025-05-03 16:26:00+00:00,2332540,112,62,5,16
2025-05-03 16:27:00+00:00,2332540,105,59,5,16
2025-05-03 16:28:00+00:00,2332540,101,61,5,16
2025-05-03 16:29:00+00:00,2332540,106,67,5,16
2025-05-03 16:30:00+00:00,2332540,104,65,5,16
2025-05-03 16:31:00+00:00,2332540,111,65,5,16
2025-05-03 16:32:00+00:00,2332540,104,61,5,16
2025-05-03 16:33:00+00:00,2332540,104,61,5,16
2025-05-03 16:34:00+00:00,2332540,102,61,5,16
2025-05-03 16:35:00+00:00,2332540,102,55,5,16
2025-05-03 16:36:00+00:00,2332540,99,54,5,16
2025-05-03 16:37:00+00:00,2332540,105,62,5,16
2025-05-03 16:38:00+00:00,2332540,100,60,5,16
2025-05-03 16:39:00+00:00,2332540,105,59,5,16
2025-05-03 16:40:00+00:00,2332540,112,62,5,16
2025-05-03 16:41:00+00:00,2332540,104,63,5,16
2025-05-03 16:42:00+00:00,2332540,102,57,5,16
2025-05-03 16:43:00+00:00,2332540,107,62,5,16
2025-05-03 16:44:00+00:00,2332540,105,57,5,16
2025-05-03 16:45:00+00:00,2332540,109,56,5,16
2025-05-03 16:46:00+00:00,2332540,96,63,5,16
2025-05-03 16:47:00+00:00,2332540,108,65,5,16
2025-05-03 16:48:00+00:00,2332540,102,63,5,16
2025-05-03 16:49:00+00:00,2332540,103,61,5,16
2025-05-03 16:50:00+00:00,2332540,103,63,5,16
2025-05-03 16:51:00+00:00,2332540,108,61,5,16
2025-05-03 16:52:00+00:00,2332540,103,54,5,16
2025-05-03 16:53:00+00:00,2332540,115,54,5,16
2025-05-03 16:54:00+00:00,2332540,109,58,5,16
2025-05-03 16:55:00+00:00,2332540,100,63,5,16
2025-05-03 16:56:00+00:00,2332540,108,58,5,16
2025-05-03 16:57:00+00:00,2332540,113,61,5,16
2025-05-03 16:58:00+00:00,2332540,110,61,5,16
2025-05-03 16:59:00+00:00,2332540,112,62,5,16
2025-05-03 17:00:00+00:00,2332540,104,55,5,17
2025-05-03 17:01:00+00:00,2332540,108,56,5,17
2025-05-03 17:02:00+00:00,2332540,104,57,5,17
2025-05-03 17:03:00+00:00,2332540,101,57,5,17
2025-05-03 17:04:00+00:00,2332540,109,56,5,17
2025-05-03 17:05:00+00:00,2332540,115,52,5,17
2025-05-03 17:06:00+00:00,2332540,103,54,5,17
2025-05-03 17:07:00+00:00,2332540,116,51,5,17
2025-05-03 17:08:00+00:00,2332540,112,47,5,17
2025-05-03 17:09:00+00:00,2332540,107,43,5,17
2025-05-03 17:10:00+00:00,2332540,102,45,5,17
2025-05-03 17:11:00+00:00,2332540,99,44,5,17
2025-05-03 17:12:00+00:00,2332540,108,48,5,17
2025-05-03 17:13:00+00:00,2332540,108,49,5,17
2025-05-03 17:14:00+00:00,2332540,107,67,5,17
2025-05-03 17:15:00+00:00,2332540,103,68,5,17
2025-05-03 17:16:00+00:00,2332540,101,67,5,17
2025-05-03 17:17:00+00:00,2332540,104,73,5,17
2025-05-03 17:18:00+00:00,2332540,101,71,5,17
2025-05-03 17:19:00+00:00,2332540,109,61,5,17
2025-05-03 17:20:00+00:00,2332540,106,65,5,17
2025-05-03 17:21:00+00:00,2332540,104,70,5,17
2025-05-03 17:22:00+00:00,2332540,107,57,5,17
2025-05-03 17:23:00+00:00,2332540,103,63,5,17
2025-05-03 17:24:00+00:00,2332540,106,59,5,17
2025-05-03 17:25:00+00:00,2332540,114,64,5,17
2025-05-03 17:26:00+00:00,2332540,105,62,5,17
2025-05-03 17:27:00+00:00,2332540,109,65,5,17
2025-05-03 17:28:00+00:00,2332540,102,55,5,17
2025-05-03 17:29:00+00:00,2332540,104,52,5,17
2025-05-03 17:30:00+00:00,2332540,105,43,5,17
2025-05-03 17:31:00+00:00,2332540,102,42,5,17
2025-05-03 17:32:00+00:00,2332540,108,41,5,17
2025-05-03 17:33:00+00:00,2332540,111,47,5,17
2025-05-03 17:34:00+00:00,2332540,109,50,5,17
2025-05-03 17:35:00+00:00,2332540,115,58,5,17
2025-05-03 17:36:00+00:00,2332540,106,66,5,17
2025-05-03 17:37:00+00:00,2332540,106,64,5,17
2025-05-03 17:38:00+00:00,2332540,102,65,5,17
2025-05-03 17:39:00+00:00,2332540,105,63,5,17
2025-05-03 17:40:00+00:00,2332540,105,56,5,17
2025-05-03 17:41:00+00:00,2332540,115,51,5,17
2025-05-03 17:42:00+00:00,2332540,109,44,5,17
2025-05-03 17:43:00+00:00,2332540,106,40,5,17
2025-05-03 17:44:00+00:00,2332540,106,46,5,17
2025-05-03 17:45:00+00:00,2332540,107,45,5,17
2025-05-03 17:46:00+00:00,2332540,104,40,5,17
2025-05-03 17:47:00+00:00,2332540,105,50,5,17
2025-05-03 17:48:00+00:00,2332540,112,54,5,17
2025-05-03 17:49:00+00:00,2332540,102,58,5,17
2025-05-03 17:50:00+00:00,2332540,103,67,5,17
2025-05-03 17:51:00+00:00,2332540,110,74,5,17
2025-05-03 17:52:00+00:00,2332540,110,67,5,17
2025-05-03 17:53:00+00:00,2332540,112,61,5,17
2025-05-03 17:54:00+00:00,2332540,108,58,5,17
2025-05-03 17:55:00+00:00,2332540,107,53,5,17
2025-05-03 17:56:00+00:00,2332540,107,47,5,17
2025-05-03 17:57:00+00:00,2332540,100,46,5,17
2025-05-03 17:58:00+00:00,2332540,106,50,5,17
2025-05-03 17:59:00+00:00,2332540,98,46,5,17
2025-05-03 18:00:00+00:00,2332540,100,46,5,18
2025-05-03 18:01:00+00:00,2332540,110,55,5,18
2025-05-03 18:02:00+00:00,2332540,101,59,5,18
2025-05-03 18:03:00+00:00,2332540,106,52,5,18
2025-05-03 18:04:00+00:00,2332540,104,64,5,18
2025-05-03 18:05:00+00:00,2332540,106,65,5,18
2025-05-03 18:06:00+00:00,2332540,106,53,5,18
2025-05-03 18:07:00+00:00,2332540,108,48,5,18
2025-05-03 18:08:00+00:00,2332540,110,48,5,18
2025-05-03 18:09:00+00:00,2332540,106,47,5,18
2025-05-03 18:10:00+00:00,2332540,105,43,5,18
2025-05-03 18:11:00+00:00,2332540,107,51,5,18
2025-05-03 18:12:00+00:00,2332540,111,59,5,18
2025-05-03 18:13:00+00:00,2332540,104,57,5,18
2025-05-03 18:14:00+00:00,2332540,109,57,5,18
2025-05-03 18:15:00+00:00,2332540,109,59,5,18
2025-05-03 18:16:00+00:00,2332540,107,51,5,18
2025-05-03 18:17:00+00:00,2332540,101,46,5,18
2025-05-03 18:18:00+00:00,2332540,103,53,5,18
2025-05-03 18:19:00+00:00,2332540,102,47,5,18
2025-05-03 18:20:00+00:00,2332540,110,49,5,18
2025-05-03 18:21:00+00:00,2332540,108,57,5,18
2025-05-03 18:22:00+00:00,2332540,100,61,5,18
2025-05-03 18:23:00+00:00,2332540,102,54,5,18
2025-05-03 18:24:00+00:00,2332540,103,56,5,18
2025-05-03 18:25:00+00:00,2332540,104,55,5,18
2025-05-03 18:26:00+00:00,2332540,99,53,5,18
2025-05-03 18:27:00+00:00,2332540,105,56,5,18
2025-05-03 18:28:00+00:00,2332540,104,57,5,18
2025-05-03 18:29:00+00:00,2332540,106,54,5,18
2025-05-03 18:30:00+00:00,2332540,109,51,5,18
2025-05-03 18:31:00+00:00,2332540,111,48,5,18
2025-05-03 18:32:00+00:00,2332540,104,46,5,18
2025-05-03 18:33:00+00:00,2332540,104,44,5,18
2025-05-03 18:34:00+00:00,2332540,108,39,5,18
2025-05-03 18:35:00+00:00,2332540,103,39,5,18
2025-05-03 18:36:00+00:00,2332540,109,40,5,18
2025-05-03 18:37:00+00:00,2332540,109,42,5,18
2025-05-03 18:38:00+00:00,2332540,106,48,5,18
2025-05-03 18:39:00+00:00,2332540,108,54,5,18
2025-05-03 18:40:00+00:00,2332540,106,58,5,18
2025-05-03 18:41:00+00:00,2332540,102,65,5,18
2025-05-03 18:42:00+00:00,2332540,105,62,5,18
2025-05-03 18:43:00+00:00,2332540,109,65,5,18
2025-05-03 18:44:00+00:00,2332540,107,61,5,18
2025-05-03 18:45:00+00:00,2332540,107,53,5,18
2025-05-03 18:46:00+00:00,2332540,110,49,5,18
2025-05-03 18:47:00+00:00,2332540,112,48,5,18
2025-05-03 18:48:00+00:00,2332540,110,42,5,18
2025-05-03 18:49:00+00:00,2332540,106,37,5,18
2025-05-03 18:50:00+00:00,2332540,111,37,5,18
2025-05-03 18:51:00+00:00,2332540,112,35,5,18
2025-05-03 18:52:00+00:00,2332540,107,33,5,18
2025-05-03 18:53:00+00:00,2332540,108,40,5,18
2025-05-03 18:54:00+00:00,2332540,104,46,5,18
2025-05-03 18:55:00+00:00,2332540,101,46,5,18
2025-05-03 18:56:00+00:00,2332540,98,49,5,18
2025-05-03 18:57:00+00:00,2332540,105,46,5,18
2025-05-03 18:58:00+00:00,2332540,110,48,5,18
2025-05-03 18:59:00+00:00,2332540,104,52,5,18
2025-05-03 19:00:00+00:00,2332540,107,46,5,19
2025-05-03 19:01:00+00:00,2332540,104,45,5,19
2025-05-03 19:02:00+00:00,2332540,105,43,5,19
2025-05-03 19:03:00+00:00,2332540,105,37,5,19
2025-05-03 19:04:00+00:00,2332540,115,29,5,19
2025-05-03 19:05:00+00:00,2332540,111,30,5,19
2025-05-03 19:06:00+00:00,2332540,109,31,5,19
2025-05-03 19:07:00+00:00,2332540,101,33,5,19
2025-05-03 19:08:00+00:00,2332540,106,33,5,19
2025-05-03 19:09:00+00:00,2332540,110,40,5,19
2025-05-03 19:10:00+00:00,2332540,107,40,5,19
2025-05-03 19:11:00+00:00,2332540,103,42,5,19
2025-05-03 19:12:00+00:00,2332540,101,42,5,19
2025-05-03 19:13:00+00:00,2332540,99,36,5,19
2025-05-03 19:14:00+00:00,2332540,106,38,5,19
2025-05-03 19:15:00+00:00,2332540,102,38,5,19
2025-05-03 19:16:00+00:00,2332540,103,36,5,19
2025-05-03 19:17:00+00:00,2332540,106,42,5,19
2025-05-03 19:18:00+00:00,2332540,107,47,5,19
2025-05-03 19:19:00+00:00,2332540,105,41,5,19
2025-05-03 19:20:00+00:00,2332540,104,52,5,19
2025-05-03 19:21:00+00:00,2332540,104,47,5,19
2025-05-03 19:22:00+00:00,2332540,107,50,5,19
2025-05-03 19:23:00+00:00,2332540,106,48,5,19
2025-05-03 19:24:00+00:00,2332540,101,46,5,19
2025-05-03 19:25:00+00:00,2332540,104,35,5,19
2025-05-03 19:26:00+00:00,2332540,109,35,5,19
2025-05-03 19:27:00+00:00,2332540,107,30,5,19
2025-05-03 19:28:00+00:00,2332540,115,30,5,19
2025-05-03 19:29:00+00:00,2332540,105,39,5,19
2025-05-03 19:30:00+00:00,2332540,104,43,5,19
2025-05-03 19:31:00+00:00,2332540,108,44,5,19
2025-05-03 19:32:00+00:00,2332540,107,41,5,19
2025-05-03 19:33:00+00:00,2332540,107,40,5,19
2025-05-03 19:34:00+00:00,2332540,107,33,5,19
2025-05-03 19:35:00+00:00,2332540,102,30,5,19
2025-05-03 19:36:00+00:00,2332540,90,31,5,19
2025-05-03 19:37:00+00:00,2332540,107,36,5,19
2025-05-03 19:38:00+00:00,2332540,117,43,5,19
2025-05-03 19:39:00+00:00,2332540,104,46,5,19
2025-05-03 19:40:00+00:00,2332540,103,50,5,19
2025-05-03 19:41:00+00:00,2332540,102,48,5,19
2025-05-03 19:42:00+00:00,2332540,104,41,5,19
2025-05-03 19:43:00+00:00,2332540,102,29,5,19
2025-05-03 19:44:00+00:00,2332540,100,33,5,19
2025-05-03 19:45:00+00:00,2332540,102,28,5,19
2025-05-03 19:46:00+00:00,2332540,108,36,5,19
2025-05-03 19:47:00+00:00,2332540,106,42,5,19
2025-05-03 19:48:00+00:00,2332540,111,50,5,19
2025-05-03 19:49:00+00:00,2332540,106,50,5,19
2025-05-03 19:50:00+00:00,2332540,110,58,5,19
2025-05-03 19:51:00+00:00,2332540,103,49,5,19
2025-05-03 19:52:00+00:00,2332540,109,52,5,19
2025-05-03 19:53:00+00:00,2332540,104,48,5,19
2025-05-03 19:54:00+00:00,2332540,103,45,5,19
2025-05-03 19:55:00+00:00,2332540,106,41,5,19
2025-05-03 19:56:00+00:00,2332540,108,43,5,19
2025-05-03 19:57:00+00:00,2332540,106,40,5,19
2025-05-03 19:58:00+00:00,2332540,104,45,5,19
2025-05-03 19:59:00+00:00,2332540,106,45,5,19
2025-05-03 20:00:00+00:00,2332540,105,40,5,20
2025-05-03 20:01:00+00:00,2332540,106,43,5,20
2025-05-03 20:02:00+00:00,2332540,102,42,5,20
2025-05-03 20:03:00+00:00,2332540,107,41,5,20
2025-05-03 20:04:00+00:00,2332540,112,44,5,20
2025-05-03 20:05:00+00:00,2332540,108,42,5,20
2025-05-03 20:06:00+00:00,2332540,111,40,5,20
2025-05-03 20:07:00+00:00,2332540,103,40,5,20
2025-05-03 20:08:00+00:00,2332540,102,37,5,20
2025-05-03 20:09:00+00:00,2332540,107,34,5,20
2025-05-03 20:10:00+00:00,2332540,104,33,5,20
2025-05-03 20:11:00+00:00,2332540,110,37,5,20
2025-05-03 20:12:00+00:00,2332540,112,37,5,20
2025-05-03 20:13:00+00:00,2332540,102,43,5,20
2025-05-03 20:14:00+00:00,2332540,99,42,5,20
2025-05-03 20:15:00+00:00,2332540,106,44,5,20
2025-05-03 20:16:00+00:00,2332540,106,44,5,20
2025-05-03 20:17:00+00:00,2332540,107,41,5,20
2025-05-03 20:18:00+00:00,2332540,113,43,5,20
2025-05-03 20:19:00+00:00,2332540,103,51,5,20
2025-05-03 20:20:00+00:00,2332540,109,53,5,20
2025-05-03 20:21:00+00:00,2332540,102,51,5,20
2025-05-03 20:22:00+00:00,2332540,102,52,5,20
2025-05-03 20:23:00+00:00,2332540,101,42,5,20
2025-05-03 20:24:00+00:00,2332540,103,38,5,20
2025-05-03 20:25:00+00:00,2332540,107,40,5,20
2025-05-03 20:26:00+00:00,2332540,107,38,5,20
2025-05-03 20:27:00+00:00,2332540,111,34,5,20
2025-05-03 20:28:00+00:00,2332540,110,40,5,20
2025-05-03 20:29:00+00:00,2332540,105,34,5,20
2025-05-03 20:30:00+00:00,2332540,99,34,5,20
2025-05-03 20:31:00+00:00,2332540,106,34,5,20
2025-05-03 20:32:00+00:00,2332540,108,37,5,20
2025-05-03 20:33:00+00:00,2332540,101,42,5,20
2025-05-03 20:34:00+00:00,2332540,104,48,5,20
2025-05-03 20:35:00+00:00,2332540,111,43,5,20
2025-05-03 20:36:00+00:00,2332540,115,49,5,20
2025-05-03 20:37:00+00:00,2332540,105,50,5,20
2025-05-03 20:38:00+00:00,2332540,102,46,5,20
2025-05-03 20:39:00+00:00,2332540,112,46,5,20
2025-05-03 20:40:00+00:00,2332540,110,49,5,20
2025-05-03 20:41:00+00:00,2332540,106,44,5,20
2025-05-03 20:42:00+00:00,2332540,109,39,5,20
2025-05-03 20:43:00+00:00,2332540,107,39,5,20
2025-05-03 20:44:00+00:00,2332540,106,37,5,20
2025-05-03 20:45:00+00:00,2332540,102,41,5,20
2025-05-03 20:46:00+00:00,2332540,107,45,5,20
2025-05-03 20:47:00+00:00,2332540,105,46,5,20
2025-05-03 20:48:00+00:00,2332540,108,44,5,20
2025-05-03 20:49:00+00:00,2332540,108,41,5,20
2025-05-03 20:50:00+00:00,2332540,111,43,5,20
2025-05-03 20:51:00+00:00,2332540,107,42,5,20
2025-05-03 20:52:00+00:00,2332540,102,40,5,20
2025-05-03 20:53:00+00:00,2332540,107,41,5,20
2025-05-03 20:54:00+00:00,2332540,111,42,5,20
2025-05-03 20:55:00+00:00,2332540,103,43,5,20
2025-05-03 20:56:00+00:00,2332540,111,48,5,20
2025-05-03 20:57:00+00:00,2332540,110,52,5,20
2025-05-03 20:58:00+00:00,2332540,108,50,5,20
2025-05-03 20:59:00+00:00,2332540,108,47,5,20
2025-05-03 21:00:00+00:00,2332540,108,41,5,21
2025-05-03 21:01:00+00:00,2332540,116,42,5,21
2025-05-03 21:02:00+00:00,2332540,116,40,5,21
2025-05-03 21:03:00+00:00,2332540,111,33,5,21
2025-05-03 21:04:00+00:00,2332540,103,34,5,21
2025-05-03 21:05:00+00:00,2332540,110,37,5,21
2025-05-03 21:06:00+00:00,2332540,111,32,5,21
2025-05-03 21:07:00+00:00,2332540,106,34,5,21
2025-05-03 21:08:00+00:00,2332540,109,42,5,21
2025-05-03 21:09:00+00:00,2332540,110,40,5,21
2025-05-03 21:10:00+00:00,2332540,111,43,5,21
2025-05-03 21:11:00+00:00,2332540,107,40,5,21
2025-05-03 21:12:00+00:00,2332540,110,37,5,21
2025-05-03 21:13:00+00:00,2332540,116,36,5,21
2025-05-03 21:14:00+00:00,2332540,107,35,5,21
2025-05-03 21:15:00+00:00,2332540,108,33,5,21
2025-05-03 21:16:00+00:00,2332540,107,34,5,21
2025-05-03 21:17:00+00:00,2332540,109,39,5,21
2025-05-03 21:18:00+00:00,2332540,104,43,5,21
2025-05-03 21:19:00+00:00,2332540,104,45,5,21
2025-05-03 21:20:00+00:00,2332540,105,47,5,21
2025-05-03 21:21:00+00:00,2332540,110,50,5,21
2025-05-03 21:22:00+00:00,2332540,106,42,5,21
2025-05-03 21:23:00+00:00,2332540,111,38,5,21
2025-05-03 21:24:00+00:00,2332540,111,35,5,21
2025-05-03 21:25:00+00:00,2332540,113,34,5,21
2025-05-03 21:26:00+00:00,2332540,111,35,5,21
2025-05-03 21:27:00+00:00,2332540,115,42,5,21
2025-05-03 21:28:00+00:00,2332540,111,36,5,21
2025-05-03 21:29:00+00:00,2332540,105,38,5,21
2025-05-03 21:30:00+00:00,2332540,108,38,5,21
2025-05-03 21:31:00+00:00,2332540,107,35,5,21
2025-05-03 21:32:00+00:00,2332540,103,34,5,21
2025-05-03 21:33:00+00:00,2332540,106,36,5,21
2025-05-03 21:34:00+00:00,2332540,104,42,5,21
2025-05-03 21:35:00+00:00,2332540,108,44,5,21
2025-05-03 21:36:00+00:00,2332540,110,40,5,21
2025-05-03 21:37:00+00:00,2332540,115,43,5,21
